182453,Acer campestre,ForestDryPoor
182454,Acer campestre,ForestDryPoor
182455,Acer campestre,ForestDryPoor
182456,Acer campestre,ForestDryPoor
182457,Acer campestre,ForestDryPoor
182458,Acer campestre,ForestDryPoor
182459,Acer campestre,ForestDryPoor
182460,Acer campestre,ForestDryPoor
182461,Acer campestre,ForestDryPoor
182462,Acer campestre,ForestDryPoor
182463,Acer campestre,ForestDryPoor
182464,Acer campestre,ForestDryPoor
182465,Acer campestre,ForestDryPoor
182466,Acer campestre,ForestDryPoor
182467,Acer campestre,ForestDryPoor
182468,Acer campestre,ForestDryPoor
182469,Acer campestre,ForestDryPoor
182470,Acer campestre,ForestDryPoor
182471,Acer campestre,ForestDryPoor
182472,Acer campestre,ForestDryPoor
183052,Acer campestre,ForestDryPoor
183053,Acer campestre,ForestDryPoor
183054,Acer campestre,ForestDryPoor
183055,Acer campestre,ForestDryPoor
183056,Acer campestre,ForestDryPoor
183057,Acer campestre,ForestDryPoor
183058,Acer campestre,ForestDryPoor
183059,Acer campestre,ForestDryPoor
183060,Acer campestre,ForestDryPoor
183061,Acer campestre,ForestDryPoor
183062,Acer campestre,ForestDryPoor
183063,Acer campestre,ForestDryPoor
183064,Acer campestre,ForestDryPoor
183065,Acer campestre,ForestDryPoor
183066,Acer campestre,ForestDryPoor
183067,Acer campestre,ForestDryPoor
183068,Acer campestre,ForestDryPoor
183069,Acer campestre,ForestDryPoor
183070,Acer campestre,ForestDryPoor
183071,Acer campestre,ForestDryPoor
183651,Acer campestre,ForestDryPoor
183652,Acer campestre,ForestDryPoor
183653,Acer campestre,ForestDryPoor
183654,Acer campestre,ForestDryPoor
183655,Acer campestre,ForestDryPoor
183656,Acer campestre,ForestDryPoor
183657,Acer campestre,ForestDryPoor
183658,Acer campestre,ForestDryPoor
183659,Acer campestre,ForestDryPoor
183660,Acer campestre,ForestDryPoor
183661,Acer campestre,ForestDryPoor
183662,Acer campestre,ForestDryPoor
183663,Acer campestre,ForestDryPoor
183664,Acer campestre,ForestDryPoor
183665,Acer campestre,ForestDryPoor
183666,Acer campestre,ForestDryPoor
183667,Acer campestre,ForestDryPoor
183668,Acer campestre,ForestDryPoor
183669,Acer campestre,ForestDryPoor
183670,Acer campestre,ForestDryPoor
184250,Acer campestre,ForestDryPoor
184251,Acer campestre,ForestDryPoor
184252,Acer campestre,ForestDryPoor
184253,Acer campestre,ForestDryPoor
184254,Acer campestre,ForestDryPoor
184255,Acer campestre,ForestDryPoor
184256,Acer campestre,ForestDryPoor
184257,Acer campestre,ForestDryPoor
184258,Acer campestre,ForestDryPoor
184259,Acer campestre,ForestDryPoor
184260,Acer campestre,ForestDryPoor
184261,Acer campestre,ForestDryPoor
184262,Acer campestre,ForestDryPoor
184263,Acer campestre,ForestDryPoor
184264,Acer campestre,ForestDryPoor
184265,Acer campestre,ForestDryPoor
184266,Acer campestre,ForestDryPoor
184267,Acer campestre,ForestDryPoor
184268,Acer campestre,ForestDryPoor
184269,Acer campestre,ForestDryPoor
184849,Acer campestre,ForestDryPoor
184850,Acer campestre,ForestDryPoor
184851,Acer campestre,ForestDryPoor
184852,Acer campestre,ForestDryPoor
184853,Acer campestre,ForestDryPoor
184854,Acer campestre,ForestDryPoor
184855,Acer campestre,ForestDryPoor
184856,Acer campestre,ForestDryPoor
184857,Acer campestre,ForestDryPoor
184858,Acer campestre,ForestDryPoor
184859,Acer campestre,ForestDryPoor
184860,Acer campestre,ForestDryPoor
184861,Acer campestre,ForestDryPoor
184862,Acer campestre,ForestDryPoor
184863,Acer campestre,ForestDryPoor
184864,Acer campestre,ForestDryPoor
184865,Acer campestre,ForestDryPoor
184866,Acer campestre,ForestDryPoor
184867,Acer campestre,ForestDryPoor
184868,Acer campestre,ForestDryPoor
185448,Acer campestre,ForestDryPoor
185449,Acer campestre,ForestDryPoor
185450,Acer campestre,ForestDryPoor
185451,Acer campestre,ForestDryPoor
185452,Acer campestre,ForestDryPoor
185453,Acer campestre,ForestDryPoor
185454,Acer campestre,ForestDryPoor
185455,Acer campestre,ForestDryPoor
185456,Acer campestre,ForestDryPoor
185457,Acer campestre,ForestDryPoor
185458,Acer campestre,ForestDryPoor
185459,Acer campestre,ForestDryPoor
185460,Acer campestre,ForestDryPoor
185461,Acer campestre,ForestDryPoor
185462,Acer campestre,ForestDryPoor
185463,Acer campestre,ForestDryPoor
185464,Acer campestre,ForestDryPoor
185465,Acer campestre,ForestDryPoor
185466,Acer campestre,ForestDryPoor
185467,Acer campestre,ForestDryPoor
186047,Acer campestre,ForestDryPoor
186048,Acer campestre,ForestDryPoor
186049,Acer campestre,ForestDryPoor
186050,Acer campestre,ForestDryPoor
186051,Acer campestre,ForestDryPoor
186052,Acer campestre,ForestDryPoor
186053,Acer campestre,ForestDryPoor
186054,Acer campestre,ForestDryPoor
186055,Acer campestre,ForestDryPoor
186056,Acer campestre,ForestDryPoor
186057,Acer campestre,ForestDryPoor
186058,Acer campestre,ForestDryPoor
186059,Acer campestre,ForestDryPoor
186060,Acer campestre,ForestDryPoor
186061,Acer campestre,ForestDryPoor
186062,Acer campestre,ForestDryPoor
186063,Acer campestre,ForestDryPoor
186064,Acer campestre,ForestDryPoor
186065,Acer campestre,ForestDryPoor
186066,Acer campestre,ForestDryPoor
186646,Acer campestre,ForestDryPoor
186647,Acer campestre,ForestDryPoor
186648,Acer campestre,ForestDryPoor
186649,Acer campestre,ForestDryPoor
186650,Acer campestre,ForestDryPoor
186651,Acer campestre,ForestDryPoor
186652,Acer campestre,ForestDryPoor
186653,Acer campestre,ForestDryPoor
186654,Acer campestre,ForestDryPoor
186655,Acer campestre,ForestDryPoor
186656,Acer campestre,ForestDryPoor
186657,Acer campestre,ForestDryPoor
186658,Acer campestre,ForestDryPoor
186659,Acer campestre,ForestDryPoor
186660,Acer campestre,ForestDryPoor
186661,Acer campestre,ForestDryPoor
186662,Acer campestre,ForestDryPoor
186663,Acer campestre,ForestDryPoor
186664,Acer campestre,ForestDryPoor
186665,Acer campestre,ForestDryPoor
187245,Acer campestre,ForestDryPoor
187246,Acer campestre,ForestDryPoor
187247,Acer campestre,ForestDryPoor
187248,Acer campestre,ForestDryPoor
187249,Acer campestre,ForestDryPoor
187250,Acer campestre,ForestDryPoor
187251,Acer campestre,ForestDryPoor
187252,Acer campestre,ForestDryPoor
187253,Acer campestre,ForestDryPoor
187254,Acer campestre,ForestDryPoor
187255,Acer campestre,ForestDryPoor
187256,Acer campestre,ForestDryPoor
187257,Acer campestre,ForestDryPoor
187258,Acer campestre,ForestDryPoor
187259,Acer campestre,ForestDryPoor
187260,Acer campestre,ForestDryPoor
187261,Acer campestre,ForestDryPoor
187262,Acer campestre,ForestDryPoor
187263,Acer campestre,ForestDryPoor
187264,Acer campestre,ForestDryPoor
187844,Acer campestre,ForestDryPoor
187845,Acer campestre,ForestDryPoor
187846,Acer campestre,ForestDryPoor
187847,Acer campestre,ForestDryPoor
187848,Acer campestre,ForestDryPoor
187849,Acer campestre,ForestDryPoor
187850,Acer campestre,ForestDryPoor
187851,Acer campestre,ForestDryPoor
187852,Acer campestre,ForestDryPoor
187853,Acer campestre,ForestDryPoor
187854,Acer campestre,ForestDryPoor
187855,Acer campestre,ForestDryPoor
187856,Acer campestre,ForestDryPoor
187857,Acer campestre,ForestDryPoor
187858,Acer campestre,ForestDryPoor
187859,Acer campestre,ForestDryPoor
187860,Acer campestre,ForestDryPoor
187861,Acer campestre,ForestDryPoor
187862,Acer campestre,ForestDryPoor
187863,Acer campestre,ForestDryPoor
188443,Acer campestre,ForestDryPoor
188444,Acer campestre,ForestDryPoor
188445,Acer campestre,ForestDryPoor
188446,Acer campestre,ForestDryPoor
188447,Acer campestre,ForestDryPoor
188448,Acer campestre,ForestDryPoor
188449,Acer campestre,ForestDryPoor
188450,Acer campestre,ForestDryPoor
188451,Acer campestre,ForestDryPoor
188452,Acer campestre,ForestDryPoor
188453,Acer campestre,ForestDryPoor
188454,Acer campestre,ForestDryPoor
188455,Acer campestre,ForestDryPoor
188456,Acer campestre,ForestDryPoor
188457,Acer campestre,ForestDryPoor
188458,Acer campestre,ForestDryPoor
188459,Acer campestre,ForestDryPoor
188460,Acer campestre,ForestDryPoor
188461,Acer campestre,ForestDryPoor
188462,Acer campestre,ForestDryPoor
189042,Acer campestre,ForestDryPoor
189043,Acer campestre,ForestDryPoor
189044,Acer campestre,ForestDryPoor
189045,Acer campestre,ForestDryPoor
189046,Acer campestre,ForestDryPoor
189047,Acer campestre,ForestDryPoor
189048,Acer campestre,ForestDryPoor
189049,Acer campestre,ForestDryPoor
189050,Acer campestre,ForestDryPoor
189051,Acer campestre,ForestDryPoor
189052,Acer campestre,ForestDryPoor
189053,Acer campestre,ForestDryPoor
189054,Acer campestre,ForestDryPoor
189055,Acer campestre,ForestDryPoor
189056,Acer campestre,ForestDryPoor
189057,Acer campestre,ForestDryPoor
189058,Acer campestre,ForestDryPoor
189059,Acer campestre,ForestDryPoor
189060,Acer campestre,ForestDryPoor
189061,Acer campestre,ForestDryPoor
189641,Acer campestre,ForestDryPoor
189642,Acer campestre,ForestDryPoor
189643,Acer campestre,ForestDryPoor
189644,Acer campestre,ForestDryPoor
189645,Acer campestre,ForestDryPoor
189646,Acer campestre,ForestDryPoor
189647,Acer campestre,ForestDryPoor
189648,Acer campestre,ForestDryPoor
189649,Acer campestre,ForestDryPoor
189650,Acer campestre,ForestDryPoor
189651,Acer campestre,ForestDryPoor
189652,Acer campestre,ForestDryPoor
189653,Acer campestre,ForestDryPoor
189654,Acer campestre,ForestDryPoor
189655,Acer campestre,ForestDryPoor
189656,Acer campestre,ForestDryPoor
189657,Acer campestre,ForestDryPoor
189658,Acer campestre,ForestDryPoor
189659,Acer campestre,ForestDryPoor
189660,Acer campestre,ForestDryPoor
190240,Acer campestre,ForestDryPoor
190241,Acer campestre,ForestDryPoor
190242,Acer campestre,ForestDryPoor
190243,Acer campestre,ForestDryPoor
190244,Acer campestre,ForestDryPoor
190245,Acer campestre,ForestDryPoor
190246,Acer campestre,ForestDryPoor
190247,Acer campestre,ForestDryPoor
190248,Acer campestre,ForestDryPoor
190249,Acer campestre,ForestDryPoor
190250,Acer campestre,ForestDryPoor
190251,Acer campestre,ForestDryPoor
190252,Acer campestre,ForestDryPoor
190253,Acer campestre,ForestDryPoor
190254,Acer campestre,ForestDryPoor
190255,Acer campestre,ForestDryPoor
190256,Acer campestre,ForestDryPoor
190257,Acer campestre,ForestDryPoor
190258,Acer campestre,ForestDryPoor
190259,Acer campestre,ForestDryPoor
190839,Acer campestre,ForestDryPoor
190840,Acer campestre,ForestDryPoor
190841,Acer campestre,ForestDryPoor
190842,Acer campestre,ForestDryPoor
190843,Acer campestre,ForestDryPoor
190844,Acer campestre,ForestDryPoor
190845,Acer campestre,ForestDryPoor
190846,Acer campestre,ForestDryPoor
190847,Acer campestre,ForestDryPoor
190848,Acer campestre,ForestDryPoor
190849,Acer campestre,ForestDryPoor
190850,Acer campestre,ForestDryPoor
190851,Acer campestre,ForestDryPoor
190852,Acer campestre,ForestDryPoor
190853,Acer campestre,ForestDryPoor
190854,Acer campestre,ForestDryPoor
190855,Acer campestre,ForestDryPoor
190856,Acer campestre,ForestDryPoor
190857,Acer campestre,ForestDryPoor
190858,Acer campestre,ForestDryPoor
191438,Acer campestre,ForestDryPoor
191439,Acer campestre,ForestDryPoor
191440,Acer campestre,ForestDryPoor
191441,Acer campestre,ForestDryPoor
191442,Acer campestre,ForestDryPoor
191443,Acer campestre,ForestDryPoor
191444,Acer campestre,ForestDryPoor
191445,Acer campestre,ForestDryPoor
191446,Acer campestre,ForestDryPoor
191447,Acer campestre,ForestDryPoor
191448,Acer campestre,ForestDryPoor
191449,Acer campestre,ForestDryPoor
191450,Acer campestre,ForestDryPoor
191451,Acer campestre,ForestDryPoor
191452,Acer campestre,ForestDryPoor
191453,Acer campestre,ForestDryPoor
191454,Acer campestre,ForestDryPoor
191455,Acer campestre,ForestDryPoor
191456,Acer campestre,ForestDryPoor
191457,Acer campestre,ForestDryPoor
192037,Acer campestre,ForestDryPoor
192038,Acer campestre,ForestDryPoor
192039,Acer campestre,ForestDryPoor
192040,Acer campestre,ForestDryPoor
192041,Acer campestre,ForestDryPoor
192042,Acer campestre,ForestDryPoor
192043,Acer campestre,ForestDryPoor
192044,Acer campestre,ForestDryPoor
192045,Acer campestre,ForestDryPoor
192046,Acer campestre,ForestDryPoor
192047,Acer campestre,ForestDryPoor
192048,Acer campestre,ForestDryPoor
192049,Acer campestre,ForestDryPoor
192050,Acer campestre,ForestDryPoor
192051,Acer campestre,ForestDryPoor
192052,Acer campestre,ForestDryPoor
192053,Acer campestre,ForestDryPoor
192054,Acer campestre,ForestDryPoor
192055,Acer campestre,ForestDryPoor
192056,Acer campestre,ForestDryPoor
192636,Acer campestre,ForestDryPoor
192637,Acer campestre,ForestDryPoor
192638,Acer campestre,ForestDryPoor
192639,Acer campestre,ForestDryPoor
192640,Acer campestre,ForestDryPoor
192641,Acer campestre,ForestDryPoor
192642,Acer campestre,ForestDryPoor
192643,Acer campestre,ForestDryPoor
192644,Acer campestre,ForestDryPoor
192645,Acer campestre,ForestDryPoor
192646,Acer campestre,ForestDryPoor
192647,Acer campestre,ForestDryPoor
192648,Acer campestre,ForestDryPoor
192649,Acer campestre,ForestDryPoor
192650,Acer campestre,ForestDryPoor
192651,Acer campestre,ForestDryPoor
192652,Acer campestre,ForestDryPoor
192653,Acer campestre,ForestDryPoor
192654,Acer campestre,ForestDryPoor
192655,Acer campestre,ForestDryPoor
193235,Acer campestre,ForestDryPoor
193236,Acer campestre,ForestDryPoor
193237,Acer campestre,ForestDryPoor
193238,Acer campestre,ForestDryPoor
193239,Acer campestre,ForestDryPoor
193240,Acer campestre,ForestDryPoor
193241,Acer campestre,ForestDryPoor
193242,Acer campestre,ForestDryPoor
193243,Acer campestre,ForestDryPoor
193244,Acer campestre,ForestDryPoor
193245,Acer campestre,ForestDryPoor
193246,Acer campestre,ForestDryPoor
193247,Acer campestre,ForestDryPoor
193248,Acer campestre,ForestDryPoor
193249,Acer campestre,ForestDryPoor
193250,Acer campestre,ForestDryPoor
193251,Acer campestre,ForestDryPoor
193252,Acer campestre,ForestDryPoor
193253,Acer campestre,ForestDryPoor
193254,Acer campestre,ForestDryPoor
193834,Acer campestre,ForestDryPoor
193835,Acer campestre,ForestDryPoor
193836,Acer campestre,ForestDryPoor
193837,Acer campestre,ForestDryPoor
193838,Acer campestre,ForestDryPoor
193839,Acer campestre,ForestDryPoor
193840,Acer campestre,ForestDryPoor
193841,Acer campestre,ForestDryPoor
193842,Acer campestre,ForestDryPoor
193843,Acer campestre,ForestDryPoor
193844,Acer campestre,ForestDryPoor
193845,Acer campestre,ForestDryPoor
193846,Acer campestre,ForestDryPoor
193847,Acer campestre,ForestDryPoor
193848,Acer campestre,ForestDryPoor
193849,Acer campestre,ForestDryPoor
193850,Acer campestre,ForestDryPoor
193851,Acer campestre,ForestDryPoor
193852,Acer campestre,ForestDryPoor
193853,Acer campestre,ForestDryPoor
302053,Acer campestre,ForestDryPoor
302054,Acer campestre,ForestDryPoor
302055,Acer campestre,ForestDryPoor
302056,Acer campestre,ForestDryPoor
302057,Acer campestre,ForestDryPoor
302058,Acer campestre,ForestDryPoor
302059,Acer campestre,ForestDryPoor
302060,Acer campestre,ForestDryPoor
302061,Acer campestre,ForestDryPoor
302062,Acer campestre,ForestDryPoor
302063,Acer campestre,ForestDryPoor
302064,Acer campestre,ForestDryPoor
302065,Acer campestre,ForestDryPoor
302066,Acer campestre,ForestDryPoor
302067,Acer campestre,ForestDryPoor
302068,Acer campestre,ForestDryPoor
302069,Acer campestre,ForestDryPoor
302070,Acer campestre,ForestDryPoor
302071,Acer campestre,ForestDryPoor
302072,Acer campestre,ForestDryPoor
302652,Acer campestre,ForestDryPoor
302653,Acer campestre,ForestDryPoor
302654,Acer campestre,ForestDryPoor
302655,Acer campestre,ForestDryPoor
302656,Acer campestre,ForestDryPoor
302657,Acer campestre,ForestDryPoor
302658,Acer campestre,ForestDryPoor
302659,Acer campestre,ForestDryPoor
302660,Acer campestre,ForestDryPoor
302661,Acer campestre,ForestDryPoor
302662,Acer campestre,ForestDryPoor
302663,Acer campestre,ForestDryPoor
302664,Acer campestre,ForestDryPoor
302665,Acer campestre,ForestDryPoor
302666,Acer campestre,ForestDryPoor
302667,Acer campestre,ForestDryPoor
302668,Acer campestre,ForestDryPoor
302669,Acer campestre,ForestDryPoor
302670,Acer campestre,ForestDryPoor
302671,Acer campestre,ForestDryPoor
303251,Acer campestre,ForestDryPoor
303252,Acer campestre,ForestDryPoor
303253,Acer campestre,ForestDryPoor
303254,Acer campestre,ForestDryPoor
303255,Acer campestre,ForestDryPoor
303256,Acer campestre,ForestDryPoor
303257,Acer campestre,ForestDryPoor
303258,Acer campestre,ForestDryPoor
303259,Acer campestre,ForestDryPoor
303260,Acer campestre,ForestDryPoor
303261,Acer campestre,ForestDryPoor
303262,Acer campestre,ForestDryPoor
303263,Acer campestre,ForestDryPoor
303264,Acer campestre,ForestDryPoor
303265,Acer campestre,ForestDryPoor
303266,Acer campestre,ForestDryPoor
303267,Acer campestre,ForestDryPoor
303268,Acer campestre,ForestDryPoor
303269,Acer campestre,ForestDryPoor
303270,Acer campestre,ForestDryPoor
303850,Acer campestre,ForestDryPoor
303851,Acer campestre,ForestDryPoor
303852,Acer campestre,ForestDryPoor
303853,Acer campestre,ForestDryPoor
303854,Acer campestre,ForestDryPoor
303855,Acer campestre,ForestDryPoor
303856,Acer campestre,ForestDryPoor
303857,Acer campestre,ForestDryPoor
303858,Acer campestre,ForestDryPoor
303859,Acer campestre,ForestDryPoor
303860,Acer campestre,ForestDryPoor
303861,Acer campestre,ForestDryPoor
303862,Acer campestre,ForestDryPoor
303863,Acer campestre,ForestDryPoor
303864,Acer campestre,ForestDryPoor
303865,Acer campestre,ForestDryPoor
303866,Acer campestre,ForestDryPoor
303867,Acer campestre,ForestDryPoor
303868,Acer campestre,ForestDryPoor
303869,Acer campestre,ForestDryPoor
304449,Acer campestre,ForestDryPoor
304450,Acer campestre,ForestDryPoor
304451,Acer campestre,ForestDryPoor
304452,Acer campestre,ForestDryPoor
304453,Acer campestre,ForestDryPoor
304454,Acer campestre,ForestDryPoor
304455,Acer campestre,ForestDryPoor
304456,Acer campestre,ForestDryPoor
304457,Acer campestre,ForestDryPoor
304458,Acer campestre,ForestDryPoor
304459,Acer campestre,ForestDryPoor
304460,Acer campestre,ForestDryPoor
304461,Acer campestre,ForestDryPoor
304462,Acer campestre,ForestDryPoor
304463,Acer campestre,ForestDryPoor
304464,Acer campestre,ForestDryPoor
304465,Acer campestre,ForestDryPoor
304466,Acer campestre,ForestDryPoor
304467,Acer campestre,ForestDryPoor
304468,Acer campestre,ForestDryPoor
305048,Acer campestre,ForestDryPoor
305049,Acer campestre,ForestDryPoor
305050,Acer campestre,ForestDryPoor
305051,Acer campestre,ForestDryPoor
305052,Acer campestre,ForestDryPoor
305053,Acer campestre,ForestDryPoor
305054,Acer campestre,ForestDryPoor
305055,Acer campestre,ForestDryPoor
305056,Acer campestre,ForestDryPoor
305057,Acer campestre,ForestDryPoor
305058,Acer campestre,ForestDryPoor
305059,Acer campestre,ForestDryPoor
305060,Acer campestre,ForestDryPoor
305061,Acer campestre,ForestDryPoor
305062,Acer campestre,ForestDryPoor
305063,Acer campestre,ForestDryPoor
305064,Acer campestre,ForestDryPoor
305065,Acer campestre,ForestDryPoor
305066,Acer campestre,ForestDryPoor
305067,Acer campestre,ForestDryPoor
305647,Acer campestre,ForestDryPoor
305648,Acer campestre,ForestDryPoor
305649,Acer campestre,ForestDryPoor
305650,Acer campestre,ForestDryPoor
305651,Acer campestre,ForestDryPoor
305652,Acer campestre,ForestDryPoor
305653,Acer campestre,ForestDryPoor
305654,Acer campestre,ForestDryPoor
305655,Acer campestre,ForestDryPoor
305656,Acer campestre,ForestDryPoor
305657,Acer campestre,ForestDryPoor
305658,Acer campestre,ForestDryPoor
305659,Acer campestre,ForestDryPoor
305660,Acer campestre,ForestDryPoor
305661,Acer campestre,ForestDryPoor
305662,Acer campestre,ForestDryPoor
305663,Acer campestre,ForestDryPoor
305664,Acer campestre,ForestDryPoor
305665,Acer campestre,ForestDryPoor
305666,Acer campestre,ForestDryPoor
306246,Acer campestre,ForestDryPoor
306247,Acer campestre,ForestDryPoor
306248,Acer campestre,ForestDryPoor
306249,Acer campestre,ForestDryPoor
306250,Acer campestre,ForestDryPoor
306251,Acer campestre,ForestDryPoor
306252,Acer campestre,ForestDryPoor
306253,Acer campestre,ForestDryPoor
306254,Acer campestre,ForestDryPoor
306255,Acer campestre,ForestDryPoor
306256,Acer campestre,ForestDryPoor
306257,Acer campestre,ForestDryPoor
306258,Acer campestre,ForestDryPoor
306259,Acer campestre,ForestDryPoor
306260,Acer campestre,ForestDryPoor
306261,Acer campestre,ForestDryPoor
306262,Acer campestre,ForestDryPoor
306263,Acer campestre,ForestDryPoor
306264,Acer campestre,ForestDryPoor
306845,Acer campestre,ForestDryPoor
306846,Acer campestre,ForestDryPoor
306847,Acer campestre,ForestDryPoor
306848,Acer campestre,ForestDryPoor
306849,Acer campestre,ForestDryPoor
306850,Acer campestre,ForestDryPoor
306851,Acer campestre,ForestDryPoor
306852,Acer campestre,ForestDryPoor
306853,Acer campestre,ForestDryPoor
306854,Acer campestre,ForestDryPoor
306855,Acer campestre,ForestDryPoor
306856,Acer campestre,ForestDryPoor
306857,Acer campestre,ForestDryPoor
306858,Acer campestre,ForestDryPoor
306859,Acer campestre,ForestDryPoor
306860,Acer campestre,ForestDryPoor
306861,Acer campestre,ForestDryPoor
307444,Acer campestre,ForestDryPoor
307445,Acer campestre,ForestDryPoor
307446,Acer campestre,ForestDryPoor
307447,Acer campestre,ForestDryPoor
307448,Acer campestre,ForestDryPoor
307449,Acer campestre,ForestDryPoor
307450,Acer campestre,ForestDryPoor
307451,Acer campestre,ForestDryPoor
307452,Acer campestre,ForestDryPoor
307453,Acer campestre,ForestDryPoor
307454,Acer campestre,ForestDryPoor
307455,Acer campestre,ForestDryPoor
307456,Acer campestre,ForestDryPoor
307457,Acer campestre,ForestDryPoor
307458,Acer campestre,ForestDryPoor
307459,Acer campestre,ForestDryPoor
308043,Acer campestre,ForestDryPoor
308044,Acer campestre,ForestDryPoor
308045,Acer campestre,ForestDryPoor
308046,Acer campestre,ForestDryPoor
308047,Acer campestre,ForestDryPoor
308048,Acer campestre,ForestDryPoor
308049,Acer campestre,ForestDryPoor
308050,Acer campestre,ForestDryPoor
308051,Acer campestre,ForestDryPoor
308052,Acer campestre,ForestDryPoor
308053,Acer campestre,ForestDryPoor
308054,Acer campestre,ForestDryPoor
308055,Acer campestre,ForestDryPoor
308056,Acer campestre,ForestDryPoor
308642,Acer campestre,ForestDryPoor
308643,Acer campestre,ForestDryPoor
308644,Acer campestre,ForestDryPoor
308645,Acer campestre,ForestDryPoor
308646,Acer campestre,ForestDryPoor
308647,Acer campestre,ForestDryPoor
308648,Acer campestre,ForestDryPoor
308649,Acer campestre,ForestDryPoor
308650,Acer campestre,ForestDryPoor
308651,Acer campestre,ForestDryPoor
308652,Acer campestre,ForestDryPoor
309241,Acer campestre,ForestDryPoor
309242,Acer campestre,ForestDryPoor
309243,Acer campestre,ForestDryPoor
309244,Acer campestre,ForestDryPoor
309245,Acer campestre,ForestDryPoor
309246,Acer campestre,ForestDryPoor
309247,Acer campestre,ForestDryPoor
309248,Acer campestre,ForestDryPoor
309249,Acer campestre,ForestDryPoor
309840,Acer campestre,ForestDryPoor
309841,Acer campestre,ForestDryPoor
309842,Acer campestre,ForestDryPoor
309843,Acer campestre,ForestDryPoor
309844,Acer campestre,ForestDryPoor
310439,Acer campestre,ForestDryPoor
182453,Acer campestre,ForestDryPoor
182454,Acer campestre,ForestDryPoor
182455,Acer campestre,ForestDryPoor
183052,Acer campestre,ForestDryPoor
183053,Acer campestre,ForestDryPoor
