74513,Brachythecium rutabulum,ForestDryPoor
74514,Brachythecium rutabulum,ForestDryPoor
74515,Brachythecium rutabulum,ForestDryPoor
74516,Brachythecium rutabulum,ForestDryPoor
74517,Brachythecium rutabulum,ForestDryPoor
74518,Brachythecium rutabulum,ForestDryPoor
74519,Brachythecium rutabulum,ForestDryPoor
74520,Brachythecium rutabulum,ForestDryPoor
74521,Brachythecium rutabulum,ForestDryPoor
74522,Brachythecium rutabulum,ForestDryPoor
74523,Brachythecium rutabulum,ForestDryPoor
74524,Brachythecium rutabulum,ForestDryPoor
74525,Brachythecium rutabulum,ForestDryPoor
74526,Brachythecium rutabulum,ForestDryPoor
74527,Brachythecium rutabulum,ForestDryPoor
74528,Brachythecium rutabulum,ForestDryPoor
74529,Brachythecium rutabulum,ForestDryPoor
74530,Brachythecium rutabulum,ForestDryPoor
74531,Brachythecium rutabulum,ForestDryPoor
74532,Brachythecium rutabulum,ForestDryPoor
75112,Brachythecium rutabulum,ForestDryPoor
75113,Brachythecium rutabulum,ForestDryPoor
75114,Brachythecium rutabulum,ForestDryPoor
75115,Brachythecium rutabulum,ForestDryPoor
75116,Brachythecium rutabulum,ForestDryPoor
75117,Brachythecium rutabulum,ForestDryPoor
75118,Brachythecium rutabulum,ForestDryPoor
75119,Brachythecium rutabulum,ForestDryPoor
75120,Brachythecium rutabulum,ForestDryPoor
75121,Brachythecium rutabulum,ForestDryPoor
75122,Brachythecium rutabulum,ForestDryPoor
75123,Brachythecium rutabulum,ForestDryPoor
75124,Brachythecium rutabulum,ForestDryPoor
75125,Brachythecium rutabulum,ForestDryPoor
75126,Brachythecium rutabulum,ForestDryPoor
75127,Brachythecium rutabulum,ForestDryPoor
75128,Brachythecium rutabulum,ForestDryPoor
75129,Brachythecium rutabulum,ForestDryPoor
75130,Brachythecium rutabulum,ForestDryPoor
75131,Brachythecium rutabulum,ForestDryPoor
75711,Brachythecium rutabulum,ForestDryPoor
75712,Brachythecium rutabulum,ForestDryPoor
75713,Brachythecium rutabulum,ForestDryPoor
75714,Brachythecium rutabulum,ForestDryPoor
75715,Brachythecium rutabulum,ForestDryPoor
75716,Brachythecium rutabulum,ForestDryPoor
75717,Brachythecium rutabulum,ForestDryPoor
75718,Brachythecium rutabulum,ForestDryPoor
75719,Brachythecium rutabulum,ForestDryPoor
75720,Brachythecium rutabulum,ForestDryPoor
75721,Brachythecium rutabulum,ForestDryPoor
75722,Brachythecium rutabulum,ForestDryPoor
75723,Brachythecium rutabulum,ForestDryPoor
75724,Brachythecium rutabulum,ForestDryPoor
75725,Brachythecium rutabulum,ForestDryPoor
75726,Brachythecium rutabulum,ForestDryPoor
75727,Brachythecium rutabulum,ForestDryPoor
75728,Brachythecium rutabulum,ForestDryPoor
75729,Brachythecium rutabulum,ForestDryPoor
75730,Brachythecium rutabulum,ForestDryPoor
76310,Brachythecium rutabulum,ForestDryPoor
76311,Brachythecium rutabulum,ForestDryPoor
76312,Brachythecium rutabulum,ForestDryPoor
76313,Brachythecium rutabulum,ForestDryPoor
76314,Brachythecium rutabulum,ForestDryPoor
76315,Brachythecium rutabulum,ForestDryPoor
76316,Brachythecium rutabulum,ForestDryPoor
76317,Brachythecium rutabulum,ForestDryPoor
76318,Brachythecium rutabulum,ForestDryPoor
76319,Brachythecium rutabulum,ForestDryPoor
76320,Brachythecium rutabulum,ForestDryPoor
76321,Brachythecium rutabulum,ForestDryPoor
76322,Brachythecium rutabulum,ForestDryPoor
76323,Brachythecium rutabulum,ForestDryPoor
76324,Brachythecium rutabulum,ForestDryPoor
76325,Brachythecium rutabulum,ForestDryPoor
76326,Brachythecium rutabulum,ForestDryPoor
76327,Brachythecium rutabulum,ForestDryPoor
76328,Brachythecium rutabulum,ForestDryPoor
76329,Brachythecium rutabulum,ForestDryPoor
76909,Brachythecium rutabulum,ForestDryPoor
76910,Brachythecium rutabulum,ForestDryPoor
76911,Brachythecium rutabulum,ForestDryPoor
76912,Brachythecium rutabulum,ForestDryPoor
76913,Brachythecium rutabulum,ForestDryPoor
76914,Brachythecium rutabulum,ForestDryPoor
76915,Brachythecium rutabulum,ForestDryPoor
76916,Brachythecium rutabulum,ForestDryPoor
76917,Brachythecium rutabulum,ForestDryPoor
76918,Brachythecium rutabulum,ForestDryPoor
76919,Brachythecium rutabulum,ForestDryPoor
76920,Brachythecium rutabulum,ForestDryPoor
76921,Brachythecium rutabulum,ForestDryPoor
76922,Brachythecium rutabulum,ForestDryPoor
76923,Brachythecium rutabulum,ForestDryPoor
76924,Brachythecium rutabulum,ForestDryPoor
76925,Brachythecium rutabulum,ForestDryPoor
76926,Brachythecium rutabulum,ForestDryPoor
76927,Brachythecium rutabulum,ForestDryPoor
76928,Brachythecium rutabulum,ForestDryPoor
77508,Brachythecium rutabulum,ForestDryPoor
77509,Brachythecium rutabulum,ForestDryPoor
77510,Brachythecium rutabulum,ForestDryPoor
77511,Brachythecium rutabulum,ForestDryPoor
77512,Brachythecium rutabulum,ForestDryPoor
77513,Brachythecium rutabulum,ForestDryPoor
77514,Brachythecium rutabulum,ForestDryPoor
77515,Brachythecium rutabulum,ForestDryPoor
77516,Brachythecium rutabulum,ForestDryPoor
77517,Brachythecium rutabulum,ForestDryPoor
77518,Brachythecium rutabulum,ForestDryPoor
77519,Brachythecium rutabulum,ForestDryPoor
77520,Brachythecium rutabulum,ForestDryPoor
77521,Brachythecium rutabulum,ForestDryPoor
77522,Brachythecium rutabulum,ForestDryPoor
77523,Brachythecium rutabulum,ForestDryPoor
77524,Brachythecium rutabulum,ForestDryPoor
77525,Brachythecium rutabulum,ForestDryPoor
77526,Brachythecium rutabulum,ForestDryPoor
77527,Brachythecium rutabulum,ForestDryPoor
78107,Brachythecium rutabulum,ForestDryPoor
78108,Brachythecium rutabulum,ForestDryPoor
78109,Brachythecium rutabulum,ForestDryPoor
78110,Brachythecium rutabulum,ForestDryPoor
78111,Brachythecium rutabulum,ForestDryPoor
78112,Brachythecium rutabulum,ForestDryPoor
78113,Brachythecium rutabulum,ForestDryPoor
78114,Brachythecium rutabulum,ForestDryPoor
78115,Brachythecium rutabulum,ForestDryPoor
78116,Brachythecium rutabulum,ForestDryPoor
78117,Brachythecium rutabulum,ForestDryPoor
78118,Brachythecium rutabulum,ForestDryPoor
78119,Brachythecium rutabulum,ForestDryPoor
78120,Brachythecium rutabulum,ForestDryPoor
78121,Brachythecium rutabulum,ForestDryPoor
78122,Brachythecium rutabulum,ForestDryPoor
78123,Brachythecium rutabulum,ForestDryPoor
78124,Brachythecium rutabulum,ForestDryPoor
78125,Brachythecium rutabulum,ForestDryPoor
78126,Brachythecium rutabulum,ForestDryPoor
78706,Brachythecium rutabulum,ForestDryPoor
78707,Brachythecium rutabulum,ForestDryPoor
78708,Brachythecium rutabulum,ForestDryPoor
78709,Brachythecium rutabulum,ForestDryPoor
78710,Brachythecium rutabulum,ForestDryPoor
78711,Brachythecium rutabulum,ForestDryPoor
78712,Brachythecium rutabulum,ForestDryPoor
78713,Brachythecium rutabulum,ForestDryPoor
78714,Brachythecium rutabulum,ForestDryPoor
78715,Brachythecium rutabulum,ForestDryPoor
78716,Brachythecium rutabulum,ForestDryPoor
78717,Brachythecium rutabulum,ForestDryPoor
78718,Brachythecium rutabulum,ForestDryPoor
78719,Brachythecium rutabulum,ForestDryPoor
78720,Brachythecium rutabulum,ForestDryPoor
78721,Brachythecium rutabulum,ForestDryPoor
78722,Brachythecium rutabulum,ForestDryPoor
78723,Brachythecium rutabulum,ForestDryPoor
78724,Brachythecium rutabulum,ForestDryPoor
78725,Brachythecium rutabulum,ForestDryPoor
79305,Brachythecium rutabulum,ForestDryPoor
79306,Brachythecium rutabulum,ForestDryPoor
79307,Brachythecium rutabulum,ForestDryPoor
79308,Brachythecium rutabulum,ForestDryPoor
79309,Brachythecium rutabulum,ForestDryPoor
79310,Brachythecium rutabulum,ForestDryPoor
79311,Brachythecium rutabulum,ForestDryPoor
79312,Brachythecium rutabulum,ForestDryPoor
79313,Brachythecium rutabulum,ForestDryPoor
79314,Brachythecium rutabulum,ForestDryPoor
79315,Brachythecium rutabulum,ForestDryPoor
79316,Brachythecium rutabulum,ForestDryPoor
79317,Brachythecium rutabulum,ForestDryPoor
79318,Brachythecium rutabulum,ForestDryPoor
79319,Brachythecium rutabulum,ForestDryPoor
79320,Brachythecium rutabulum,ForestDryPoor
79321,Brachythecium rutabulum,ForestDryPoor
79322,Brachythecium rutabulum,ForestDryPoor
79323,Brachythecium rutabulum,ForestDryPoor
79324,Brachythecium rutabulum,ForestDryPoor
79904,Brachythecium rutabulum,ForestDryPoor
79905,Brachythecium rutabulum,ForestDryPoor
79906,Brachythecium rutabulum,ForestDryPoor
79907,Brachythecium rutabulum,ForestDryPoor
79908,Brachythecium rutabulum,ForestDryPoor
79909,Brachythecium rutabulum,ForestDryPoor
79910,Brachythecium rutabulum,ForestDryPoor
79911,Brachythecium rutabulum,ForestDryPoor
79912,Brachythecium rutabulum,ForestDryPoor
79913,Brachythecium rutabulum,ForestDryPoor
79914,Brachythecium rutabulum,ForestDryPoor
79915,Brachythecium rutabulum,ForestDryPoor
79916,Brachythecium rutabulum,ForestDryPoor
79917,Brachythecium rutabulum,ForestDryPoor
79918,Brachythecium rutabulum,ForestDryPoor
79919,Brachythecium rutabulum,ForestDryPoor
79920,Brachythecium rutabulum,ForestDryPoor
79921,Brachythecium rutabulum,ForestDryPoor
79922,Brachythecium rutabulum,ForestDryPoor
79923,Brachythecium rutabulum,ForestDryPoor
80503,Brachythecium rutabulum,ForestDryPoor
80504,Brachythecium rutabulum,ForestDryPoor
80505,Brachythecium rutabulum,ForestDryPoor
80506,Brachythecium rutabulum,ForestDryPoor
80507,Brachythecium rutabulum,ForestDryPoor
80508,Brachythecium rutabulum,ForestDryPoor
80509,Brachythecium rutabulum,ForestDryPoor
80510,Brachythecium rutabulum,ForestDryPoor
80511,Brachythecium rutabulum,ForestDryPoor
80512,Brachythecium rutabulum,ForestDryPoor
80513,Brachythecium rutabulum,ForestDryPoor
80514,Brachythecium rutabulum,ForestDryPoor
80515,Brachythecium rutabulum,ForestDryPoor
80516,Brachythecium rutabulum,ForestDryPoor
80517,Brachythecium rutabulum,ForestDryPoor
80518,Brachythecium rutabulum,ForestDryPoor
80519,Brachythecium rutabulum,ForestDryPoor
80520,Brachythecium rutabulum,ForestDryPoor
80521,Brachythecium rutabulum,ForestDryPoor
80522,Brachythecium rutabulum,ForestDryPoor
81102,Brachythecium rutabulum,ForestDryPoor
81103,Brachythecium rutabulum,ForestDryPoor
81104,Brachythecium rutabulum,ForestDryPoor
81105,Brachythecium rutabulum,ForestDryPoor
81106,Brachythecium rutabulum,ForestDryPoor
81107,Brachythecium rutabulum,ForestDryPoor
81108,Brachythecium rutabulum,ForestDryPoor
81109,Brachythecium rutabulum,ForestDryPoor
81110,Brachythecium rutabulum,ForestDryPoor
81111,Brachythecium rutabulum,ForestDryPoor
81112,Brachythecium rutabulum,ForestDryPoor
81113,Brachythecium rutabulum,ForestDryPoor
81114,Brachythecium rutabulum,ForestDryPoor
81115,Brachythecium rutabulum,ForestDryPoor
81116,Brachythecium rutabulum,ForestDryPoor
81117,Brachythecium rutabulum,ForestDryPoor
81118,Brachythecium rutabulum,ForestDryPoor
81119,Brachythecium rutabulum,ForestDryPoor
81120,Brachythecium rutabulum,ForestDryPoor
81121,Brachythecium rutabulum,ForestDryPoor
81701,Brachythecium rutabulum,ForestDryPoor
81702,Brachythecium rutabulum,ForestDryPoor
81703,Brachythecium rutabulum,ForestDryPoor
81704,Brachythecium rutabulum,ForestDryPoor
81705,Brachythecium rutabulum,ForestDryPoor
81706,Brachythecium rutabulum,ForestDryPoor
81707,Brachythecium rutabulum,ForestDryPoor
81708,Brachythecium rutabulum,ForestDryPoor
81709,Brachythecium rutabulum,ForestDryPoor
81710,Brachythecium rutabulum,ForestDryPoor
81711,Brachythecium rutabulum,ForestDryPoor
81712,Brachythecium rutabulum,ForestDryPoor
81713,Brachythecium rutabulum,ForestDryPoor
81714,Brachythecium rutabulum,ForestDryPoor
81715,Brachythecium rutabulum,ForestDryPoor
81716,Brachythecium rutabulum,ForestDryPoor
81717,Brachythecium rutabulum,ForestDryPoor
81718,Brachythecium rutabulum,ForestDryPoor
81719,Brachythecium rutabulum,ForestDryPoor
81720,Brachythecium rutabulum,ForestDryPoor
82300,Brachythecium rutabulum,ForestDryPoor
82301,Brachythecium rutabulum,ForestDryPoor
82302,Brachythecium rutabulum,ForestDryPoor
82303,Brachythecium rutabulum,ForestDryPoor
82304,Brachythecium rutabulum,ForestDryPoor
82305,Brachythecium rutabulum,ForestDryPoor
82306,Brachythecium rutabulum,ForestDryPoor
82307,Brachythecium rutabulum,ForestDryPoor
82308,Brachythecium rutabulum,ForestDryPoor
82309,Brachythecium rutabulum,ForestDryPoor
82310,Brachythecium rutabulum,ForestDryPoor
82311,Brachythecium rutabulum,ForestDryPoor
82312,Brachythecium rutabulum,ForestDryPoor
82313,Brachythecium rutabulum,ForestDryPoor
82314,Brachythecium rutabulum,ForestDryPoor
82315,Brachythecium rutabulum,ForestDryPoor
82316,Brachythecium rutabulum,ForestDryPoor
82317,Brachythecium rutabulum,ForestDryPoor
82318,Brachythecium rutabulum,ForestDryPoor
82319,Brachythecium rutabulum,ForestDryPoor
82899,Brachythecium rutabulum,ForestDryPoor
82900,Brachythecium rutabulum,ForestDryPoor
82901,Brachythecium rutabulum,ForestDryPoor
82902,Brachythecium rutabulum,ForestDryPoor
82903,Brachythecium rutabulum,ForestDryPoor
82904,Brachythecium rutabulum,ForestDryPoor
82905,Brachythecium rutabulum,ForestDryPoor
82906,Brachythecium rutabulum,ForestDryPoor
82907,Brachythecium rutabulum,ForestDryPoor
82908,Brachythecium rutabulum,ForestDryPoor
82909,Brachythecium rutabulum,ForestDryPoor
82910,Brachythecium rutabulum,ForestDryPoor
82911,Brachythecium rutabulum,ForestDryPoor
82912,Brachythecium rutabulum,ForestDryPoor
82913,Brachythecium rutabulum,ForestDryPoor
82914,Brachythecium rutabulum,ForestDryPoor
82915,Brachythecium rutabulum,ForestDryPoor
82916,Brachythecium rutabulum,ForestDryPoor
82917,Brachythecium rutabulum,ForestDryPoor
82918,Brachythecium rutabulum,ForestDryPoor
83498,Brachythecium rutabulum,ForestDryPoor
83499,Brachythecium rutabulum,ForestDryPoor
83500,Brachythecium rutabulum,ForestDryPoor
83501,Brachythecium rutabulum,ForestDryPoor
83502,Brachythecium rutabulum,ForestDryPoor
83503,Brachythecium rutabulum,ForestDryPoor
83504,Brachythecium rutabulum,ForestDryPoor
83505,Brachythecium rutabulum,ForestDryPoor
83506,Brachythecium rutabulum,ForestDryPoor
83507,Brachythecium rutabulum,ForestDryPoor
83508,Brachythecium rutabulum,ForestDryPoor
83509,Brachythecium rutabulum,ForestDryPoor
83510,Brachythecium rutabulum,ForestDryPoor
83511,Brachythecium rutabulum,ForestDryPoor
83512,Brachythecium rutabulum,ForestDryPoor
83513,Brachythecium rutabulum,ForestDryPoor
83514,Brachythecium rutabulum,ForestDryPoor
83515,Brachythecium rutabulum,ForestDryPoor
83516,Brachythecium rutabulum,ForestDryPoor
83517,Brachythecium rutabulum,ForestDryPoor
84097,Brachythecium rutabulum,ForestDryPoor
84098,Brachythecium rutabulum,ForestDryPoor
84099,Brachythecium rutabulum,ForestDryPoor
84100,Brachythecium rutabulum,ForestDryPoor
84101,Brachythecium rutabulum,ForestDryPoor
84102,Brachythecium rutabulum,ForestDryPoor
84103,Brachythecium rutabulum,ForestDryPoor
84104,Brachythecium rutabulum,ForestDryPoor
84105,Brachythecium rutabulum,ForestDryPoor
84106,Brachythecium rutabulum,ForestDryPoor
84107,Brachythecium rutabulum,ForestDryPoor
84108,Brachythecium rutabulum,ForestDryPoor
84109,Brachythecium rutabulum,ForestDryPoor
84110,Brachythecium rutabulum,ForestDryPoor
84111,Brachythecium rutabulum,ForestDryPoor
84112,Brachythecium rutabulum,ForestDryPoor
84113,Brachythecium rutabulum,ForestDryPoor
84114,Brachythecium rutabulum,ForestDryPoor
84115,Brachythecium rutabulum,ForestDryPoor
84116,Brachythecium rutabulum,ForestDryPoor
84696,Brachythecium rutabulum,ForestDryPoor
84697,Brachythecium rutabulum,ForestDryPoor
84698,Brachythecium rutabulum,ForestDryPoor
84699,Brachythecium rutabulum,ForestDryPoor
84700,Brachythecium rutabulum,ForestDryPoor
84701,Brachythecium rutabulum,ForestDryPoor
84702,Brachythecium rutabulum,ForestDryPoor
84703,Brachythecium rutabulum,ForestDryPoor
84704,Brachythecium rutabulum,ForestDryPoor
84705,Brachythecium rutabulum,ForestDryPoor
84706,Brachythecium rutabulum,ForestDryPoor
84707,Brachythecium rutabulum,ForestDryPoor
84708,Brachythecium rutabulum,ForestDryPoor
84709,Brachythecium rutabulum,ForestDryPoor
84710,Brachythecium rutabulum,ForestDryPoor
84711,Brachythecium rutabulum,ForestDryPoor
84712,Brachythecium rutabulum,ForestDryPoor
84713,Brachythecium rutabulum,ForestDryPoor
84714,Brachythecium rutabulum,ForestDryPoor
84715,Brachythecium rutabulum,ForestDryPoor
85295,Brachythecium rutabulum,ForestDryPoor
85296,Brachythecium rutabulum,ForestDryPoor
85297,Brachythecium rutabulum,ForestDryPoor
85298,Brachythecium rutabulum,ForestDryPoor
85299,Brachythecium rutabulum,ForestDryPoor
85300,Brachythecium rutabulum,ForestDryPoor
85301,Brachythecium rutabulum,ForestDryPoor
85302,Brachythecium rutabulum,ForestDryPoor
85303,Brachythecium rutabulum,ForestDryPoor
85304,Brachythecium rutabulum,ForestDryPoor
85305,Brachythecium rutabulum,ForestDryPoor
85306,Brachythecium rutabulum,ForestDryPoor
85307,Brachythecium rutabulum,ForestDryPoor
85308,Brachythecium rutabulum,ForestDryPoor
85309,Brachythecium rutabulum,ForestDryPoor
85310,Brachythecium rutabulum,ForestDryPoor
85311,Brachythecium rutabulum,ForestDryPoor
85312,Brachythecium rutabulum,ForestDryPoor
85313,Brachythecium rutabulum,ForestDryPoor
85314,Brachythecium rutabulum,ForestDryPoor
85894,Brachythecium rutabulum,ForestDryPoor
85895,Brachythecium rutabulum,ForestDryPoor
85896,Brachythecium rutabulum,ForestDryPoor
85897,Brachythecium rutabulum,ForestDryPoor
85898,Brachythecium rutabulum,ForestDryPoor
85899,Brachythecium rutabulum,ForestDryPoor
85900,Brachythecium rutabulum,ForestDryPoor
85901,Brachythecium rutabulum,ForestDryPoor
85902,Brachythecium rutabulum,ForestDryPoor
85903,Brachythecium rutabulum,ForestDryPoor
85904,Brachythecium rutabulum,ForestDryPoor
85905,Brachythecium rutabulum,ForestDryPoor
85906,Brachythecium rutabulum,ForestDryPoor
85907,Brachythecium rutabulum,ForestDryPoor
85908,Brachythecium rutabulum,ForestDryPoor
85909,Brachythecium rutabulum,ForestDryPoor
85910,Brachythecium rutabulum,ForestDryPoor
85911,Brachythecium rutabulum,ForestDryPoor
85912,Brachythecium rutabulum,ForestDryPoor
85913,Brachythecium rutabulum,ForestDryPoor
86493,Brachythecium rutabulum,ForestDryPoor
86494,Brachythecium rutabulum,ForestDryPoor
86495,Brachythecium rutabulum,ForestDryPoor
86496,Brachythecium rutabulum,ForestDryPoor
86497,Brachythecium rutabulum,ForestDryPoor
86498,Brachythecium rutabulum,ForestDryPoor
86499,Brachythecium rutabulum,ForestDryPoor
86500,Brachythecium rutabulum,ForestDryPoor
86501,Brachythecium rutabulum,ForestDryPoor
86502,Brachythecium rutabulum,ForestDryPoor
86503,Brachythecium rutabulum,ForestDryPoor
86504,Brachythecium rutabulum,ForestDryPoor
86505,Brachythecium rutabulum,ForestDryPoor
86506,Brachythecium rutabulum,ForestDryPoor
86507,Brachythecium rutabulum,ForestDryPoor
86508,Brachythecium rutabulum,ForestDryPoor
86509,Brachythecium rutabulum,ForestDryPoor
86510,Brachythecium rutabulum,ForestDryPoor
86511,Brachythecium rutabulum,ForestDryPoor
86512,Brachythecium rutabulum,ForestDryPoor
86553,Brachythecium rutabulum,ForestDryPoor
86554,Brachythecium rutabulum,ForestDryPoor
86555,Brachythecium rutabulum,ForestDryPoor
86556,Brachythecium rutabulum,ForestDryPoor
86557,Brachythecium rutabulum,ForestDryPoor
86558,Brachythecium rutabulum,ForestDryPoor
86559,Brachythecium rutabulum,ForestDryPoor
86560,Brachythecium rutabulum,ForestDryPoor
86561,Brachythecium rutabulum,ForestDryPoor
86562,Brachythecium rutabulum,ForestDryPoor
86563,Brachythecium rutabulum,ForestDryPoor
87092,Brachythecium rutabulum,ForestDryPoor
87093,Brachythecium rutabulum,ForestDryPoor
87094,Brachythecium rutabulum,ForestDryPoor
87095,Brachythecium rutabulum,ForestDryPoor
87096,Brachythecium rutabulum,ForestDryPoor
87097,Brachythecium rutabulum,ForestDryPoor
87098,Brachythecium rutabulum,ForestDryPoor
87099,Brachythecium rutabulum,ForestDryPoor
87100,Brachythecium rutabulum,ForestDryPoor
87101,Brachythecium rutabulum,ForestDryPoor
87102,Brachythecium rutabulum,ForestDryPoor
87103,Brachythecium rutabulum,ForestDryPoor
87104,Brachythecium rutabulum,ForestDryPoor
87105,Brachythecium rutabulum,ForestDryPoor
87106,Brachythecium rutabulum,ForestDryPoor
87107,Brachythecium rutabulum,ForestDryPoor
87108,Brachythecium rutabulum,ForestDryPoor
87109,Brachythecium rutabulum,ForestDryPoor
87110,Brachythecium rutabulum,ForestDryPoor
87111,Brachythecium rutabulum,ForestDryPoor
87152,Brachythecium rutabulum,ForestDryPoor
87153,Brachythecium rutabulum,ForestDryPoor
87154,Brachythecium rutabulum,ForestDryPoor
87155,Brachythecium rutabulum,ForestDryPoor
87156,Brachythecium rutabulum,ForestDryPoor
87157,Brachythecium rutabulum,ForestDryPoor
87158,Brachythecium rutabulum,ForestDryPoor
87159,Brachythecium rutabulum,ForestDryPoor
87160,Brachythecium rutabulum,ForestDryPoor
87161,Brachythecium rutabulum,ForestDryPoor
87162,Brachythecium rutabulum,ForestDryPoor
87691,Brachythecium rutabulum,ForestDryPoor
87692,Brachythecium rutabulum,ForestDryPoor
87693,Brachythecium rutabulum,ForestDryPoor
87694,Brachythecium rutabulum,ForestDryPoor
87695,Brachythecium rutabulum,ForestDryPoor
87696,Brachythecium rutabulum,ForestDryPoor
87697,Brachythecium rutabulum,ForestDryPoor
87698,Brachythecium rutabulum,ForestDryPoor
87699,Brachythecium rutabulum,ForestDryPoor
87700,Brachythecium rutabulum,ForestDryPoor
87701,Brachythecium rutabulum,ForestDryPoor
87702,Brachythecium rutabulum,ForestDryPoor
87703,Brachythecium rutabulum,ForestDryPoor
87704,Brachythecium rutabulum,ForestDryPoor
87705,Brachythecium rutabulum,ForestDryPoor
87706,Brachythecium rutabulum,ForestDryPoor
87707,Brachythecium rutabulum,ForestDryPoor
87708,Brachythecium rutabulum,ForestDryPoor
87709,Brachythecium rutabulum,ForestDryPoor
87710,Brachythecium rutabulum,ForestDryPoor
87751,Brachythecium rutabulum,ForestDryPoor
87752,Brachythecium rutabulum,ForestDryPoor
87753,Brachythecium rutabulum,ForestDryPoor
87754,Brachythecium rutabulum,ForestDryPoor
87755,Brachythecium rutabulum,ForestDryPoor
87756,Brachythecium rutabulum,ForestDryPoor
87757,Brachythecium rutabulum,ForestDryPoor
87758,Brachythecium rutabulum,ForestDryPoor
87759,Brachythecium rutabulum,ForestDryPoor
87760,Brachythecium rutabulum,ForestDryPoor
87761,Brachythecium rutabulum,ForestDryPoor
87762,Brachythecium rutabulum,ForestDryPoor
88290,Brachythecium rutabulum,ForestDryPoor
88291,Brachythecium rutabulum,ForestDryPoor
88292,Brachythecium rutabulum,ForestDryPoor
88293,Brachythecium rutabulum,ForestDryPoor
88294,Brachythecium rutabulum,ForestDryPoor
88295,Brachythecium rutabulum,ForestDryPoor
88296,Brachythecium rutabulum,ForestDryPoor
88297,Brachythecium rutabulum,ForestDryPoor
88298,Brachythecium rutabulum,ForestDryPoor
88299,Brachythecium rutabulum,ForestDryPoor
88300,Brachythecium rutabulum,ForestDryPoor
88301,Brachythecium rutabulum,ForestDryPoor
88302,Brachythecium rutabulum,ForestDryPoor
88303,Brachythecium rutabulum,ForestDryPoor
88304,Brachythecium rutabulum,ForestDryPoor
88305,Brachythecium rutabulum,ForestDryPoor
88306,Brachythecium rutabulum,ForestDryPoor
88307,Brachythecium rutabulum,ForestDryPoor
88308,Brachythecium rutabulum,ForestDryPoor
88309,Brachythecium rutabulum,ForestDryPoor
88350,Brachythecium rutabulum,ForestDryPoor
88351,Brachythecium rutabulum,ForestDryPoor
88352,Brachythecium rutabulum,ForestDryPoor
88353,Brachythecium rutabulum,ForestDryPoor
88354,Brachythecium rutabulum,ForestDryPoor
88355,Brachythecium rutabulum,ForestDryPoor
88356,Brachythecium rutabulum,ForestDryPoor
88357,Brachythecium rutabulum,ForestDryPoor
88358,Brachythecium rutabulum,ForestDryPoor
88359,Brachythecium rutabulum,ForestDryPoor
88360,Brachythecium rutabulum,ForestDryPoor
88361,Brachythecium rutabulum,ForestDryPoor
88889,Brachythecium rutabulum,ForestDryPoor
88890,Brachythecium rutabulum,ForestDryPoor
88891,Brachythecium rutabulum,ForestDryPoor
88892,Brachythecium rutabulum,ForestDryPoor
88893,Brachythecium rutabulum,ForestDryPoor
88894,Brachythecium rutabulum,ForestDryPoor
88895,Brachythecium rutabulum,ForestDryPoor
88896,Brachythecium rutabulum,ForestDryPoor
88897,Brachythecium rutabulum,ForestDryPoor
88898,Brachythecium rutabulum,ForestDryPoor
88899,Brachythecium rutabulum,ForestDryPoor
88900,Brachythecium rutabulum,ForestDryPoor
88901,Brachythecium rutabulum,ForestDryPoor
88902,Brachythecium rutabulum,ForestDryPoor
88903,Brachythecium rutabulum,ForestDryPoor
88904,Brachythecium rutabulum,ForestDryPoor
88905,Brachythecium rutabulum,ForestDryPoor
88906,Brachythecium rutabulum,ForestDryPoor
88907,Brachythecium rutabulum,ForestDryPoor
88908,Brachythecium rutabulum,ForestDryPoor
88949,Brachythecium rutabulum,ForestDryPoor
88950,Brachythecium rutabulum,ForestDryPoor
88951,Brachythecium rutabulum,ForestDryPoor
88952,Brachythecium rutabulum,ForestDryPoor
88953,Brachythecium rutabulum,ForestDryPoor
88954,Brachythecium rutabulum,ForestDryPoor
88955,Brachythecium rutabulum,ForestDryPoor
88956,Brachythecium rutabulum,ForestDryPoor
88957,Brachythecium rutabulum,ForestDryPoor
88958,Brachythecium rutabulum,ForestDryPoor
88959,Brachythecium rutabulum,ForestDryPoor
88960,Brachythecium rutabulum,ForestDryPoor
89488,Brachythecium rutabulum,ForestDryPoor
89489,Brachythecium rutabulum,ForestDryPoor
89490,Brachythecium rutabulum,ForestDryPoor
89491,Brachythecium rutabulum,ForestDryPoor
89492,Brachythecium rutabulum,ForestDryPoor
89493,Brachythecium rutabulum,ForestDryPoor
89494,Brachythecium rutabulum,ForestDryPoor
89495,Brachythecium rutabulum,ForestDryPoor
89496,Brachythecium rutabulum,ForestDryPoor
89497,Brachythecium rutabulum,ForestDryPoor
89498,Brachythecium rutabulum,ForestDryPoor
89499,Brachythecium rutabulum,ForestDryPoor
89500,Brachythecium rutabulum,ForestDryPoor
89501,Brachythecium rutabulum,ForestDryPoor
89502,Brachythecium rutabulum,ForestDryPoor
89503,Brachythecium rutabulum,ForestDryPoor
89504,Brachythecium rutabulum,ForestDryPoor
89505,Brachythecium rutabulum,ForestDryPoor
89506,Brachythecium rutabulum,ForestDryPoor
89507,Brachythecium rutabulum,ForestDryPoor
89548,Brachythecium rutabulum,ForestDryPoor
89549,Brachythecium rutabulum,ForestDryPoor
89550,Brachythecium rutabulum,ForestDryPoor
89551,Brachythecium rutabulum,ForestDryPoor
89552,Brachythecium rutabulum,ForestDryPoor
89553,Brachythecium rutabulum,ForestDryPoor
89554,Brachythecium rutabulum,ForestDryPoor
89555,Brachythecium rutabulum,ForestDryPoor
89556,Brachythecium rutabulum,ForestDryPoor
89557,Brachythecium rutabulum,ForestDryPoor
89558,Brachythecium rutabulum,ForestDryPoor
89559,Brachythecium rutabulum,ForestDryPoor
90087,Brachythecium rutabulum,ForestDryPoor
90088,Brachythecium rutabulum,ForestDryPoor
90089,Brachythecium rutabulum,ForestDryPoor
90090,Brachythecium rutabulum,ForestDryPoor
90091,Brachythecium rutabulum,ForestDryPoor
90092,Brachythecium rutabulum,ForestDryPoor
90093,Brachythecium rutabulum,ForestDryPoor
90094,Brachythecium rutabulum,ForestDryPoor
90095,Brachythecium rutabulum,ForestDryPoor
90096,Brachythecium rutabulum,ForestDryPoor
90097,Brachythecium rutabulum,ForestDryPoor
90098,Brachythecium rutabulum,ForestDryPoor
90099,Brachythecium rutabulum,ForestDryPoor
90100,Brachythecium rutabulum,ForestDryPoor
90101,Brachythecium rutabulum,ForestDryPoor
90102,Brachythecium rutabulum,ForestDryPoor
90103,Brachythecium rutabulum,ForestDryPoor
90104,Brachythecium rutabulum,ForestDryPoor
90105,Brachythecium rutabulum,ForestDryPoor
90106,Brachythecium rutabulum,ForestDryPoor
90147,Brachythecium rutabulum,ForestDryPoor
90148,Brachythecium rutabulum,ForestDryPoor
90149,Brachythecium rutabulum,ForestDryPoor
90150,Brachythecium rutabulum,ForestDryPoor
90151,Brachythecium rutabulum,ForestDryPoor
90152,Brachythecium rutabulum,ForestDryPoor
90153,Brachythecium rutabulum,ForestDryPoor
90154,Brachythecium rutabulum,ForestDryPoor
90155,Brachythecium rutabulum,ForestDryPoor
90156,Brachythecium rutabulum,ForestDryPoor
90157,Brachythecium rutabulum,ForestDryPoor
90158,Brachythecium rutabulum,ForestDryPoor
90159,Brachythecium rutabulum,ForestDryPoor
90686,Brachythecium rutabulum,ForestDryPoor
90687,Brachythecium rutabulum,ForestDryPoor
90688,Brachythecium rutabulum,ForestDryPoor
90689,Brachythecium rutabulum,ForestDryPoor
90690,Brachythecium rutabulum,ForestDryPoor
90691,Brachythecium rutabulum,ForestDryPoor
90692,Brachythecium rutabulum,ForestDryPoor
90693,Brachythecium rutabulum,ForestDryPoor
90694,Brachythecium rutabulum,ForestDryPoor
90695,Brachythecium rutabulum,ForestDryPoor
90696,Brachythecium rutabulum,ForestDryPoor
90697,Brachythecium rutabulum,ForestDryPoor
90698,Brachythecium rutabulum,ForestDryPoor
90699,Brachythecium rutabulum,ForestDryPoor
90700,Brachythecium rutabulum,ForestDryPoor
90701,Brachythecium rutabulum,ForestDryPoor
90702,Brachythecium rutabulum,ForestDryPoor
90703,Brachythecium rutabulum,ForestDryPoor
90704,Brachythecium rutabulum,ForestDryPoor
90705,Brachythecium rutabulum,ForestDryPoor
90746,Brachythecium rutabulum,ForestDryPoor
90747,Brachythecium rutabulum,ForestDryPoor
90748,Brachythecium rutabulum,ForestDryPoor
90749,Brachythecium rutabulum,ForestDryPoor
90750,Brachythecium rutabulum,ForestDryPoor
90751,Brachythecium rutabulum,ForestDryPoor
90752,Brachythecium rutabulum,ForestDryPoor
90753,Brachythecium rutabulum,ForestDryPoor
90754,Brachythecium rutabulum,ForestDryPoor
90755,Brachythecium rutabulum,ForestDryPoor
90756,Brachythecium rutabulum,ForestDryPoor
90757,Brachythecium rutabulum,ForestDryPoor
90758,Brachythecium rutabulum,ForestDryPoor
91285,Brachythecium rutabulum,ForestDryPoor
91286,Brachythecium rutabulum,ForestDryPoor
91287,Brachythecium rutabulum,ForestDryPoor
91288,Brachythecium rutabulum,ForestDryPoor
91289,Brachythecium rutabulum,ForestDryPoor
91290,Brachythecium rutabulum,ForestDryPoor
91291,Brachythecium rutabulum,ForestDryPoor
91292,Brachythecium rutabulum,ForestDryPoor
91293,Brachythecium rutabulum,ForestDryPoor
91294,Brachythecium rutabulum,ForestDryPoor
91295,Brachythecium rutabulum,ForestDryPoor
91296,Brachythecium rutabulum,ForestDryPoor
91297,Brachythecium rutabulum,ForestDryPoor
91298,Brachythecium rutabulum,ForestDryPoor
91299,Brachythecium rutabulum,ForestDryPoor
91300,Brachythecium rutabulum,ForestDryPoor
91301,Brachythecium rutabulum,ForestDryPoor
91302,Brachythecium rutabulum,ForestDryPoor
91303,Brachythecium rutabulum,ForestDryPoor
91304,Brachythecium rutabulum,ForestDryPoor
91345,Brachythecium rutabulum,ForestDryPoor
91346,Brachythecium rutabulum,ForestDryPoor
91347,Brachythecium rutabulum,ForestDryPoor
91348,Brachythecium rutabulum,ForestDryPoor
91349,Brachythecium rutabulum,ForestDryPoor
91350,Brachythecium rutabulum,ForestDryPoor
91351,Brachythecium rutabulum,ForestDryPoor
91352,Brachythecium rutabulum,ForestDryPoor
91353,Brachythecium rutabulum,ForestDryPoor
91354,Brachythecium rutabulum,ForestDryPoor
91355,Brachythecium rutabulum,ForestDryPoor
91356,Brachythecium rutabulum,ForestDryPoor
91357,Brachythecium rutabulum,ForestDryPoor
91884,Brachythecium rutabulum,ForestDryPoor
91885,Brachythecium rutabulum,ForestDryPoor
91886,Brachythecium rutabulum,ForestDryPoor
91887,Brachythecium rutabulum,ForestDryPoor
91888,Brachythecium rutabulum,ForestDryPoor
91889,Brachythecium rutabulum,ForestDryPoor
91890,Brachythecium rutabulum,ForestDryPoor
91891,Brachythecium rutabulum,ForestDryPoor
91892,Brachythecium rutabulum,ForestDryPoor
91893,Brachythecium rutabulum,ForestDryPoor
91894,Brachythecium rutabulum,ForestDryPoor
91895,Brachythecium rutabulum,ForestDryPoor
91896,Brachythecium rutabulum,ForestDryPoor
91897,Brachythecium rutabulum,ForestDryPoor
91898,Brachythecium rutabulum,ForestDryPoor
91899,Brachythecium rutabulum,ForestDryPoor
91900,Brachythecium rutabulum,ForestDryPoor
91901,Brachythecium rutabulum,ForestDryPoor
91902,Brachythecium rutabulum,ForestDryPoor
91903,Brachythecium rutabulum,ForestDryPoor
91944,Brachythecium rutabulum,ForestDryPoor
91945,Brachythecium rutabulum,ForestDryPoor
91946,Brachythecium rutabulum,ForestDryPoor
91947,Brachythecium rutabulum,ForestDryPoor
91948,Brachythecium rutabulum,ForestDryPoor
91949,Brachythecium rutabulum,ForestDryPoor
91950,Brachythecium rutabulum,ForestDryPoor
91951,Brachythecium rutabulum,ForestDryPoor
91952,Brachythecium rutabulum,ForestDryPoor
91953,Brachythecium rutabulum,ForestDryPoor
91954,Brachythecium rutabulum,ForestDryPoor
91955,Brachythecium rutabulum,ForestDryPoor
91956,Brachythecium rutabulum,ForestDryPoor
92483,Brachythecium rutabulum,ForestDryPoor
92484,Brachythecium rutabulum,ForestDryPoor
92485,Brachythecium rutabulum,ForestDryPoor
92486,Brachythecium rutabulum,ForestDryPoor
92487,Brachythecium rutabulum,ForestDryPoor
92488,Brachythecium rutabulum,ForestDryPoor
92489,Brachythecium rutabulum,ForestDryPoor
92490,Brachythecium rutabulum,ForestDryPoor
92491,Brachythecium rutabulum,ForestDryPoor
92492,Brachythecium rutabulum,ForestDryPoor
92493,Brachythecium rutabulum,ForestDryPoor
92494,Brachythecium rutabulum,ForestDryPoor
92495,Brachythecium rutabulum,ForestDryPoor
92496,Brachythecium rutabulum,ForestDryPoor
92497,Brachythecium rutabulum,ForestDryPoor
92498,Brachythecium rutabulum,ForestDryPoor
92499,Brachythecium rutabulum,ForestDryPoor
92500,Brachythecium rutabulum,ForestDryPoor
92501,Brachythecium rutabulum,ForestDryPoor
92502,Brachythecium rutabulum,ForestDryPoor
92543,Brachythecium rutabulum,ForestDryPoor
92544,Brachythecium rutabulum,ForestDryPoor
92545,Brachythecium rutabulum,ForestDryPoor
92546,Brachythecium rutabulum,ForestDryPoor
92547,Brachythecium rutabulum,ForestDryPoor
92548,Brachythecium rutabulum,ForestDryPoor
92549,Brachythecium rutabulum,ForestDryPoor
92550,Brachythecium rutabulum,ForestDryPoor
92551,Brachythecium rutabulum,ForestDryPoor
92552,Brachythecium rutabulum,ForestDryPoor
92553,Brachythecium rutabulum,ForestDryPoor
92554,Brachythecium rutabulum,ForestDryPoor
92555,Brachythecium rutabulum,ForestDryPoor
93082,Brachythecium rutabulum,ForestDryPoor
93083,Brachythecium rutabulum,ForestDryPoor
93084,Brachythecium rutabulum,ForestDryPoor
93085,Brachythecium rutabulum,ForestDryPoor
93086,Brachythecium rutabulum,ForestDryPoor
93087,Brachythecium rutabulum,ForestDryPoor
93088,Brachythecium rutabulum,ForestDryPoor
93089,Brachythecium rutabulum,ForestDryPoor
93090,Brachythecium rutabulum,ForestDryPoor
93091,Brachythecium rutabulum,ForestDryPoor
93092,Brachythecium rutabulum,ForestDryPoor
93093,Brachythecium rutabulum,ForestDryPoor
93094,Brachythecium rutabulum,ForestDryPoor
93095,Brachythecium rutabulum,ForestDryPoor
93096,Brachythecium rutabulum,ForestDryPoor
93097,Brachythecium rutabulum,ForestDryPoor
93098,Brachythecium rutabulum,ForestDryPoor
93099,Brachythecium rutabulum,ForestDryPoor
93100,Brachythecium rutabulum,ForestDryPoor
93101,Brachythecium rutabulum,ForestDryPoor
93142,Brachythecium rutabulum,ForestDryPoor
93143,Brachythecium rutabulum,ForestDryPoor
93144,Brachythecium rutabulum,ForestDryPoor
93145,Brachythecium rutabulum,ForestDryPoor
93146,Brachythecium rutabulum,ForestDryPoor
93147,Brachythecium rutabulum,ForestDryPoor
93148,Brachythecium rutabulum,ForestDryPoor
93149,Brachythecium rutabulum,ForestDryPoor
93150,Brachythecium rutabulum,ForestDryPoor
93151,Brachythecium rutabulum,ForestDryPoor
93152,Brachythecium rutabulum,ForestDryPoor
93153,Brachythecium rutabulum,ForestDryPoor
93154,Brachythecium rutabulum,ForestDryPoor
93155,Brachythecium rutabulum,ForestDryPoor
93681,Brachythecium rutabulum,ForestDryPoor
93682,Brachythecium rutabulum,ForestDryPoor
93683,Brachythecium rutabulum,ForestDryPoor
93684,Brachythecium rutabulum,ForestDryPoor
93685,Brachythecium rutabulum,ForestDryPoor
93686,Brachythecium rutabulum,ForestDryPoor
93687,Brachythecium rutabulum,ForestDryPoor
93688,Brachythecium rutabulum,ForestDryPoor
93689,Brachythecium rutabulum,ForestDryPoor
93690,Brachythecium rutabulum,ForestDryPoor
93691,Brachythecium rutabulum,ForestDryPoor
93692,Brachythecium rutabulum,ForestDryPoor
93693,Brachythecium rutabulum,ForestDryPoor
93694,Brachythecium rutabulum,ForestDryPoor
93695,Brachythecium rutabulum,ForestDryPoor
93696,Brachythecium rutabulum,ForestDryPoor
93697,Brachythecium rutabulum,ForestDryPoor
93698,Brachythecium rutabulum,ForestDryPoor
93699,Brachythecium rutabulum,ForestDryPoor
93700,Brachythecium rutabulum,ForestDryPoor
93741,Brachythecium rutabulum,ForestDryPoor
93742,Brachythecium rutabulum,ForestDryPoor
93743,Brachythecium rutabulum,ForestDryPoor
93744,Brachythecium rutabulum,ForestDryPoor
93745,Brachythecium rutabulum,ForestDryPoor
93746,Brachythecium rutabulum,ForestDryPoor
93747,Brachythecium rutabulum,ForestDryPoor
93748,Brachythecium rutabulum,ForestDryPoor
93749,Brachythecium rutabulum,ForestDryPoor
93750,Brachythecium rutabulum,ForestDryPoor
93751,Brachythecium rutabulum,ForestDryPoor
93752,Brachythecium rutabulum,ForestDryPoor
93753,Brachythecium rutabulum,ForestDryPoor
93754,Brachythecium rutabulum,ForestDryPoor
94280,Brachythecium rutabulum,ForestDryPoor
94281,Brachythecium rutabulum,ForestDryPoor
94282,Brachythecium rutabulum,ForestDryPoor
94283,Brachythecium rutabulum,ForestDryPoor
94284,Brachythecium rutabulum,ForestDryPoor
94285,Brachythecium rutabulum,ForestDryPoor
94286,Brachythecium rutabulum,ForestDryPoor
94287,Brachythecium rutabulum,ForestDryPoor
94288,Brachythecium rutabulum,ForestDryPoor
94289,Brachythecium rutabulum,ForestDryPoor
94290,Brachythecium rutabulum,ForestDryPoor
94291,Brachythecium rutabulum,ForestDryPoor
94292,Brachythecium rutabulum,ForestDryPoor
94293,Brachythecium rutabulum,ForestDryPoor
94294,Brachythecium rutabulum,ForestDryPoor
94295,Brachythecium rutabulum,ForestDryPoor
94296,Brachythecium rutabulum,ForestDryPoor
94297,Brachythecium rutabulum,ForestDryPoor
94298,Brachythecium rutabulum,ForestDryPoor
94299,Brachythecium rutabulum,ForestDryPoor
94340,Brachythecium rutabulum,ForestDryPoor
94341,Brachythecium rutabulum,ForestDryPoor
94342,Brachythecium rutabulum,ForestDryPoor
94343,Brachythecium rutabulum,ForestDryPoor
94344,Brachythecium rutabulum,ForestDryPoor
94345,Brachythecium rutabulum,ForestDryPoor
94346,Brachythecium rutabulum,ForestDryPoor
94347,Brachythecium rutabulum,ForestDryPoor
94348,Brachythecium rutabulum,ForestDryPoor
94349,Brachythecium rutabulum,ForestDryPoor
94350,Brachythecium rutabulum,ForestDryPoor
94351,Brachythecium rutabulum,ForestDryPoor
94352,Brachythecium rutabulum,ForestDryPoor
94353,Brachythecium rutabulum,ForestDryPoor
94879,Brachythecium rutabulum,ForestDryPoor
94880,Brachythecium rutabulum,ForestDryPoor
94881,Brachythecium rutabulum,ForestDryPoor
94882,Brachythecium rutabulum,ForestDryPoor
94883,Brachythecium rutabulum,ForestDryPoor
94884,Brachythecium rutabulum,ForestDryPoor
94885,Brachythecium rutabulum,ForestDryPoor
94886,Brachythecium rutabulum,ForestDryPoor
94887,Brachythecium rutabulum,ForestDryPoor
94888,Brachythecium rutabulum,ForestDryPoor
94889,Brachythecium rutabulum,ForestDryPoor
94890,Brachythecium rutabulum,ForestDryPoor
94891,Brachythecium rutabulum,ForestDryPoor
94892,Brachythecium rutabulum,ForestDryPoor
94893,Brachythecium rutabulum,ForestDryPoor
94894,Brachythecium rutabulum,ForestDryPoor
94895,Brachythecium rutabulum,ForestDryPoor
94896,Brachythecium rutabulum,ForestDryPoor
94897,Brachythecium rutabulum,ForestDryPoor
94898,Brachythecium rutabulum,ForestDryPoor
94939,Brachythecium rutabulum,ForestDryPoor
94940,Brachythecium rutabulum,ForestDryPoor
94941,Brachythecium rutabulum,ForestDryPoor
94942,Brachythecium rutabulum,ForestDryPoor
94943,Brachythecium rutabulum,ForestDryPoor
94944,Brachythecium rutabulum,ForestDryPoor
94945,Brachythecium rutabulum,ForestDryPoor
94946,Brachythecium rutabulum,ForestDryPoor
94947,Brachythecium rutabulum,ForestDryPoor
94948,Brachythecium rutabulum,ForestDryPoor
94949,Brachythecium rutabulum,ForestDryPoor
94950,Brachythecium rutabulum,ForestDryPoor
94951,Brachythecium rutabulum,ForestDryPoor
94952,Brachythecium rutabulum,ForestDryPoor
95478,Brachythecium rutabulum,ForestDryPoor
95479,Brachythecium rutabulum,ForestDryPoor
95480,Brachythecium rutabulum,ForestDryPoor
95481,Brachythecium rutabulum,ForestDryPoor
95482,Brachythecium rutabulum,ForestDryPoor
95483,Brachythecium rutabulum,ForestDryPoor
95484,Brachythecium rutabulum,ForestDryPoor
95485,Brachythecium rutabulum,ForestDryPoor
95486,Brachythecium rutabulum,ForestDryPoor
95487,Brachythecium rutabulum,ForestDryPoor
95488,Brachythecium rutabulum,ForestDryPoor
95489,Brachythecium rutabulum,ForestDryPoor
95490,Brachythecium rutabulum,ForestDryPoor
95491,Brachythecium rutabulum,ForestDryPoor
95492,Brachythecium rutabulum,ForestDryPoor
95493,Brachythecium rutabulum,ForestDryPoor
95494,Brachythecium rutabulum,ForestDryPoor
95495,Brachythecium rutabulum,ForestDryPoor
95496,Brachythecium rutabulum,ForestDryPoor
95497,Brachythecium rutabulum,ForestDryPoor
95538,Brachythecium rutabulum,ForestDryPoor
95539,Brachythecium rutabulum,ForestDryPoor
95540,Brachythecium rutabulum,ForestDryPoor
95541,Brachythecium rutabulum,ForestDryPoor
95542,Brachythecium rutabulum,ForestDryPoor
95543,Brachythecium rutabulum,ForestDryPoor
95544,Brachythecium rutabulum,ForestDryPoor
95545,Brachythecium rutabulum,ForestDryPoor
95546,Brachythecium rutabulum,ForestDryPoor
95547,Brachythecium rutabulum,ForestDryPoor
95548,Brachythecium rutabulum,ForestDryPoor
95549,Brachythecium rutabulum,ForestDryPoor
95550,Brachythecium rutabulum,ForestDryPoor
95551,Brachythecium rutabulum,ForestDryPoor
96077,Brachythecium rutabulum,ForestDryPoor
96078,Brachythecium rutabulum,ForestDryPoor
96079,Brachythecium rutabulum,ForestDryPoor
96080,Brachythecium rutabulum,ForestDryPoor
96081,Brachythecium rutabulum,ForestDryPoor
96082,Brachythecium rutabulum,ForestDryPoor
96083,Brachythecium rutabulum,ForestDryPoor
96084,Brachythecium rutabulum,ForestDryPoor
96085,Brachythecium rutabulum,ForestDryPoor
96086,Brachythecium rutabulum,ForestDryPoor
96087,Brachythecium rutabulum,ForestDryPoor
96088,Brachythecium rutabulum,ForestDryPoor
96089,Brachythecium rutabulum,ForestDryPoor
96090,Brachythecium rutabulum,ForestDryPoor
96091,Brachythecium rutabulum,ForestDryPoor
96092,Brachythecium rutabulum,ForestDryPoor
96093,Brachythecium rutabulum,ForestDryPoor
96094,Brachythecium rutabulum,ForestDryPoor
96095,Brachythecium rutabulum,ForestDryPoor
96096,Brachythecium rutabulum,ForestDryPoor
96137,Brachythecium rutabulum,ForestDryPoor
96138,Brachythecium rutabulum,ForestDryPoor
96139,Brachythecium rutabulum,ForestDryPoor
96140,Brachythecium rutabulum,ForestDryPoor
96141,Brachythecium rutabulum,ForestDryPoor
96142,Brachythecium rutabulum,ForestDryPoor
96143,Brachythecium rutabulum,ForestDryPoor
96144,Brachythecium rutabulum,ForestDryPoor
96145,Brachythecium rutabulum,ForestDryPoor
96146,Brachythecium rutabulum,ForestDryPoor
96147,Brachythecium rutabulum,ForestDryPoor
96148,Brachythecium rutabulum,ForestDryPoor
96149,Brachythecium rutabulum,ForestDryPoor
96150,Brachythecium rutabulum,ForestDryPoor
96676,Brachythecium rutabulum,ForestDryPoor
96677,Brachythecium rutabulum,ForestDryPoor
96678,Brachythecium rutabulum,ForestDryPoor
96679,Brachythecium rutabulum,ForestDryPoor
96680,Brachythecium rutabulum,ForestDryPoor
96681,Brachythecium rutabulum,ForestDryPoor
96682,Brachythecium rutabulum,ForestDryPoor
96683,Brachythecium rutabulum,ForestDryPoor
96684,Brachythecium rutabulum,ForestDryPoor
96685,Brachythecium rutabulum,ForestDryPoor
96686,Brachythecium rutabulum,ForestDryPoor
96687,Brachythecium rutabulum,ForestDryPoor
96688,Brachythecium rutabulum,ForestDryPoor
96689,Brachythecium rutabulum,ForestDryPoor
96690,Brachythecium rutabulum,ForestDryPoor
96691,Brachythecium rutabulum,ForestDryPoor
96692,Brachythecium rutabulum,ForestDryPoor
96693,Brachythecium rutabulum,ForestDryPoor
96694,Brachythecium rutabulum,ForestDryPoor
96695,Brachythecium rutabulum,ForestDryPoor
96736,Brachythecium rutabulum,ForestDryPoor
96737,Brachythecium rutabulum,ForestDryPoor
96738,Brachythecium rutabulum,ForestDryPoor
96739,Brachythecium rutabulum,ForestDryPoor
96740,Brachythecium rutabulum,ForestDryPoor
96741,Brachythecium rutabulum,ForestDryPoor
96742,Brachythecium rutabulum,ForestDryPoor
96743,Brachythecium rutabulum,ForestDryPoor
96744,Brachythecium rutabulum,ForestDryPoor
96745,Brachythecium rutabulum,ForestDryPoor
96746,Brachythecium rutabulum,ForestDryPoor
96747,Brachythecium rutabulum,ForestDryPoor
96748,Brachythecium rutabulum,ForestDryPoor
96749,Brachythecium rutabulum,ForestDryPoor
97275,Brachythecium rutabulum,ForestDryPoor
97276,Brachythecium rutabulum,ForestDryPoor
97277,Brachythecium rutabulum,ForestDryPoor
97278,Brachythecium rutabulum,ForestDryPoor
97279,Brachythecium rutabulum,ForestDryPoor
97280,Brachythecium rutabulum,ForestDryPoor
97281,Brachythecium rutabulum,ForestDryPoor
97282,Brachythecium rutabulum,ForestDryPoor
97283,Brachythecium rutabulum,ForestDryPoor
97284,Brachythecium rutabulum,ForestDryPoor
97285,Brachythecium rutabulum,ForestDryPoor
97286,Brachythecium rutabulum,ForestDryPoor
97287,Brachythecium rutabulum,ForestDryPoor
97288,Brachythecium rutabulum,ForestDryPoor
97289,Brachythecium rutabulum,ForestDryPoor
97290,Brachythecium rutabulum,ForestDryPoor
97291,Brachythecium rutabulum,ForestDryPoor
97292,Brachythecium rutabulum,ForestDryPoor
97293,Brachythecium rutabulum,ForestDryPoor
97294,Brachythecium rutabulum,ForestDryPoor
97335,Brachythecium rutabulum,ForestDryPoor
97336,Brachythecium rutabulum,ForestDryPoor
97337,Brachythecium rutabulum,ForestDryPoor
97338,Brachythecium rutabulum,ForestDryPoor
97339,Brachythecium rutabulum,ForestDryPoor
97340,Brachythecium rutabulum,ForestDryPoor
97341,Brachythecium rutabulum,ForestDryPoor
97342,Brachythecium rutabulum,ForestDryPoor
97343,Brachythecium rutabulum,ForestDryPoor
97344,Brachythecium rutabulum,ForestDryPoor
97345,Brachythecium rutabulum,ForestDryPoor
97346,Brachythecium rutabulum,ForestDryPoor
97347,Brachythecium rutabulum,ForestDryPoor
97348,Brachythecium rutabulum,ForestDryPoor
97874,Brachythecium rutabulum,ForestDryPoor
97875,Brachythecium rutabulum,ForestDryPoor
97876,Brachythecium rutabulum,ForestDryPoor
97877,Brachythecium rutabulum,ForestDryPoor
97878,Brachythecium rutabulum,ForestDryPoor
97879,Brachythecium rutabulum,ForestDryPoor
97880,Brachythecium rutabulum,ForestDryPoor
97881,Brachythecium rutabulum,ForestDryPoor
97882,Brachythecium rutabulum,ForestDryPoor
97883,Brachythecium rutabulum,ForestDryPoor
97884,Brachythecium rutabulum,ForestDryPoor
97885,Brachythecium rutabulum,ForestDryPoor
97886,Brachythecium rutabulum,ForestDryPoor
97887,Brachythecium rutabulum,ForestDryPoor
97888,Brachythecium rutabulum,ForestDryPoor
97889,Brachythecium rutabulum,ForestDryPoor
97890,Brachythecium rutabulum,ForestDryPoor
97891,Brachythecium rutabulum,ForestDryPoor
97892,Brachythecium rutabulum,ForestDryPoor
97893,Brachythecium rutabulum,ForestDryPoor
97934,Brachythecium rutabulum,ForestDryPoor
97935,Brachythecium rutabulum,ForestDryPoor
97936,Brachythecium rutabulum,ForestDryPoor
97937,Brachythecium rutabulum,ForestDryPoor
97938,Brachythecium rutabulum,ForestDryPoor
97939,Brachythecium rutabulum,ForestDryPoor
97940,Brachythecium rutabulum,ForestDryPoor
97941,Brachythecium rutabulum,ForestDryPoor
97942,Brachythecium rutabulum,ForestDryPoor
97943,Brachythecium rutabulum,ForestDryPoor
97944,Brachythecium rutabulum,ForestDryPoor
97945,Brachythecium rutabulum,ForestDryPoor
97946,Brachythecium rutabulum,ForestDryPoor
97947,Brachythecium rutabulum,ForestDryPoor
98473,Brachythecium rutabulum,ForestDryPoor
98474,Brachythecium rutabulum,ForestDryPoor
98475,Brachythecium rutabulum,ForestDryPoor
98476,Brachythecium rutabulum,ForestDryPoor
98477,Brachythecium rutabulum,ForestDryPoor
98478,Brachythecium rutabulum,ForestDryPoor
98479,Brachythecium rutabulum,ForestDryPoor
98480,Brachythecium rutabulum,ForestDryPoor
98481,Brachythecium rutabulum,ForestDryPoor
98482,Brachythecium rutabulum,ForestDryPoor
98483,Brachythecium rutabulum,ForestDryPoor
98484,Brachythecium rutabulum,ForestDryPoor
98485,Brachythecium rutabulum,ForestDryPoor
98486,Brachythecium rutabulum,ForestDryPoor
98487,Brachythecium rutabulum,ForestDryPoor
98488,Brachythecium rutabulum,ForestDryPoor
98489,Brachythecium rutabulum,ForestDryPoor
98490,Brachythecium rutabulum,ForestDryPoor
98491,Brachythecium rutabulum,ForestDryPoor
98492,Brachythecium rutabulum,ForestDryPoor
98513,Brachythecium rutabulum,ForestDryPoor
98514,Brachythecium rutabulum,ForestDryPoor
98515,Brachythecium rutabulum,ForestDryPoor
98516,Brachythecium rutabulum,ForestDryPoor
98517,Brachythecium rutabulum,ForestDryPoor
98518,Brachythecium rutabulum,ForestDryPoor
98519,Brachythecium rutabulum,ForestDryPoor
98520,Brachythecium rutabulum,ForestDryPoor
98521,Brachythecium rutabulum,ForestDryPoor
98522,Brachythecium rutabulum,ForestDryPoor
98523,Brachythecium rutabulum,ForestDryPoor
98524,Brachythecium rutabulum,ForestDryPoor
98525,Brachythecium rutabulum,ForestDryPoor
98526,Brachythecium rutabulum,ForestDryPoor
98527,Brachythecium rutabulum,ForestDryPoor
98528,Brachythecium rutabulum,ForestDryPoor
98529,Brachythecium rutabulum,ForestDryPoor
98530,Brachythecium rutabulum,ForestDryPoor
98531,Brachythecium rutabulum,ForestDryPoor
98532,Brachythecium rutabulum,ForestDryPoor
99072,Brachythecium rutabulum,ForestDryPoor
99073,Brachythecium rutabulum,ForestDryPoor
99074,Brachythecium rutabulum,ForestDryPoor
99075,Brachythecium rutabulum,ForestDryPoor
99076,Brachythecium rutabulum,ForestDryPoor
99077,Brachythecium rutabulum,ForestDryPoor
99078,Brachythecium rutabulum,ForestDryPoor
99079,Brachythecium rutabulum,ForestDryPoor
99080,Brachythecium rutabulum,ForestDryPoor
99081,Brachythecium rutabulum,ForestDryPoor
99082,Brachythecium rutabulum,ForestDryPoor
99083,Brachythecium rutabulum,ForestDryPoor
99084,Brachythecium rutabulum,ForestDryPoor
99085,Brachythecium rutabulum,ForestDryPoor
99086,Brachythecium rutabulum,ForestDryPoor
99087,Brachythecium rutabulum,ForestDryPoor
99088,Brachythecium rutabulum,ForestDryPoor
99089,Brachythecium rutabulum,ForestDryPoor
99090,Brachythecium rutabulum,ForestDryPoor
99091,Brachythecium rutabulum,ForestDryPoor
99112,Brachythecium rutabulum,ForestDryPoor
99113,Brachythecium rutabulum,ForestDryPoor
99114,Brachythecium rutabulum,ForestDryPoor
99115,Brachythecium rutabulum,ForestDryPoor
99116,Brachythecium rutabulum,ForestDryPoor
99117,Brachythecium rutabulum,ForestDryPoor
99118,Brachythecium rutabulum,ForestDryPoor
99119,Brachythecium rutabulum,ForestDryPoor
99120,Brachythecium rutabulum,ForestDryPoor
99121,Brachythecium rutabulum,ForestDryPoor
99122,Brachythecium rutabulum,ForestDryPoor
99123,Brachythecium rutabulum,ForestDryPoor
99124,Brachythecium rutabulum,ForestDryPoor
99125,Brachythecium rutabulum,ForestDryPoor
99126,Brachythecium rutabulum,ForestDryPoor
99127,Brachythecium rutabulum,ForestDryPoor
99128,Brachythecium rutabulum,ForestDryPoor
99129,Brachythecium rutabulum,ForestDryPoor
99130,Brachythecium rutabulum,ForestDryPoor
99131,Brachythecium rutabulum,ForestDryPoor
99671,Brachythecium rutabulum,ForestDryPoor
99672,Brachythecium rutabulum,ForestDryPoor
99673,Brachythecium rutabulum,ForestDryPoor
99674,Brachythecium rutabulum,ForestDryPoor
99675,Brachythecium rutabulum,ForestDryPoor
99676,Brachythecium rutabulum,ForestDryPoor
99677,Brachythecium rutabulum,ForestDryPoor
99678,Brachythecium rutabulum,ForestDryPoor
99679,Brachythecium rutabulum,ForestDryPoor
99680,Brachythecium rutabulum,ForestDryPoor
99681,Brachythecium rutabulum,ForestDryPoor
99682,Brachythecium rutabulum,ForestDryPoor
99683,Brachythecium rutabulum,ForestDryPoor
99684,Brachythecium rutabulum,ForestDryPoor
99685,Brachythecium rutabulum,ForestDryPoor
99686,Brachythecium rutabulum,ForestDryPoor
99687,Brachythecium rutabulum,ForestDryPoor
99688,Brachythecium rutabulum,ForestDryPoor
99689,Brachythecium rutabulum,ForestDryPoor
99690,Brachythecium rutabulum,ForestDryPoor
99711,Brachythecium rutabulum,ForestDryPoor
99712,Brachythecium rutabulum,ForestDryPoor
99713,Brachythecium rutabulum,ForestDryPoor
99714,Brachythecium rutabulum,ForestDryPoor
99715,Brachythecium rutabulum,ForestDryPoor
99716,Brachythecium rutabulum,ForestDryPoor
99717,Brachythecium rutabulum,ForestDryPoor
99718,Brachythecium rutabulum,ForestDryPoor
99719,Brachythecium rutabulum,ForestDryPoor
99720,Brachythecium rutabulum,ForestDryPoor
99721,Brachythecium rutabulum,ForestDryPoor
99722,Brachythecium rutabulum,ForestDryPoor
99723,Brachythecium rutabulum,ForestDryPoor
99724,Brachythecium rutabulum,ForestDryPoor
99725,Brachythecium rutabulum,ForestDryPoor
99726,Brachythecium rutabulum,ForestDryPoor
99727,Brachythecium rutabulum,ForestDryPoor
99728,Brachythecium rutabulum,ForestDryPoor
99729,Brachythecium rutabulum,ForestDryPoor
99730,Brachythecium rutabulum,ForestDryPoor
100270,Brachythecium rutabulum,ForestDryPoor
100271,Brachythecium rutabulum,ForestDryPoor
100272,Brachythecium rutabulum,ForestDryPoor
100273,Brachythecium rutabulum,ForestDryPoor
100274,Brachythecium rutabulum,ForestDryPoor
100275,Brachythecium rutabulum,ForestDryPoor
100276,Brachythecium rutabulum,ForestDryPoor
100277,Brachythecium rutabulum,ForestDryPoor
100278,Brachythecium rutabulum,ForestDryPoor
100279,Brachythecium rutabulum,ForestDryPoor
100280,Brachythecium rutabulum,ForestDryPoor
100281,Brachythecium rutabulum,ForestDryPoor
100282,Brachythecium rutabulum,ForestDryPoor
100283,Brachythecium rutabulum,ForestDryPoor
100284,Brachythecium rutabulum,ForestDryPoor
100285,Brachythecium rutabulum,ForestDryPoor
100286,Brachythecium rutabulum,ForestDryPoor
100287,Brachythecium rutabulum,ForestDryPoor
100288,Brachythecium rutabulum,ForestDryPoor
100289,Brachythecium rutabulum,ForestDryPoor
100310,Brachythecium rutabulum,ForestDryPoor
100311,Brachythecium rutabulum,ForestDryPoor
100312,Brachythecium rutabulum,ForestDryPoor
100313,Brachythecium rutabulum,ForestDryPoor
100314,Brachythecium rutabulum,ForestDryPoor
100315,Brachythecium rutabulum,ForestDryPoor
100316,Brachythecium rutabulum,ForestDryPoor
100317,Brachythecium rutabulum,ForestDryPoor
100318,Brachythecium rutabulum,ForestDryPoor
100319,Brachythecium rutabulum,ForestDryPoor
100320,Brachythecium rutabulum,ForestDryPoor
100321,Brachythecium rutabulum,ForestDryPoor
100322,Brachythecium rutabulum,ForestDryPoor
100323,Brachythecium rutabulum,ForestDryPoor
100324,Brachythecium rutabulum,ForestDryPoor
100325,Brachythecium rutabulum,ForestDryPoor
100326,Brachythecium rutabulum,ForestDryPoor
100327,Brachythecium rutabulum,ForestDryPoor
100328,Brachythecium rutabulum,ForestDryPoor
100329,Brachythecium rutabulum,ForestDryPoor
100869,Brachythecium rutabulum,ForestDryPoor
100870,Brachythecium rutabulum,ForestDryPoor
100871,Brachythecium rutabulum,ForestDryPoor
100872,Brachythecium rutabulum,ForestDryPoor
100873,Brachythecium rutabulum,ForestDryPoor
100874,Brachythecium rutabulum,ForestDryPoor
100875,Brachythecium rutabulum,ForestDryPoor
100876,Brachythecium rutabulum,ForestDryPoor
100877,Brachythecium rutabulum,ForestDryPoor
100878,Brachythecium rutabulum,ForestDryPoor
100879,Brachythecium rutabulum,ForestDryPoor
100880,Brachythecium rutabulum,ForestDryPoor
100881,Brachythecium rutabulum,ForestDryPoor
100882,Brachythecium rutabulum,ForestDryPoor
100883,Brachythecium rutabulum,ForestDryPoor
100884,Brachythecium rutabulum,ForestDryPoor
100885,Brachythecium rutabulum,ForestDryPoor
100886,Brachythecium rutabulum,ForestDryPoor
100887,Brachythecium rutabulum,ForestDryPoor
100888,Brachythecium rutabulum,ForestDryPoor
100909,Brachythecium rutabulum,ForestDryPoor
100910,Brachythecium rutabulum,ForestDryPoor
100911,Brachythecium rutabulum,ForestDryPoor
100912,Brachythecium rutabulum,ForestDryPoor
100913,Brachythecium rutabulum,ForestDryPoor
100914,Brachythecium rutabulum,ForestDryPoor
100915,Brachythecium rutabulum,ForestDryPoor
100916,Brachythecium rutabulum,ForestDryPoor
100917,Brachythecium rutabulum,ForestDryPoor
100918,Brachythecium rutabulum,ForestDryPoor
100919,Brachythecium rutabulum,ForestDryPoor
100920,Brachythecium rutabulum,ForestDryPoor
100921,Brachythecium rutabulum,ForestDryPoor
100922,Brachythecium rutabulum,ForestDryPoor
100923,Brachythecium rutabulum,ForestDryPoor
100924,Brachythecium rutabulum,ForestDryPoor
100925,Brachythecium rutabulum,ForestDryPoor
100926,Brachythecium rutabulum,ForestDryPoor
100927,Brachythecium rutabulum,ForestDryPoor
100928,Brachythecium rutabulum,ForestDryPoor
101468,Brachythecium rutabulum,ForestDryPoor
101469,Brachythecium rutabulum,ForestDryPoor
101470,Brachythecium rutabulum,ForestDryPoor
101471,Brachythecium rutabulum,ForestDryPoor
101472,Brachythecium rutabulum,ForestDryPoor
101473,Brachythecium rutabulum,ForestDryPoor
101474,Brachythecium rutabulum,ForestDryPoor
101475,Brachythecium rutabulum,ForestDryPoor
101476,Brachythecium rutabulum,ForestDryPoor
101477,Brachythecium rutabulum,ForestDryPoor
101478,Brachythecium rutabulum,ForestDryPoor
101479,Brachythecium rutabulum,ForestDryPoor
101480,Brachythecium rutabulum,ForestDryPoor
101481,Brachythecium rutabulum,ForestDryPoor
101482,Brachythecium rutabulum,ForestDryPoor
101483,Brachythecium rutabulum,ForestDryPoor
101484,Brachythecium rutabulum,ForestDryPoor
101485,Brachythecium rutabulum,ForestDryPoor
101486,Brachythecium rutabulum,ForestDryPoor
101487,Brachythecium rutabulum,ForestDryPoor
101508,Brachythecium rutabulum,ForestDryPoor
101509,Brachythecium rutabulum,ForestDryPoor
101510,Brachythecium rutabulum,ForestDryPoor
101511,Brachythecium rutabulum,ForestDryPoor
101512,Brachythecium rutabulum,ForestDryPoor
101513,Brachythecium rutabulum,ForestDryPoor
101514,Brachythecium rutabulum,ForestDryPoor
101515,Brachythecium rutabulum,ForestDryPoor
101516,Brachythecium rutabulum,ForestDryPoor
101517,Brachythecium rutabulum,ForestDryPoor
101518,Brachythecium rutabulum,ForestDryPoor
101519,Brachythecium rutabulum,ForestDryPoor
101520,Brachythecium rutabulum,ForestDryPoor
101521,Brachythecium rutabulum,ForestDryPoor
101522,Brachythecium rutabulum,ForestDryPoor
101523,Brachythecium rutabulum,ForestDryPoor
101524,Brachythecium rutabulum,ForestDryPoor
101525,Brachythecium rutabulum,ForestDryPoor
101526,Brachythecium rutabulum,ForestDryPoor
101527,Brachythecium rutabulum,ForestDryPoor
102067,Brachythecium rutabulum,ForestDryPoor
102068,Brachythecium rutabulum,ForestDryPoor
102069,Brachythecium rutabulum,ForestDryPoor
102070,Brachythecium rutabulum,ForestDryPoor
102071,Brachythecium rutabulum,ForestDryPoor
102072,Brachythecium rutabulum,ForestDryPoor
102073,Brachythecium rutabulum,ForestDryPoor
102074,Brachythecium rutabulum,ForestDryPoor
102075,Brachythecium rutabulum,ForestDryPoor
102076,Brachythecium rutabulum,ForestDryPoor
102077,Brachythecium rutabulum,ForestDryPoor
102078,Brachythecium rutabulum,ForestDryPoor
102079,Brachythecium rutabulum,ForestDryPoor
102080,Brachythecium rutabulum,ForestDryPoor
102081,Brachythecium rutabulum,ForestDryPoor
102082,Brachythecium rutabulum,ForestDryPoor
102083,Brachythecium rutabulum,ForestDryPoor
102084,Brachythecium rutabulum,ForestDryPoor
102085,Brachythecium rutabulum,ForestDryPoor
102086,Brachythecium rutabulum,ForestDryPoor
102107,Brachythecium rutabulum,ForestDryPoor
102108,Brachythecium rutabulum,ForestDryPoor
102109,Brachythecium rutabulum,ForestDryPoor
102110,Brachythecium rutabulum,ForestDryPoor
102111,Brachythecium rutabulum,ForestDryPoor
102112,Brachythecium rutabulum,ForestDryPoor
102113,Brachythecium rutabulum,ForestDryPoor
102114,Brachythecium rutabulum,ForestDryPoor
102115,Brachythecium rutabulum,ForestDryPoor
102116,Brachythecium rutabulum,ForestDryPoor
102117,Brachythecium rutabulum,ForestDryPoor
102118,Brachythecium rutabulum,ForestDryPoor
102119,Brachythecium rutabulum,ForestDryPoor
102120,Brachythecium rutabulum,ForestDryPoor
102121,Brachythecium rutabulum,ForestDryPoor
102122,Brachythecium rutabulum,ForestDryPoor
102123,Brachythecium rutabulum,ForestDryPoor
102124,Brachythecium rutabulum,ForestDryPoor
102125,Brachythecium rutabulum,ForestDryPoor
102126,Brachythecium rutabulum,ForestDryPoor
102666,Brachythecium rutabulum,ForestDryPoor
102667,Brachythecium rutabulum,ForestDryPoor
102668,Brachythecium rutabulum,ForestDryPoor
102669,Brachythecium rutabulum,ForestDryPoor
102670,Brachythecium rutabulum,ForestDryPoor
102671,Brachythecium rutabulum,ForestDryPoor
102672,Brachythecium rutabulum,ForestDryPoor
102673,Brachythecium rutabulum,ForestDryPoor
102674,Brachythecium rutabulum,ForestDryPoor
102675,Brachythecium rutabulum,ForestDryPoor
102676,Brachythecium rutabulum,ForestDryPoor
102677,Brachythecium rutabulum,ForestDryPoor
102678,Brachythecium rutabulum,ForestDryPoor
102679,Brachythecium rutabulum,ForestDryPoor
102680,Brachythecium rutabulum,ForestDryPoor
102681,Brachythecium rutabulum,ForestDryPoor
102682,Brachythecium rutabulum,ForestDryPoor
102683,Brachythecium rutabulum,ForestDryPoor
102684,Brachythecium rutabulum,ForestDryPoor
102685,Brachythecium rutabulum,ForestDryPoor
102706,Brachythecium rutabulum,ForestDryPoor
102707,Brachythecium rutabulum,ForestDryPoor
102708,Brachythecium rutabulum,ForestDryPoor
102709,Brachythecium rutabulum,ForestDryPoor
102710,Brachythecium rutabulum,ForestDryPoor
102711,Brachythecium rutabulum,ForestDryPoor
102712,Brachythecium rutabulum,ForestDryPoor
102713,Brachythecium rutabulum,ForestDryPoor
102714,Brachythecium rutabulum,ForestDryPoor
102715,Brachythecium rutabulum,ForestDryPoor
102716,Brachythecium rutabulum,ForestDryPoor
102717,Brachythecium rutabulum,ForestDryPoor
102718,Brachythecium rutabulum,ForestDryPoor
102719,Brachythecium rutabulum,ForestDryPoor
102720,Brachythecium rutabulum,ForestDryPoor
102721,Brachythecium rutabulum,ForestDryPoor
102722,Brachythecium rutabulum,ForestDryPoor
102723,Brachythecium rutabulum,ForestDryPoor
102724,Brachythecium rutabulum,ForestDryPoor
102725,Brachythecium rutabulum,ForestDryPoor
103265,Brachythecium rutabulum,ForestDryPoor
103266,Brachythecium rutabulum,ForestDryPoor
103267,Brachythecium rutabulum,ForestDryPoor
103268,Brachythecium rutabulum,ForestDryPoor
103269,Brachythecium rutabulum,ForestDryPoor
103270,Brachythecium rutabulum,ForestDryPoor
103271,Brachythecium rutabulum,ForestDryPoor
103272,Brachythecium rutabulum,ForestDryPoor
103273,Brachythecium rutabulum,ForestDryPoor
103274,Brachythecium rutabulum,ForestDryPoor
103275,Brachythecium rutabulum,ForestDryPoor
103276,Brachythecium rutabulum,ForestDryPoor
103277,Brachythecium rutabulum,ForestDryPoor
103278,Brachythecium rutabulum,ForestDryPoor
103279,Brachythecium rutabulum,ForestDryPoor
103280,Brachythecium rutabulum,ForestDryPoor
103281,Brachythecium rutabulum,ForestDryPoor
103282,Brachythecium rutabulum,ForestDryPoor
103283,Brachythecium rutabulum,ForestDryPoor
103284,Brachythecium rutabulum,ForestDryPoor
103305,Brachythecium rutabulum,ForestDryPoor
103306,Brachythecium rutabulum,ForestDryPoor
103307,Brachythecium rutabulum,ForestDryPoor
103308,Brachythecium rutabulum,ForestDryPoor
103309,Brachythecium rutabulum,ForestDryPoor
103310,Brachythecium rutabulum,ForestDryPoor
103311,Brachythecium rutabulum,ForestDryPoor
103312,Brachythecium rutabulum,ForestDryPoor
103313,Brachythecium rutabulum,ForestDryPoor
103314,Brachythecium rutabulum,ForestDryPoor
103315,Brachythecium rutabulum,ForestDryPoor
103316,Brachythecium rutabulum,ForestDryPoor
103317,Brachythecium rutabulum,ForestDryPoor
103318,Brachythecium rutabulum,ForestDryPoor
103319,Brachythecium rutabulum,ForestDryPoor
103320,Brachythecium rutabulum,ForestDryPoor
103321,Brachythecium rutabulum,ForestDryPoor
103322,Brachythecium rutabulum,ForestDryPoor
103323,Brachythecium rutabulum,ForestDryPoor
103324,Brachythecium rutabulum,ForestDryPoor
103864,Brachythecium rutabulum,ForestDryPoor
103865,Brachythecium rutabulum,ForestDryPoor
103866,Brachythecium rutabulum,ForestDryPoor
103867,Brachythecium rutabulum,ForestDryPoor
103868,Brachythecium rutabulum,ForestDryPoor
103869,Brachythecium rutabulum,ForestDryPoor
103870,Brachythecium rutabulum,ForestDryPoor
103871,Brachythecium rutabulum,ForestDryPoor
103872,Brachythecium rutabulum,ForestDryPoor
103873,Brachythecium rutabulum,ForestDryPoor
103874,Brachythecium rutabulum,ForestDryPoor
103875,Brachythecium rutabulum,ForestDryPoor
103876,Brachythecium rutabulum,ForestDryPoor
103877,Brachythecium rutabulum,ForestDryPoor
103878,Brachythecium rutabulum,ForestDryPoor
103879,Brachythecium rutabulum,ForestDryPoor
103880,Brachythecium rutabulum,ForestDryPoor
103881,Brachythecium rutabulum,ForestDryPoor
103882,Brachythecium rutabulum,ForestDryPoor
103883,Brachythecium rutabulum,ForestDryPoor
103904,Brachythecium rutabulum,ForestDryPoor
103905,Brachythecium rutabulum,ForestDryPoor
103906,Brachythecium rutabulum,ForestDryPoor
103907,Brachythecium rutabulum,ForestDryPoor
103908,Brachythecium rutabulum,ForestDryPoor
103909,Brachythecium rutabulum,ForestDryPoor
103910,Brachythecium rutabulum,ForestDryPoor
103911,Brachythecium rutabulum,ForestDryPoor
103912,Brachythecium rutabulum,ForestDryPoor
103913,Brachythecium rutabulum,ForestDryPoor
103914,Brachythecium rutabulum,ForestDryPoor
103915,Brachythecium rutabulum,ForestDryPoor
103916,Brachythecium rutabulum,ForestDryPoor
103917,Brachythecium rutabulum,ForestDryPoor
103918,Brachythecium rutabulum,ForestDryPoor
103919,Brachythecium rutabulum,ForestDryPoor
103920,Brachythecium rutabulum,ForestDryPoor
103921,Brachythecium rutabulum,ForestDryPoor
103922,Brachythecium rutabulum,ForestDryPoor
103923,Brachythecium rutabulum,ForestDryPoor
104463,Brachythecium rutabulum,ForestDryPoor
104464,Brachythecium rutabulum,ForestDryPoor
104465,Brachythecium rutabulum,ForestDryPoor
104466,Brachythecium rutabulum,ForestDryPoor
104467,Brachythecium rutabulum,ForestDryPoor
104468,Brachythecium rutabulum,ForestDryPoor
104469,Brachythecium rutabulum,ForestDryPoor
104470,Brachythecium rutabulum,ForestDryPoor
104471,Brachythecium rutabulum,ForestDryPoor
104472,Brachythecium rutabulum,ForestDryPoor
104473,Brachythecium rutabulum,ForestDryPoor
104474,Brachythecium rutabulum,ForestDryPoor
104475,Brachythecium rutabulum,ForestDryPoor
104476,Brachythecium rutabulum,ForestDryPoor
104477,Brachythecium rutabulum,ForestDryPoor
104478,Brachythecium rutabulum,ForestDryPoor
104479,Brachythecium rutabulum,ForestDryPoor
104480,Brachythecium rutabulum,ForestDryPoor
104481,Brachythecium rutabulum,ForestDryPoor
104482,Brachythecium rutabulum,ForestDryPoor
104503,Brachythecium rutabulum,ForestDryPoor
104504,Brachythecium rutabulum,ForestDryPoor
104505,Brachythecium rutabulum,ForestDryPoor
104506,Brachythecium rutabulum,ForestDryPoor
104507,Brachythecium rutabulum,ForestDryPoor
104508,Brachythecium rutabulum,ForestDryPoor
104509,Brachythecium rutabulum,ForestDryPoor
104510,Brachythecium rutabulum,ForestDryPoor
104511,Brachythecium rutabulum,ForestDryPoor
104512,Brachythecium rutabulum,ForestDryPoor
104513,Brachythecium rutabulum,ForestDryPoor
104514,Brachythecium rutabulum,ForestDryPoor
104515,Brachythecium rutabulum,ForestDryPoor
104516,Brachythecium rutabulum,ForestDryPoor
104517,Brachythecium rutabulum,ForestDryPoor
104518,Brachythecium rutabulum,ForestDryPoor
104519,Brachythecium rutabulum,ForestDryPoor
104520,Brachythecium rutabulum,ForestDryPoor
104521,Brachythecium rutabulum,ForestDryPoor
104522,Brachythecium rutabulum,ForestDryPoor
105062,Brachythecium rutabulum,ForestDryPoor
105063,Brachythecium rutabulum,ForestDryPoor
105064,Brachythecium rutabulum,ForestDryPoor
105065,Brachythecium rutabulum,ForestDryPoor
105066,Brachythecium rutabulum,ForestDryPoor
105067,Brachythecium rutabulum,ForestDryPoor
105068,Brachythecium rutabulum,ForestDryPoor
105069,Brachythecium rutabulum,ForestDryPoor
105070,Brachythecium rutabulum,ForestDryPoor
105071,Brachythecium rutabulum,ForestDryPoor
105072,Brachythecium rutabulum,ForestDryPoor
105073,Brachythecium rutabulum,ForestDryPoor
105074,Brachythecium rutabulum,ForestDryPoor
105075,Brachythecium rutabulum,ForestDryPoor
105076,Brachythecium rutabulum,ForestDryPoor
105077,Brachythecium rutabulum,ForestDryPoor
105078,Brachythecium rutabulum,ForestDryPoor
105079,Brachythecium rutabulum,ForestDryPoor
105080,Brachythecium rutabulum,ForestDryPoor
105081,Brachythecium rutabulum,ForestDryPoor
105102,Brachythecium rutabulum,ForestDryPoor
105103,Brachythecium rutabulum,ForestDryPoor
105104,Brachythecium rutabulum,ForestDryPoor
105105,Brachythecium rutabulum,ForestDryPoor
105106,Brachythecium rutabulum,ForestDryPoor
105107,Brachythecium rutabulum,ForestDryPoor
105108,Brachythecium rutabulum,ForestDryPoor
105109,Brachythecium rutabulum,ForestDryPoor
105110,Brachythecium rutabulum,ForestDryPoor
105111,Brachythecium rutabulum,ForestDryPoor
105112,Brachythecium rutabulum,ForestDryPoor
105113,Brachythecium rutabulum,ForestDryPoor
105114,Brachythecium rutabulum,ForestDryPoor
105115,Brachythecium rutabulum,ForestDryPoor
105116,Brachythecium rutabulum,ForestDryPoor
105117,Brachythecium rutabulum,ForestDryPoor
105118,Brachythecium rutabulum,ForestDryPoor
105119,Brachythecium rutabulum,ForestDryPoor
105120,Brachythecium rutabulum,ForestDryPoor
105121,Brachythecium rutabulum,ForestDryPoor
105661,Brachythecium rutabulum,ForestDryPoor
105662,Brachythecium rutabulum,ForestDryPoor
105663,Brachythecium rutabulum,ForestDryPoor
105664,Brachythecium rutabulum,ForestDryPoor
105665,Brachythecium rutabulum,ForestDryPoor
105666,Brachythecium rutabulum,ForestDryPoor
105667,Brachythecium rutabulum,ForestDryPoor
105668,Brachythecium rutabulum,ForestDryPoor
105669,Brachythecium rutabulum,ForestDryPoor
105670,Brachythecium rutabulum,ForestDryPoor
105671,Brachythecium rutabulum,ForestDryPoor
105672,Brachythecium rutabulum,ForestDryPoor
105673,Brachythecium rutabulum,ForestDryPoor
105674,Brachythecium rutabulum,ForestDryPoor
105675,Brachythecium rutabulum,ForestDryPoor
105676,Brachythecium rutabulum,ForestDryPoor
105677,Brachythecium rutabulum,ForestDryPoor
105678,Brachythecium rutabulum,ForestDryPoor
105679,Brachythecium rutabulum,ForestDryPoor
105680,Brachythecium rutabulum,ForestDryPoor
105701,Brachythecium rutabulum,ForestDryPoor
105702,Brachythecium rutabulum,ForestDryPoor
105703,Brachythecium rutabulum,ForestDryPoor
105704,Brachythecium rutabulum,ForestDryPoor
105705,Brachythecium rutabulum,ForestDryPoor
105706,Brachythecium rutabulum,ForestDryPoor
105707,Brachythecium rutabulum,ForestDryPoor
105708,Brachythecium rutabulum,ForestDryPoor
105709,Brachythecium rutabulum,ForestDryPoor
105710,Brachythecium rutabulum,ForestDryPoor
105711,Brachythecium rutabulum,ForestDryPoor
105712,Brachythecium rutabulum,ForestDryPoor
105713,Brachythecium rutabulum,ForestDryPoor
105714,Brachythecium rutabulum,ForestDryPoor
105715,Brachythecium rutabulum,ForestDryPoor
105716,Brachythecium rutabulum,ForestDryPoor
105717,Brachythecium rutabulum,ForestDryPoor
105718,Brachythecium rutabulum,ForestDryPoor
105719,Brachythecium rutabulum,ForestDryPoor
105720,Brachythecium rutabulum,ForestDryPoor
106260,Brachythecium rutabulum,ForestDryPoor
106261,Brachythecium rutabulum,ForestDryPoor
106262,Brachythecium rutabulum,ForestDryPoor
106263,Brachythecium rutabulum,ForestDryPoor
106264,Brachythecium rutabulum,ForestDryPoor
106265,Brachythecium rutabulum,ForestDryPoor
106266,Brachythecium rutabulum,ForestDryPoor
106267,Brachythecium rutabulum,ForestDryPoor
106268,Brachythecium rutabulum,ForestDryPoor
106269,Brachythecium rutabulum,ForestDryPoor
106270,Brachythecium rutabulum,ForestDryPoor
106271,Brachythecium rutabulum,ForestDryPoor
106272,Brachythecium rutabulum,ForestDryPoor
106273,Brachythecium rutabulum,ForestDryPoor
106274,Brachythecium rutabulum,ForestDryPoor
106275,Brachythecium rutabulum,ForestDryPoor
106276,Brachythecium rutabulum,ForestDryPoor
106277,Brachythecium rutabulum,ForestDryPoor
106278,Brachythecium rutabulum,ForestDryPoor
106279,Brachythecium rutabulum,ForestDryPoor
106300,Brachythecium rutabulum,ForestDryPoor
106301,Brachythecium rutabulum,ForestDryPoor
106302,Brachythecium rutabulum,ForestDryPoor
106303,Brachythecium rutabulum,ForestDryPoor
106304,Brachythecium rutabulum,ForestDryPoor
106305,Brachythecium rutabulum,ForestDryPoor
106306,Brachythecium rutabulum,ForestDryPoor
106307,Brachythecium rutabulum,ForestDryPoor
106308,Brachythecium rutabulum,ForestDryPoor
106309,Brachythecium rutabulum,ForestDryPoor
106310,Brachythecium rutabulum,ForestDryPoor
106311,Brachythecium rutabulum,ForestDryPoor
106312,Brachythecium rutabulum,ForestDryPoor
106313,Brachythecium rutabulum,ForestDryPoor
106314,Brachythecium rutabulum,ForestDryPoor
106315,Brachythecium rutabulum,ForestDryPoor
106316,Brachythecium rutabulum,ForestDryPoor
106317,Brachythecium rutabulum,ForestDryPoor
106318,Brachythecium rutabulum,ForestDryPoor
106319,Brachythecium rutabulum,ForestDryPoor
106859,Brachythecium rutabulum,ForestDryPoor
106860,Brachythecium rutabulum,ForestDryPoor
106861,Brachythecium rutabulum,ForestDryPoor
106862,Brachythecium rutabulum,ForestDryPoor
106863,Brachythecium rutabulum,ForestDryPoor
106864,Brachythecium rutabulum,ForestDryPoor
106865,Brachythecium rutabulum,ForestDryPoor
106866,Brachythecium rutabulum,ForestDryPoor
106867,Brachythecium rutabulum,ForestDryPoor
106868,Brachythecium rutabulum,ForestDryPoor
106869,Brachythecium rutabulum,ForestDryPoor
106870,Brachythecium rutabulum,ForestDryPoor
106871,Brachythecium rutabulum,ForestDryPoor
106872,Brachythecium rutabulum,ForestDryPoor
106873,Brachythecium rutabulum,ForestDryPoor
106874,Brachythecium rutabulum,ForestDryPoor
106875,Brachythecium rutabulum,ForestDryPoor
106876,Brachythecium rutabulum,ForestDryPoor
106877,Brachythecium rutabulum,ForestDryPoor
106878,Brachythecium rutabulum,ForestDryPoor
106899,Brachythecium rutabulum,ForestDryPoor
106900,Brachythecium rutabulum,ForestDryPoor
106901,Brachythecium rutabulum,ForestDryPoor
106902,Brachythecium rutabulum,ForestDryPoor
106903,Brachythecium rutabulum,ForestDryPoor
106904,Brachythecium rutabulum,ForestDryPoor
106905,Brachythecium rutabulum,ForestDryPoor
106906,Brachythecium rutabulum,ForestDryPoor
106907,Brachythecium rutabulum,ForestDryPoor
106908,Brachythecium rutabulum,ForestDryPoor
106909,Brachythecium rutabulum,ForestDryPoor
106910,Brachythecium rutabulum,ForestDryPoor
106911,Brachythecium rutabulum,ForestDryPoor
106912,Brachythecium rutabulum,ForestDryPoor
106913,Brachythecium rutabulum,ForestDryPoor
106914,Brachythecium rutabulum,ForestDryPoor
106915,Brachythecium rutabulum,ForestDryPoor
106916,Brachythecium rutabulum,ForestDryPoor
106917,Brachythecium rutabulum,ForestDryPoor
106918,Brachythecium rutabulum,ForestDryPoor
107458,Brachythecium rutabulum,ForestDryPoor
107459,Brachythecium rutabulum,ForestDryPoor
107460,Brachythecium rutabulum,ForestDryPoor
107461,Brachythecium rutabulum,ForestDryPoor
107462,Brachythecium rutabulum,ForestDryPoor
107463,Brachythecium rutabulum,ForestDryPoor
107464,Brachythecium rutabulum,ForestDryPoor
107465,Brachythecium rutabulum,ForestDryPoor
107466,Brachythecium rutabulum,ForestDryPoor
107467,Brachythecium rutabulum,ForestDryPoor
107468,Brachythecium rutabulum,ForestDryPoor
107469,Brachythecium rutabulum,ForestDryPoor
107470,Brachythecium rutabulum,ForestDryPoor
107471,Brachythecium rutabulum,ForestDryPoor
107472,Brachythecium rutabulum,ForestDryPoor
107473,Brachythecium rutabulum,ForestDryPoor
107474,Brachythecium rutabulum,ForestDryPoor
107475,Brachythecium rutabulum,ForestDryPoor
107476,Brachythecium rutabulum,ForestDryPoor
107477,Brachythecium rutabulum,ForestDryPoor
107498,Brachythecium rutabulum,ForestDryPoor
107499,Brachythecium rutabulum,ForestDryPoor
107500,Brachythecium rutabulum,ForestDryPoor
107501,Brachythecium rutabulum,ForestDryPoor
107502,Brachythecium rutabulum,ForestDryPoor
107503,Brachythecium rutabulum,ForestDryPoor
107504,Brachythecium rutabulum,ForestDryPoor
107505,Brachythecium rutabulum,ForestDryPoor
107506,Brachythecium rutabulum,ForestDryPoor
107507,Brachythecium rutabulum,ForestDryPoor
107508,Brachythecium rutabulum,ForestDryPoor
107509,Brachythecium rutabulum,ForestDryPoor
107510,Brachythecium rutabulum,ForestDryPoor
107511,Brachythecium rutabulum,ForestDryPoor
107512,Brachythecium rutabulum,ForestDryPoor
107513,Brachythecium rutabulum,ForestDryPoor
107514,Brachythecium rutabulum,ForestDryPoor
107515,Brachythecium rutabulum,ForestDryPoor
107516,Brachythecium rutabulum,ForestDryPoor
107517,Brachythecium rutabulum,ForestDryPoor
108057,Brachythecium rutabulum,ForestDryPoor
108058,Brachythecium rutabulum,ForestDryPoor
108059,Brachythecium rutabulum,ForestDryPoor
108060,Brachythecium rutabulum,ForestDryPoor
108061,Brachythecium rutabulum,ForestDryPoor
108062,Brachythecium rutabulum,ForestDryPoor
108063,Brachythecium rutabulum,ForestDryPoor
108064,Brachythecium rutabulum,ForestDryPoor
108065,Brachythecium rutabulum,ForestDryPoor
108066,Brachythecium rutabulum,ForestDryPoor
108067,Brachythecium rutabulum,ForestDryPoor
108068,Brachythecium rutabulum,ForestDryPoor
108069,Brachythecium rutabulum,ForestDryPoor
108070,Brachythecium rutabulum,ForestDryPoor
108071,Brachythecium rutabulum,ForestDryPoor
108072,Brachythecium rutabulum,ForestDryPoor
108073,Brachythecium rutabulum,ForestDryPoor
108074,Brachythecium rutabulum,ForestDryPoor
108075,Brachythecium rutabulum,ForestDryPoor
108076,Brachythecium rutabulum,ForestDryPoor
108097,Brachythecium rutabulum,ForestDryPoor
108098,Brachythecium rutabulum,ForestDryPoor
108099,Brachythecium rutabulum,ForestDryPoor
108100,Brachythecium rutabulum,ForestDryPoor
108101,Brachythecium rutabulum,ForestDryPoor
108102,Brachythecium rutabulum,ForestDryPoor
108103,Brachythecium rutabulum,ForestDryPoor
108104,Brachythecium rutabulum,ForestDryPoor
108105,Brachythecium rutabulum,ForestDryPoor
108106,Brachythecium rutabulum,ForestDryPoor
108107,Brachythecium rutabulum,ForestDryPoor
108108,Brachythecium rutabulum,ForestDryPoor
108109,Brachythecium rutabulum,ForestDryPoor
108110,Brachythecium rutabulum,ForestDryPoor
108111,Brachythecium rutabulum,ForestDryPoor
108112,Brachythecium rutabulum,ForestDryPoor
108113,Brachythecium rutabulum,ForestDryPoor
108114,Brachythecium rutabulum,ForestDryPoor
108115,Brachythecium rutabulum,ForestDryPoor
108116,Brachythecium rutabulum,ForestDryPoor
108656,Brachythecium rutabulum,ForestDryPoor
108657,Brachythecium rutabulum,ForestDryPoor
108658,Brachythecium rutabulum,ForestDryPoor
108659,Brachythecium rutabulum,ForestDryPoor
108660,Brachythecium rutabulum,ForestDryPoor
108661,Brachythecium rutabulum,ForestDryPoor
108662,Brachythecium rutabulum,ForestDryPoor
108663,Brachythecium rutabulum,ForestDryPoor
108664,Brachythecium rutabulum,ForestDryPoor
108665,Brachythecium rutabulum,ForestDryPoor
108666,Brachythecium rutabulum,ForestDryPoor
108667,Brachythecium rutabulum,ForestDryPoor
108668,Brachythecium rutabulum,ForestDryPoor
108669,Brachythecium rutabulum,ForestDryPoor
108670,Brachythecium rutabulum,ForestDryPoor
108671,Brachythecium rutabulum,ForestDryPoor
108672,Brachythecium rutabulum,ForestDryPoor
108673,Brachythecium rutabulum,ForestDryPoor
108674,Brachythecium rutabulum,ForestDryPoor
108675,Brachythecium rutabulum,ForestDryPoor
108696,Brachythecium rutabulum,ForestDryPoor
108697,Brachythecium rutabulum,ForestDryPoor
108698,Brachythecium rutabulum,ForestDryPoor
108699,Brachythecium rutabulum,ForestDryPoor
108700,Brachythecium rutabulum,ForestDryPoor
108701,Brachythecium rutabulum,ForestDryPoor
108702,Brachythecium rutabulum,ForestDryPoor
108703,Brachythecium rutabulum,ForestDryPoor
108704,Brachythecium rutabulum,ForestDryPoor
108705,Brachythecium rutabulum,ForestDryPoor
108706,Brachythecium rutabulum,ForestDryPoor
108707,Brachythecium rutabulum,ForestDryPoor
108708,Brachythecium rutabulum,ForestDryPoor
108709,Brachythecium rutabulum,ForestDryPoor
108710,Brachythecium rutabulum,ForestDryPoor
108711,Brachythecium rutabulum,ForestDryPoor
108712,Brachythecium rutabulum,ForestDryPoor
108713,Brachythecium rutabulum,ForestDryPoor
108714,Brachythecium rutabulum,ForestDryPoor
108715,Brachythecium rutabulum,ForestDryPoor
109255,Brachythecium rutabulum,ForestDryPoor
109256,Brachythecium rutabulum,ForestDryPoor
109257,Brachythecium rutabulum,ForestDryPoor
109258,Brachythecium rutabulum,ForestDryPoor
109259,Brachythecium rutabulum,ForestDryPoor
109260,Brachythecium rutabulum,ForestDryPoor
109261,Brachythecium rutabulum,ForestDryPoor
109262,Brachythecium rutabulum,ForestDryPoor
109263,Brachythecium rutabulum,ForestDryPoor
109264,Brachythecium rutabulum,ForestDryPoor
109265,Brachythecium rutabulum,ForestDryPoor
109266,Brachythecium rutabulum,ForestDryPoor
109267,Brachythecium rutabulum,ForestDryPoor
109268,Brachythecium rutabulum,ForestDryPoor
109269,Brachythecium rutabulum,ForestDryPoor
109270,Brachythecium rutabulum,ForestDryPoor
109271,Brachythecium rutabulum,ForestDryPoor
109272,Brachythecium rutabulum,ForestDryPoor
109273,Brachythecium rutabulum,ForestDryPoor
109274,Brachythecium rutabulum,ForestDryPoor
109295,Brachythecium rutabulum,ForestDryPoor
109296,Brachythecium rutabulum,ForestDryPoor
109297,Brachythecium rutabulum,ForestDryPoor
109298,Brachythecium rutabulum,ForestDryPoor
109299,Brachythecium rutabulum,ForestDryPoor
109300,Brachythecium rutabulum,ForestDryPoor
109301,Brachythecium rutabulum,ForestDryPoor
109302,Brachythecium rutabulum,ForestDryPoor
109303,Brachythecium rutabulum,ForestDryPoor
109304,Brachythecium rutabulum,ForestDryPoor
109305,Brachythecium rutabulum,ForestDryPoor
109306,Brachythecium rutabulum,ForestDryPoor
109307,Brachythecium rutabulum,ForestDryPoor
109308,Brachythecium rutabulum,ForestDryPoor
109309,Brachythecium rutabulum,ForestDryPoor
109310,Brachythecium rutabulum,ForestDryPoor
109311,Brachythecium rutabulum,ForestDryPoor
109312,Brachythecium rutabulum,ForestDryPoor
109313,Brachythecium rutabulum,ForestDryPoor
109314,Brachythecium rutabulum,ForestDryPoor
109854,Brachythecium rutabulum,ForestDryPoor
109855,Brachythecium rutabulum,ForestDryPoor
109856,Brachythecium rutabulum,ForestDryPoor
109857,Brachythecium rutabulum,ForestDryPoor
109858,Brachythecium rutabulum,ForestDryPoor
109859,Brachythecium rutabulum,ForestDryPoor
109860,Brachythecium rutabulum,ForestDryPoor
109861,Brachythecium rutabulum,ForestDryPoor
109862,Brachythecium rutabulum,ForestDryPoor
109863,Brachythecium rutabulum,ForestDryPoor
109864,Brachythecium rutabulum,ForestDryPoor
109865,Brachythecium rutabulum,ForestDryPoor
109866,Brachythecium rutabulum,ForestDryPoor
109867,Brachythecium rutabulum,ForestDryPoor
109868,Brachythecium rutabulum,ForestDryPoor
109869,Brachythecium rutabulum,ForestDryPoor
109870,Brachythecium rutabulum,ForestDryPoor
109871,Brachythecium rutabulum,ForestDryPoor
109872,Brachythecium rutabulum,ForestDryPoor
109873,Brachythecium rutabulum,ForestDryPoor
109894,Brachythecium rutabulum,ForestDryPoor
109895,Brachythecium rutabulum,ForestDryPoor
109896,Brachythecium rutabulum,ForestDryPoor
109897,Brachythecium rutabulum,ForestDryPoor
109898,Brachythecium rutabulum,ForestDryPoor
109899,Brachythecium rutabulum,ForestDryPoor
109900,Brachythecium rutabulum,ForestDryPoor
109901,Brachythecium rutabulum,ForestDryPoor
109902,Brachythecium rutabulum,ForestDryPoor
109903,Brachythecium rutabulum,ForestDryPoor
109904,Brachythecium rutabulum,ForestDryPoor
109905,Brachythecium rutabulum,ForestDryPoor
109906,Brachythecium rutabulum,ForestDryPoor
109907,Brachythecium rutabulum,ForestDryPoor
109908,Brachythecium rutabulum,ForestDryPoor
109909,Brachythecium rutabulum,ForestDryPoor
109910,Brachythecium rutabulum,ForestDryPoor
109911,Brachythecium rutabulum,ForestDryPoor
109912,Brachythecium rutabulum,ForestDryPoor
109913,Brachythecium rutabulum,ForestDryPoor
