72776,Carex cespitosa,ForestDryPoor
72777,Carex cespitosa,ForestDryPoor
73375,Carex cespitosa,ForestDryPoor
73376,Carex cespitosa,ForestDryPoor
73377,Carex cespitosa,ForestDryPoor
73974,Carex cespitosa,ForestDryPoor
73975,Carex cespitosa,ForestDryPoor
73976,Carex cespitosa,ForestDryPoor
73977,Carex cespitosa,ForestDryPoor
74513,Carex cespitosa,ForestDryPoor
74514,Carex cespitosa,ForestDryPoor
74515,Carex cespitosa,ForestDryPoor
74516,Carex cespitosa,ForestDryPoor
74517,Carex cespitosa,ForestDryPoor
74518,Carex cespitosa,ForestDryPoor
74519,Carex cespitosa,ForestDryPoor
74520,Carex cespitosa,ForestDryPoor
74521,Carex cespitosa,ForestDryPoor
74522,Carex cespitosa,ForestDryPoor
74523,Carex cespitosa,ForestDryPoor
74524,Carex cespitosa,ForestDryPoor
74525,Carex cespitosa,ForestDryPoor
74526,Carex cespitosa,ForestDryPoor
74527,Carex cespitosa,ForestDryPoor
74528,Carex cespitosa,ForestDryPoor
74529,Carex cespitosa,ForestDryPoor
74530,Carex cespitosa,ForestDryPoor
74531,Carex cespitosa,ForestDryPoor
74532,Carex cespitosa,ForestDryPoor
75112,Carex cespitosa,ForestDryPoor
75113,Carex cespitosa,ForestDryPoor
75114,Carex cespitosa,ForestDryPoor
75115,Carex cespitosa,ForestDryPoor
75116,Carex cespitosa,ForestDryPoor
75117,Carex cespitosa,ForestDryPoor
75118,Carex cespitosa,ForestDryPoor
75119,Carex cespitosa,ForestDryPoor
75120,Carex cespitosa,ForestDryPoor
75121,Carex cespitosa,ForestDryPoor
75122,Carex cespitosa,ForestDryPoor
75123,Carex cespitosa,ForestDryPoor
75124,Carex cespitosa,ForestDryPoor
75125,Carex cespitosa,ForestDryPoor
75126,Carex cespitosa,ForestDryPoor
75127,Carex cespitosa,ForestDryPoor
75128,Carex cespitosa,ForestDryPoor
75129,Carex cespitosa,ForestDryPoor
75130,Carex cespitosa,ForestDryPoor
75131,Carex cespitosa,ForestDryPoor
75711,Carex cespitosa,ForestDryPoor
75712,Carex cespitosa,ForestDryPoor
75713,Carex cespitosa,ForestDryPoor
75714,Carex cespitosa,ForestDryPoor
75715,Carex cespitosa,ForestDryPoor
75716,Carex cespitosa,ForestDryPoor
75717,Carex cespitosa,ForestDryPoor
75718,Carex cespitosa,ForestDryPoor
75719,Carex cespitosa,ForestDryPoor
75720,Carex cespitosa,ForestDryPoor
75721,Carex cespitosa,ForestDryPoor
75722,Carex cespitosa,ForestDryPoor
75723,Carex cespitosa,ForestDryPoor
75724,Carex cespitosa,ForestDryPoor
75725,Carex cespitosa,ForestDryPoor
75726,Carex cespitosa,ForestDryPoor
75727,Carex cespitosa,ForestDryPoor
75728,Carex cespitosa,ForestDryPoor
75729,Carex cespitosa,ForestDryPoor
75730,Carex cespitosa,ForestDryPoor
76310,Carex cespitosa,ForestDryPoor
76311,Carex cespitosa,ForestDryPoor
76312,Carex cespitosa,ForestDryPoor
76313,Carex cespitosa,ForestDryPoor
76314,Carex cespitosa,ForestDryPoor
76315,Carex cespitosa,ForestDryPoor
76316,Carex cespitosa,ForestDryPoor
76317,Carex cespitosa,ForestDryPoor
76318,Carex cespitosa,ForestDryPoor
76319,Carex cespitosa,ForestDryPoor
76320,Carex cespitosa,ForestDryPoor
76321,Carex cespitosa,ForestDryPoor
76322,Carex cespitosa,ForestDryPoor
76323,Carex cespitosa,ForestDryPoor
76324,Carex cespitosa,ForestDryPoor
76325,Carex cespitosa,ForestDryPoor
76326,Carex cespitosa,ForestDryPoor
76327,Carex cespitosa,ForestDryPoor
76328,Carex cespitosa,ForestDryPoor
76329,Carex cespitosa,ForestDryPoor
76909,Carex cespitosa,ForestDryPoor
76910,Carex cespitosa,ForestDryPoor
76911,Carex cespitosa,ForestDryPoor
76912,Carex cespitosa,ForestDryPoor
76913,Carex cespitosa,ForestDryPoor
76914,Carex cespitosa,ForestDryPoor
76915,Carex cespitosa,ForestDryPoor
76916,Carex cespitosa,ForestDryPoor
76917,Carex cespitosa,ForestDryPoor
76918,Carex cespitosa,ForestDryPoor
76919,Carex cespitosa,ForestDryPoor
76920,Carex cespitosa,ForestDryPoor
76921,Carex cespitosa,ForestDryPoor
76922,Carex cespitosa,ForestDryPoor
76923,Carex cespitosa,ForestDryPoor
76924,Carex cespitosa,ForestDryPoor
76925,Carex cespitosa,ForestDryPoor
76926,Carex cespitosa,ForestDryPoor
76927,Carex cespitosa,ForestDryPoor
76928,Carex cespitosa,ForestDryPoor
77508,Carex cespitosa,ForestDryPoor
77509,Carex cespitosa,ForestDryPoor
77510,Carex cespitosa,ForestDryPoor
77511,Carex cespitosa,ForestDryPoor
77512,Carex cespitosa,ForestDryPoor
77513,Carex cespitosa,ForestDryPoor
77514,Carex cespitosa,ForestDryPoor
77515,Carex cespitosa,ForestDryPoor
77516,Carex cespitosa,ForestDryPoor
77517,Carex cespitosa,ForestDryPoor
77518,Carex cespitosa,ForestDryPoor
77519,Carex cespitosa,ForestDryPoor
77520,Carex cespitosa,ForestDryPoor
77521,Carex cespitosa,ForestDryPoor
77522,Carex cespitosa,ForestDryPoor
77523,Carex cespitosa,ForestDryPoor
77524,Carex cespitosa,ForestDryPoor
77525,Carex cespitosa,ForestDryPoor
77526,Carex cespitosa,ForestDryPoor
77527,Carex cespitosa,ForestDryPoor
78107,Carex cespitosa,ForestDryPoor
78108,Carex cespitosa,ForestDryPoor
78109,Carex cespitosa,ForestDryPoor
78110,Carex cespitosa,ForestDryPoor
78111,Carex cespitosa,ForestDryPoor
78112,Carex cespitosa,ForestDryPoor
78113,Carex cespitosa,ForestDryPoor
78114,Carex cespitosa,ForestDryPoor
78115,Carex cespitosa,ForestDryPoor
78116,Carex cespitosa,ForestDryPoor
78117,Carex cespitosa,ForestDryPoor
78118,Carex cespitosa,ForestDryPoor
78119,Carex cespitosa,ForestDryPoor
78120,Carex cespitosa,ForestDryPoor
78121,Carex cespitosa,ForestDryPoor
78122,Carex cespitosa,ForestDryPoor
78123,Carex cespitosa,ForestDryPoor
78124,Carex cespitosa,ForestDryPoor
78125,Carex cespitosa,ForestDryPoor
78126,Carex cespitosa,ForestDryPoor
78706,Carex cespitosa,ForestDryPoor
78707,Carex cespitosa,ForestDryPoor
78708,Carex cespitosa,ForestDryPoor
78709,Carex cespitosa,ForestDryPoor
78710,Carex cespitosa,ForestDryPoor
78711,Carex cespitosa,ForestDryPoor
78712,Carex cespitosa,ForestDryPoor
78713,Carex cespitosa,ForestDryPoor
78714,Carex cespitosa,ForestDryPoor
78715,Carex cespitosa,ForestDryPoor
78716,Carex cespitosa,ForestDryPoor
78717,Carex cespitosa,ForestDryPoor
78718,Carex cespitosa,ForestDryPoor
78719,Carex cespitosa,ForestDryPoor
78720,Carex cespitosa,ForestDryPoor
78721,Carex cespitosa,ForestDryPoor
78722,Carex cespitosa,ForestDryPoor
78723,Carex cespitosa,ForestDryPoor
78724,Carex cespitosa,ForestDryPoor
78725,Carex cespitosa,ForestDryPoor
79305,Carex cespitosa,ForestDryPoor
79306,Carex cespitosa,ForestDryPoor
79307,Carex cespitosa,ForestDryPoor
79308,Carex cespitosa,ForestDryPoor
79309,Carex cespitosa,ForestDryPoor
79310,Carex cespitosa,ForestDryPoor
79311,Carex cespitosa,ForestDryPoor
79312,Carex cespitosa,ForestDryPoor
79313,Carex cespitosa,ForestDryPoor
79314,Carex cespitosa,ForestDryPoor
79315,Carex cespitosa,ForestDryPoor
79316,Carex cespitosa,ForestDryPoor
79317,Carex cespitosa,ForestDryPoor
79318,Carex cespitosa,ForestDryPoor
79319,Carex cespitosa,ForestDryPoor
79320,Carex cespitosa,ForestDryPoor
79321,Carex cespitosa,ForestDryPoor
79322,Carex cespitosa,ForestDryPoor
79323,Carex cespitosa,ForestDryPoor
79324,Carex cespitosa,ForestDryPoor
79904,Carex cespitosa,ForestDryPoor
79905,Carex cespitosa,ForestDryPoor
79906,Carex cespitosa,ForestDryPoor
79907,Carex cespitosa,ForestDryPoor
79908,Carex cespitosa,ForestDryPoor
79909,Carex cespitosa,ForestDryPoor
79910,Carex cespitosa,ForestDryPoor
79911,Carex cespitosa,ForestDryPoor
79912,Carex cespitosa,ForestDryPoor
79913,Carex cespitosa,ForestDryPoor
79914,Carex cespitosa,ForestDryPoor
79915,Carex cespitosa,ForestDryPoor
79916,Carex cespitosa,ForestDryPoor
79917,Carex cespitosa,ForestDryPoor
79918,Carex cespitosa,ForestDryPoor
79919,Carex cespitosa,ForestDryPoor
79920,Carex cespitosa,ForestDryPoor
79921,Carex cespitosa,ForestDryPoor
79922,Carex cespitosa,ForestDryPoor
79923,Carex cespitosa,ForestDryPoor
80503,Carex cespitosa,ForestDryPoor
80504,Carex cespitosa,ForestDryPoor
80505,Carex cespitosa,ForestDryPoor
80506,Carex cespitosa,ForestDryPoor
80507,Carex cespitosa,ForestDryPoor
80508,Carex cespitosa,ForestDryPoor
80509,Carex cespitosa,ForestDryPoor
80510,Carex cespitosa,ForestDryPoor
80511,Carex cespitosa,ForestDryPoor
80512,Carex cespitosa,ForestDryPoor
80513,Carex cespitosa,ForestDryPoor
80514,Carex cespitosa,ForestDryPoor
80515,Carex cespitosa,ForestDryPoor
80516,Carex cespitosa,ForestDryPoor
80517,Carex cespitosa,ForestDryPoor
80518,Carex cespitosa,ForestDryPoor
80519,Carex cespitosa,ForestDryPoor
80520,Carex cespitosa,ForestDryPoor
80521,Carex cespitosa,ForestDryPoor
80522,Carex cespitosa,ForestDryPoor
81102,Carex cespitosa,ForestDryPoor
81103,Carex cespitosa,ForestDryPoor
81104,Carex cespitosa,ForestDryPoor
81105,Carex cespitosa,ForestDryPoor
81106,Carex cespitosa,ForestDryPoor
81107,Carex cespitosa,ForestDryPoor
81108,Carex cespitosa,ForestDryPoor
81109,Carex cespitosa,ForestDryPoor
81110,Carex cespitosa,ForestDryPoor
81111,Carex cespitosa,ForestDryPoor
81112,Carex cespitosa,ForestDryPoor
81113,Carex cespitosa,ForestDryPoor
81114,Carex cespitosa,ForestDryPoor
81115,Carex cespitosa,ForestDryPoor
81116,Carex cespitosa,ForestDryPoor
81117,Carex cespitosa,ForestDryPoor
81118,Carex cespitosa,ForestDryPoor
81119,Carex cespitosa,ForestDryPoor
81120,Carex cespitosa,ForestDryPoor
81121,Carex cespitosa,ForestDryPoor
81701,Carex cespitosa,ForestDryPoor
81702,Carex cespitosa,ForestDryPoor
81703,Carex cespitosa,ForestDryPoor
81704,Carex cespitosa,ForestDryPoor
81705,Carex cespitosa,ForestDryPoor
81706,Carex cespitosa,ForestDryPoor
81707,Carex cespitosa,ForestDryPoor
81708,Carex cespitosa,ForestDryPoor
81709,Carex cespitosa,ForestDryPoor
81710,Carex cespitosa,ForestDryPoor
81711,Carex cespitosa,ForestDryPoor
81712,Carex cespitosa,ForestDryPoor
81713,Carex cespitosa,ForestDryPoor
81714,Carex cespitosa,ForestDryPoor
81715,Carex cespitosa,ForestDryPoor
81716,Carex cespitosa,ForestDryPoor
81717,Carex cespitosa,ForestDryPoor
81718,Carex cespitosa,ForestDryPoor
81719,Carex cespitosa,ForestDryPoor
81720,Carex cespitosa,ForestDryPoor
82300,Carex cespitosa,ForestDryPoor
82301,Carex cespitosa,ForestDryPoor
82302,Carex cespitosa,ForestDryPoor
82303,Carex cespitosa,ForestDryPoor
82304,Carex cespitosa,ForestDryPoor
82305,Carex cespitosa,ForestDryPoor
82306,Carex cespitosa,ForestDryPoor
82307,Carex cespitosa,ForestDryPoor
82308,Carex cespitosa,ForestDryPoor
82309,Carex cespitosa,ForestDryPoor
82310,Carex cespitosa,ForestDryPoor
82311,Carex cespitosa,ForestDryPoor
82312,Carex cespitosa,ForestDryPoor
82313,Carex cespitosa,ForestDryPoor
82314,Carex cespitosa,ForestDryPoor
82315,Carex cespitosa,ForestDryPoor
82316,Carex cespitosa,ForestDryPoor
82317,Carex cespitosa,ForestDryPoor
82318,Carex cespitosa,ForestDryPoor
82319,Carex cespitosa,ForestDryPoor
82899,Carex cespitosa,ForestDryPoor
82900,Carex cespitosa,ForestDryPoor
82901,Carex cespitosa,ForestDryPoor
82902,Carex cespitosa,ForestDryPoor
82903,Carex cespitosa,ForestDryPoor
82904,Carex cespitosa,ForestDryPoor
82905,Carex cespitosa,ForestDryPoor
82906,Carex cespitosa,ForestDryPoor
82907,Carex cespitosa,ForestDryPoor
82908,Carex cespitosa,ForestDryPoor
82909,Carex cespitosa,ForestDryPoor
82910,Carex cespitosa,ForestDryPoor
82911,Carex cespitosa,ForestDryPoor
82912,Carex cespitosa,ForestDryPoor
82913,Carex cespitosa,ForestDryPoor
82914,Carex cespitosa,ForestDryPoor
82915,Carex cespitosa,ForestDryPoor
82916,Carex cespitosa,ForestDryPoor
82917,Carex cespitosa,ForestDryPoor
82918,Carex cespitosa,ForestDryPoor
83498,Carex cespitosa,ForestDryPoor
83499,Carex cespitosa,ForestDryPoor
83500,Carex cespitosa,ForestDryPoor
83501,Carex cespitosa,ForestDryPoor
83502,Carex cespitosa,ForestDryPoor
83503,Carex cespitosa,ForestDryPoor
83504,Carex cespitosa,ForestDryPoor
83505,Carex cespitosa,ForestDryPoor
83506,Carex cespitosa,ForestDryPoor
83507,Carex cespitosa,ForestDryPoor
83508,Carex cespitosa,ForestDryPoor
83509,Carex cespitosa,ForestDryPoor
83510,Carex cespitosa,ForestDryPoor
83511,Carex cespitosa,ForestDryPoor
83512,Carex cespitosa,ForestDryPoor
83513,Carex cespitosa,ForestDryPoor
83514,Carex cespitosa,ForestDryPoor
83515,Carex cespitosa,ForestDryPoor
83516,Carex cespitosa,ForestDryPoor
83517,Carex cespitosa,ForestDryPoor
84097,Carex cespitosa,ForestDryPoor
84098,Carex cespitosa,ForestDryPoor
84099,Carex cespitosa,ForestDryPoor
84100,Carex cespitosa,ForestDryPoor
84101,Carex cespitosa,ForestDryPoor
84102,Carex cespitosa,ForestDryPoor
84103,Carex cespitosa,ForestDryPoor
84104,Carex cespitosa,ForestDryPoor
84105,Carex cespitosa,ForestDryPoor
84106,Carex cespitosa,ForestDryPoor
84107,Carex cespitosa,ForestDryPoor
84108,Carex cespitosa,ForestDryPoor
84109,Carex cespitosa,ForestDryPoor
84110,Carex cespitosa,ForestDryPoor
84111,Carex cespitosa,ForestDryPoor
84112,Carex cespitosa,ForestDryPoor
84113,Carex cespitosa,ForestDryPoor
84114,Carex cespitosa,ForestDryPoor
84115,Carex cespitosa,ForestDryPoor
84116,Carex cespitosa,ForestDryPoor
84696,Carex cespitosa,ForestDryPoor
84697,Carex cespitosa,ForestDryPoor
84698,Carex cespitosa,ForestDryPoor
84699,Carex cespitosa,ForestDryPoor
84700,Carex cespitosa,ForestDryPoor
84701,Carex cespitosa,ForestDryPoor
84702,Carex cespitosa,ForestDryPoor
84703,Carex cespitosa,ForestDryPoor
84704,Carex cespitosa,ForestDryPoor
84705,Carex cespitosa,ForestDryPoor
84706,Carex cespitosa,ForestDryPoor
84707,Carex cespitosa,ForestDryPoor
84708,Carex cespitosa,ForestDryPoor
84709,Carex cespitosa,ForestDryPoor
84710,Carex cespitosa,ForestDryPoor
84711,Carex cespitosa,ForestDryPoor
84712,Carex cespitosa,ForestDryPoor
84713,Carex cespitosa,ForestDryPoor
84714,Carex cespitosa,ForestDryPoor
84715,Carex cespitosa,ForestDryPoor
85295,Carex cespitosa,ForestDryPoor
85296,Carex cespitosa,ForestDryPoor
85297,Carex cespitosa,ForestDryPoor
85298,Carex cespitosa,ForestDryPoor
85299,Carex cespitosa,ForestDryPoor
85300,Carex cespitosa,ForestDryPoor
85301,Carex cespitosa,ForestDryPoor
85302,Carex cespitosa,ForestDryPoor
85303,Carex cespitosa,ForestDryPoor
85304,Carex cespitosa,ForestDryPoor
85305,Carex cespitosa,ForestDryPoor
85306,Carex cespitosa,ForestDryPoor
85307,Carex cespitosa,ForestDryPoor
85308,Carex cespitosa,ForestDryPoor
85309,Carex cespitosa,ForestDryPoor
85310,Carex cespitosa,ForestDryPoor
85311,Carex cespitosa,ForestDryPoor
85312,Carex cespitosa,ForestDryPoor
85313,Carex cespitosa,ForestDryPoor
85314,Carex cespitosa,ForestDryPoor
85894,Carex cespitosa,ForestDryPoor
85895,Carex cespitosa,ForestDryPoor
85896,Carex cespitosa,ForestDryPoor
85897,Carex cespitosa,ForestDryPoor
85898,Carex cespitosa,ForestDryPoor
85899,Carex cespitosa,ForestDryPoor
85900,Carex cespitosa,ForestDryPoor
85901,Carex cespitosa,ForestDryPoor
85902,Carex cespitosa,ForestDryPoor
85903,Carex cespitosa,ForestDryPoor
85904,Carex cespitosa,ForestDryPoor
85905,Carex cespitosa,ForestDryPoor
85906,Carex cespitosa,ForestDryPoor
85907,Carex cespitosa,ForestDryPoor
85908,Carex cespitosa,ForestDryPoor
85909,Carex cespitosa,ForestDryPoor
85910,Carex cespitosa,ForestDryPoor
85911,Carex cespitosa,ForestDryPoor
85912,Carex cespitosa,ForestDryPoor
85913,Carex cespitosa,ForestDryPoor
86493,Carex cespitosa,ForestDryPoor
86494,Carex cespitosa,ForestDryPoor
86495,Carex cespitosa,ForestDryPoor
86496,Carex cespitosa,ForestDryPoor
86497,Carex cespitosa,ForestDryPoor
86498,Carex cespitosa,ForestDryPoor
86499,Carex cespitosa,ForestDryPoor
86500,Carex cespitosa,ForestDryPoor
86501,Carex cespitosa,ForestDryPoor
86502,Carex cespitosa,ForestDryPoor
86503,Carex cespitosa,ForestDryPoor
86504,Carex cespitosa,ForestDryPoor
86505,Carex cespitosa,ForestDryPoor
86506,Carex cespitosa,ForestDryPoor
86507,Carex cespitosa,ForestDryPoor
86508,Carex cespitosa,ForestDryPoor
86509,Carex cespitosa,ForestDryPoor
86510,Carex cespitosa,ForestDryPoor
86511,Carex cespitosa,ForestDryPoor
86512,Carex cespitosa,ForestDryPoor
86553,Carex cespitosa,ForestDryPoor
86554,Carex cespitosa,ForestDryPoor
86555,Carex cespitosa,ForestDryPoor
86556,Carex cespitosa,ForestDryPoor
86557,Carex cespitosa,ForestDryPoor
86558,Carex cespitosa,ForestDryPoor
86559,Carex cespitosa,ForestDryPoor
86560,Carex cespitosa,ForestDryPoor
86561,Carex cespitosa,ForestDryPoor
86562,Carex cespitosa,ForestDryPoor
86563,Carex cespitosa,ForestDryPoor
86564,Carex cespitosa,ForestDryPoor
86565,Carex cespitosa,ForestDryPoor
86566,Carex cespitosa,ForestDryPoor
86567,Carex cespitosa,ForestDryPoor
86568,Carex cespitosa,ForestDryPoor
87092,Carex cespitosa,ForestDryPoor
87093,Carex cespitosa,ForestDryPoor
87094,Carex cespitosa,ForestDryPoor
87095,Carex cespitosa,ForestDryPoor
87096,Carex cespitosa,ForestDryPoor
87097,Carex cespitosa,ForestDryPoor
87098,Carex cespitosa,ForestDryPoor
87099,Carex cespitosa,ForestDryPoor
87100,Carex cespitosa,ForestDryPoor
87101,Carex cespitosa,ForestDryPoor
87102,Carex cespitosa,ForestDryPoor
87103,Carex cespitosa,ForestDryPoor
87104,Carex cespitosa,ForestDryPoor
87105,Carex cespitosa,ForestDryPoor
87106,Carex cespitosa,ForestDryPoor
87107,Carex cespitosa,ForestDryPoor
87108,Carex cespitosa,ForestDryPoor
87109,Carex cespitosa,ForestDryPoor
87110,Carex cespitosa,ForestDryPoor
87111,Carex cespitosa,ForestDryPoor
87152,Carex cespitosa,ForestDryPoor
87153,Carex cespitosa,ForestDryPoor
87154,Carex cespitosa,ForestDryPoor
87155,Carex cespitosa,ForestDryPoor
87156,Carex cespitosa,ForestDryPoor
87157,Carex cespitosa,ForestDryPoor
87158,Carex cespitosa,ForestDryPoor
87159,Carex cespitosa,ForestDryPoor
87160,Carex cespitosa,ForestDryPoor
87161,Carex cespitosa,ForestDryPoor
87162,Carex cespitosa,ForestDryPoor
87163,Carex cespitosa,ForestDryPoor
87164,Carex cespitosa,ForestDryPoor
87165,Carex cespitosa,ForestDryPoor
87166,Carex cespitosa,ForestDryPoor
87167,Carex cespitosa,ForestDryPoor
87691,Carex cespitosa,ForestDryPoor
87692,Carex cespitosa,ForestDryPoor
87693,Carex cespitosa,ForestDryPoor
87694,Carex cespitosa,ForestDryPoor
87695,Carex cespitosa,ForestDryPoor
87696,Carex cespitosa,ForestDryPoor
87697,Carex cespitosa,ForestDryPoor
87698,Carex cespitosa,ForestDryPoor
87699,Carex cespitosa,ForestDryPoor
87700,Carex cespitosa,ForestDryPoor
87701,Carex cespitosa,ForestDryPoor
87702,Carex cespitosa,ForestDryPoor
87703,Carex cespitosa,ForestDryPoor
87704,Carex cespitosa,ForestDryPoor
87705,Carex cespitosa,ForestDryPoor
87706,Carex cespitosa,ForestDryPoor
87707,Carex cespitosa,ForestDryPoor
87708,Carex cespitosa,ForestDryPoor
87709,Carex cespitosa,ForestDryPoor
87710,Carex cespitosa,ForestDryPoor
87751,Carex cespitosa,ForestDryPoor
87752,Carex cespitosa,ForestDryPoor
87753,Carex cespitosa,ForestDryPoor
87754,Carex cespitosa,ForestDryPoor
87755,Carex cespitosa,ForestDryPoor
87756,Carex cespitosa,ForestDryPoor
87757,Carex cespitosa,ForestDryPoor
87758,Carex cespitosa,ForestDryPoor
87759,Carex cespitosa,ForestDryPoor
87760,Carex cespitosa,ForestDryPoor
87761,Carex cespitosa,ForestDryPoor
87762,Carex cespitosa,ForestDryPoor
87763,Carex cespitosa,ForestDryPoor
87764,Carex cespitosa,ForestDryPoor
87765,Carex cespitosa,ForestDryPoor
87766,Carex cespitosa,ForestDryPoor
88290,Carex cespitosa,ForestDryPoor
88291,Carex cespitosa,ForestDryPoor
88292,Carex cespitosa,ForestDryPoor
88293,Carex cespitosa,ForestDryPoor
88294,Carex cespitosa,ForestDryPoor
88295,Carex cespitosa,ForestDryPoor
88296,Carex cespitosa,ForestDryPoor
88297,Carex cespitosa,ForestDryPoor
88298,Carex cespitosa,ForestDryPoor
88299,Carex cespitosa,ForestDryPoor
88300,Carex cespitosa,ForestDryPoor
88301,Carex cespitosa,ForestDryPoor
88302,Carex cespitosa,ForestDryPoor
88303,Carex cespitosa,ForestDryPoor
88304,Carex cespitosa,ForestDryPoor
88305,Carex cespitosa,ForestDryPoor
88306,Carex cespitosa,ForestDryPoor
88307,Carex cespitosa,ForestDryPoor
88308,Carex cespitosa,ForestDryPoor
88309,Carex cespitosa,ForestDryPoor
88350,Carex cespitosa,ForestDryPoor
88351,Carex cespitosa,ForestDryPoor
88352,Carex cespitosa,ForestDryPoor
88353,Carex cespitosa,ForestDryPoor
88354,Carex cespitosa,ForestDryPoor
88355,Carex cespitosa,ForestDryPoor
88356,Carex cespitosa,ForestDryPoor
88357,Carex cespitosa,ForestDryPoor
88358,Carex cespitosa,ForestDryPoor
88359,Carex cespitosa,ForestDryPoor
88360,Carex cespitosa,ForestDryPoor
88361,Carex cespitosa,ForestDryPoor
88362,Carex cespitosa,ForestDryPoor
88363,Carex cespitosa,ForestDryPoor
88364,Carex cespitosa,ForestDryPoor
88365,Carex cespitosa,ForestDryPoor
88366,Carex cespitosa,ForestDryPoor
88889,Carex cespitosa,ForestDryPoor
88890,Carex cespitosa,ForestDryPoor
88891,Carex cespitosa,ForestDryPoor
88892,Carex cespitosa,ForestDryPoor
88893,Carex cespitosa,ForestDryPoor
88894,Carex cespitosa,ForestDryPoor
88895,Carex cespitosa,ForestDryPoor
88896,Carex cespitosa,ForestDryPoor
88897,Carex cespitosa,ForestDryPoor
88898,Carex cespitosa,ForestDryPoor
88899,Carex cespitosa,ForestDryPoor
88900,Carex cespitosa,ForestDryPoor
88901,Carex cespitosa,ForestDryPoor
88902,Carex cespitosa,ForestDryPoor
88903,Carex cespitosa,ForestDryPoor
88904,Carex cespitosa,ForestDryPoor
88905,Carex cespitosa,ForestDryPoor
88906,Carex cespitosa,ForestDryPoor
88907,Carex cespitosa,ForestDryPoor
88908,Carex cespitosa,ForestDryPoor
88949,Carex cespitosa,ForestDryPoor
88950,Carex cespitosa,ForestDryPoor
88951,Carex cespitosa,ForestDryPoor
88952,Carex cespitosa,ForestDryPoor
88953,Carex cespitosa,ForestDryPoor
88954,Carex cespitosa,ForestDryPoor
88955,Carex cespitosa,ForestDryPoor
88956,Carex cespitosa,ForestDryPoor
88957,Carex cespitosa,ForestDryPoor
88958,Carex cespitosa,ForestDryPoor
88959,Carex cespitosa,ForestDryPoor
88960,Carex cespitosa,ForestDryPoor
88961,Carex cespitosa,ForestDryPoor
88962,Carex cespitosa,ForestDryPoor
88963,Carex cespitosa,ForestDryPoor
88964,Carex cespitosa,ForestDryPoor
88965,Carex cespitosa,ForestDryPoor
89488,Carex cespitosa,ForestDryPoor
89489,Carex cespitosa,ForestDryPoor
89490,Carex cespitosa,ForestDryPoor
89491,Carex cespitosa,ForestDryPoor
89492,Carex cespitosa,ForestDryPoor
89493,Carex cespitosa,ForestDryPoor
89494,Carex cespitosa,ForestDryPoor
89495,Carex cespitosa,ForestDryPoor
89496,Carex cespitosa,ForestDryPoor
89497,Carex cespitosa,ForestDryPoor
89498,Carex cespitosa,ForestDryPoor
89499,Carex cespitosa,ForestDryPoor
89500,Carex cespitosa,ForestDryPoor
89501,Carex cespitosa,ForestDryPoor
89502,Carex cespitosa,ForestDryPoor
89503,Carex cespitosa,ForestDryPoor
89504,Carex cespitosa,ForestDryPoor
89505,Carex cespitosa,ForestDryPoor
89506,Carex cespitosa,ForestDryPoor
89507,Carex cespitosa,ForestDryPoor
89548,Carex cespitosa,ForestDryPoor
89549,Carex cespitosa,ForestDryPoor
89550,Carex cespitosa,ForestDryPoor
89551,Carex cespitosa,ForestDryPoor
89552,Carex cespitosa,ForestDryPoor
89553,Carex cespitosa,ForestDryPoor
89554,Carex cespitosa,ForestDryPoor
89555,Carex cespitosa,ForestDryPoor
89556,Carex cespitosa,ForestDryPoor
89557,Carex cespitosa,ForestDryPoor
89558,Carex cespitosa,ForestDryPoor
89559,Carex cespitosa,ForestDryPoor
89560,Carex cespitosa,ForestDryPoor
89561,Carex cespitosa,ForestDryPoor
89562,Carex cespitosa,ForestDryPoor
89563,Carex cespitosa,ForestDryPoor
89564,Carex cespitosa,ForestDryPoor
90087,Carex cespitosa,ForestDryPoor
90088,Carex cespitosa,ForestDryPoor
90089,Carex cespitosa,ForestDryPoor
90090,Carex cespitosa,ForestDryPoor
90091,Carex cespitosa,ForestDryPoor
90092,Carex cespitosa,ForestDryPoor
90093,Carex cespitosa,ForestDryPoor
90094,Carex cespitosa,ForestDryPoor
90095,Carex cespitosa,ForestDryPoor
90096,Carex cespitosa,ForestDryPoor
90097,Carex cespitosa,ForestDryPoor
90098,Carex cespitosa,ForestDryPoor
90099,Carex cespitosa,ForestDryPoor
90100,Carex cespitosa,ForestDryPoor
90101,Carex cespitosa,ForestDryPoor
90102,Carex cespitosa,ForestDryPoor
90103,Carex cespitosa,ForestDryPoor
90104,Carex cespitosa,ForestDryPoor
90105,Carex cespitosa,ForestDryPoor
90106,Carex cespitosa,ForestDryPoor
90147,Carex cespitosa,ForestDryPoor
90148,Carex cespitosa,ForestDryPoor
90149,Carex cespitosa,ForestDryPoor
90150,Carex cespitosa,ForestDryPoor
90151,Carex cespitosa,ForestDryPoor
90152,Carex cespitosa,ForestDryPoor
90153,Carex cespitosa,ForestDryPoor
90154,Carex cespitosa,ForestDryPoor
90155,Carex cespitosa,ForestDryPoor
90156,Carex cespitosa,ForestDryPoor
90157,Carex cespitosa,ForestDryPoor
90158,Carex cespitosa,ForestDryPoor
90159,Carex cespitosa,ForestDryPoor
90160,Carex cespitosa,ForestDryPoor
90161,Carex cespitosa,ForestDryPoor
90162,Carex cespitosa,ForestDryPoor
90163,Carex cespitosa,ForestDryPoor
90686,Carex cespitosa,ForestDryPoor
90687,Carex cespitosa,ForestDryPoor
90688,Carex cespitosa,ForestDryPoor
90689,Carex cespitosa,ForestDryPoor
90690,Carex cespitosa,ForestDryPoor
90691,Carex cespitosa,ForestDryPoor
90692,Carex cespitosa,ForestDryPoor
90693,Carex cespitosa,ForestDryPoor
90694,Carex cespitosa,ForestDryPoor
90695,Carex cespitosa,ForestDryPoor
90696,Carex cespitosa,ForestDryPoor
90697,Carex cespitosa,ForestDryPoor
90698,Carex cespitosa,ForestDryPoor
90699,Carex cespitosa,ForestDryPoor
90700,Carex cespitosa,ForestDryPoor
90701,Carex cespitosa,ForestDryPoor
90702,Carex cespitosa,ForestDryPoor
90703,Carex cespitosa,ForestDryPoor
90704,Carex cespitosa,ForestDryPoor
90705,Carex cespitosa,ForestDryPoor
90746,Carex cespitosa,ForestDryPoor
90747,Carex cespitosa,ForestDryPoor
90748,Carex cespitosa,ForestDryPoor
90749,Carex cespitosa,ForestDryPoor
90750,Carex cespitosa,ForestDryPoor
90751,Carex cespitosa,ForestDryPoor
90752,Carex cespitosa,ForestDryPoor
90753,Carex cespitosa,ForestDryPoor
90754,Carex cespitosa,ForestDryPoor
90755,Carex cespitosa,ForestDryPoor
90756,Carex cespitosa,ForestDryPoor
90757,Carex cespitosa,ForestDryPoor
90758,Carex cespitosa,ForestDryPoor
90759,Carex cespitosa,ForestDryPoor
90760,Carex cespitosa,ForestDryPoor
90761,Carex cespitosa,ForestDryPoor
90762,Carex cespitosa,ForestDryPoor
91285,Carex cespitosa,ForestDryPoor
91286,Carex cespitosa,ForestDryPoor
91287,Carex cespitosa,ForestDryPoor
91288,Carex cespitosa,ForestDryPoor
91289,Carex cespitosa,ForestDryPoor
91290,Carex cespitosa,ForestDryPoor
91291,Carex cespitosa,ForestDryPoor
91292,Carex cespitosa,ForestDryPoor
91293,Carex cespitosa,ForestDryPoor
91294,Carex cespitosa,ForestDryPoor
91295,Carex cespitosa,ForestDryPoor
91296,Carex cespitosa,ForestDryPoor
91297,Carex cespitosa,ForestDryPoor
91298,Carex cespitosa,ForestDryPoor
91299,Carex cespitosa,ForestDryPoor
91300,Carex cespitosa,ForestDryPoor
91301,Carex cespitosa,ForestDryPoor
91302,Carex cespitosa,ForestDryPoor
91303,Carex cespitosa,ForestDryPoor
91304,Carex cespitosa,ForestDryPoor
91345,Carex cespitosa,ForestDryPoor
91346,Carex cespitosa,ForestDryPoor
91347,Carex cespitosa,ForestDryPoor
91348,Carex cespitosa,ForestDryPoor
91349,Carex cespitosa,ForestDryPoor
91350,Carex cespitosa,ForestDryPoor
91351,Carex cespitosa,ForestDryPoor
91352,Carex cespitosa,ForestDryPoor
91353,Carex cespitosa,ForestDryPoor
91354,Carex cespitosa,ForestDryPoor
91355,Carex cespitosa,ForestDryPoor
91356,Carex cespitosa,ForestDryPoor
91357,Carex cespitosa,ForestDryPoor
91358,Carex cespitosa,ForestDryPoor
91359,Carex cespitosa,ForestDryPoor
91360,Carex cespitosa,ForestDryPoor
91361,Carex cespitosa,ForestDryPoor
91362,Carex cespitosa,ForestDryPoor
91884,Carex cespitosa,ForestDryPoor
91885,Carex cespitosa,ForestDryPoor
91886,Carex cespitosa,ForestDryPoor
91887,Carex cespitosa,ForestDryPoor
91888,Carex cespitosa,ForestDryPoor
91889,Carex cespitosa,ForestDryPoor
91890,Carex cespitosa,ForestDryPoor
91891,Carex cespitosa,ForestDryPoor
91892,Carex cespitosa,ForestDryPoor
91893,Carex cespitosa,ForestDryPoor
91894,Carex cespitosa,ForestDryPoor
91895,Carex cespitosa,ForestDryPoor
91896,Carex cespitosa,ForestDryPoor
91897,Carex cespitosa,ForestDryPoor
91898,Carex cespitosa,ForestDryPoor
91899,Carex cespitosa,ForestDryPoor
91900,Carex cespitosa,ForestDryPoor
91901,Carex cespitosa,ForestDryPoor
91902,Carex cespitosa,ForestDryPoor
91903,Carex cespitosa,ForestDryPoor
91944,Carex cespitosa,ForestDryPoor
91945,Carex cespitosa,ForestDryPoor
91946,Carex cespitosa,ForestDryPoor
91947,Carex cespitosa,ForestDryPoor
91948,Carex cespitosa,ForestDryPoor
91949,Carex cespitosa,ForestDryPoor
91950,Carex cespitosa,ForestDryPoor
91951,Carex cespitosa,ForestDryPoor
91952,Carex cespitosa,ForestDryPoor
91953,Carex cespitosa,ForestDryPoor
91954,Carex cespitosa,ForestDryPoor
91955,Carex cespitosa,ForestDryPoor
91956,Carex cespitosa,ForestDryPoor
91957,Carex cespitosa,ForestDryPoor
91958,Carex cespitosa,ForestDryPoor
91959,Carex cespitosa,ForestDryPoor
91960,Carex cespitosa,ForestDryPoor
91961,Carex cespitosa,ForestDryPoor
92483,Carex cespitosa,ForestDryPoor
92484,Carex cespitosa,ForestDryPoor
92485,Carex cespitosa,ForestDryPoor
92486,Carex cespitosa,ForestDryPoor
92487,Carex cespitosa,ForestDryPoor
92488,Carex cespitosa,ForestDryPoor
92489,Carex cespitosa,ForestDryPoor
92490,Carex cespitosa,ForestDryPoor
92491,Carex cespitosa,ForestDryPoor
92492,Carex cespitosa,ForestDryPoor
92493,Carex cespitosa,ForestDryPoor
92494,Carex cespitosa,ForestDryPoor
92495,Carex cespitosa,ForestDryPoor
92496,Carex cespitosa,ForestDryPoor
92497,Carex cespitosa,ForestDryPoor
92498,Carex cespitosa,ForestDryPoor
92499,Carex cespitosa,ForestDryPoor
92500,Carex cespitosa,ForestDryPoor
92501,Carex cespitosa,ForestDryPoor
92502,Carex cespitosa,ForestDryPoor
92543,Carex cespitosa,ForestDryPoor
92544,Carex cespitosa,ForestDryPoor
92545,Carex cespitosa,ForestDryPoor
92546,Carex cespitosa,ForestDryPoor
92547,Carex cespitosa,ForestDryPoor
92548,Carex cespitosa,ForestDryPoor
92549,Carex cespitosa,ForestDryPoor
92550,Carex cespitosa,ForestDryPoor
92551,Carex cespitosa,ForestDryPoor
92552,Carex cespitosa,ForestDryPoor
92553,Carex cespitosa,ForestDryPoor
92554,Carex cespitosa,ForestDryPoor
92555,Carex cespitosa,ForestDryPoor
92556,Carex cespitosa,ForestDryPoor
92557,Carex cespitosa,ForestDryPoor
92558,Carex cespitosa,ForestDryPoor
92559,Carex cespitosa,ForestDryPoor
92560,Carex cespitosa,ForestDryPoor
93082,Carex cespitosa,ForestDryPoor
93083,Carex cespitosa,ForestDryPoor
93084,Carex cespitosa,ForestDryPoor
93085,Carex cespitosa,ForestDryPoor
93086,Carex cespitosa,ForestDryPoor
93087,Carex cespitosa,ForestDryPoor
93088,Carex cespitosa,ForestDryPoor
93089,Carex cespitosa,ForestDryPoor
93090,Carex cespitosa,ForestDryPoor
93091,Carex cespitosa,ForestDryPoor
93092,Carex cespitosa,ForestDryPoor
93093,Carex cespitosa,ForestDryPoor
93094,Carex cespitosa,ForestDryPoor
93095,Carex cespitosa,ForestDryPoor
93096,Carex cespitosa,ForestDryPoor
93097,Carex cespitosa,ForestDryPoor
93098,Carex cespitosa,ForestDryPoor
93099,Carex cespitosa,ForestDryPoor
93100,Carex cespitosa,ForestDryPoor
93101,Carex cespitosa,ForestDryPoor
93142,Carex cespitosa,ForestDryPoor
93143,Carex cespitosa,ForestDryPoor
93144,Carex cespitosa,ForestDryPoor
93145,Carex cespitosa,ForestDryPoor
93146,Carex cespitosa,ForestDryPoor
93147,Carex cespitosa,ForestDryPoor
93148,Carex cespitosa,ForestDryPoor
93149,Carex cespitosa,ForestDryPoor
93150,Carex cespitosa,ForestDryPoor
93151,Carex cespitosa,ForestDryPoor
93152,Carex cespitosa,ForestDryPoor
93153,Carex cespitosa,ForestDryPoor
93154,Carex cespitosa,ForestDryPoor
93155,Carex cespitosa,ForestDryPoor
93156,Carex cespitosa,ForestDryPoor
93157,Carex cespitosa,ForestDryPoor
93158,Carex cespitosa,ForestDryPoor
93159,Carex cespitosa,ForestDryPoor
93681,Carex cespitosa,ForestDryPoor
93682,Carex cespitosa,ForestDryPoor
93683,Carex cespitosa,ForestDryPoor
93684,Carex cespitosa,ForestDryPoor
93685,Carex cespitosa,ForestDryPoor
93686,Carex cespitosa,ForestDryPoor
93687,Carex cespitosa,ForestDryPoor
93688,Carex cespitosa,ForestDryPoor
93689,Carex cespitosa,ForestDryPoor
93690,Carex cespitosa,ForestDryPoor
93691,Carex cespitosa,ForestDryPoor
93692,Carex cespitosa,ForestDryPoor
93693,Carex cespitosa,ForestDryPoor
93694,Carex cespitosa,ForestDryPoor
93695,Carex cespitosa,ForestDryPoor
93696,Carex cespitosa,ForestDryPoor
93697,Carex cespitosa,ForestDryPoor
93698,Carex cespitosa,ForestDryPoor
93699,Carex cespitosa,ForestDryPoor
93700,Carex cespitosa,ForestDryPoor
93741,Carex cespitosa,ForestDryPoor
93742,Carex cespitosa,ForestDryPoor
93743,Carex cespitosa,ForestDryPoor
93744,Carex cespitosa,ForestDryPoor
93745,Carex cespitosa,ForestDryPoor
93746,Carex cespitosa,ForestDryPoor
93747,Carex cespitosa,ForestDryPoor
93748,Carex cespitosa,ForestDryPoor
93749,Carex cespitosa,ForestDryPoor
93750,Carex cespitosa,ForestDryPoor
93751,Carex cespitosa,ForestDryPoor
93752,Carex cespitosa,ForestDryPoor
93753,Carex cespitosa,ForestDryPoor
93754,Carex cespitosa,ForestDryPoor
93755,Carex cespitosa,ForestDryPoor
93756,Carex cespitosa,ForestDryPoor
93757,Carex cespitosa,ForestDryPoor
93758,Carex cespitosa,ForestDryPoor
94280,Carex cespitosa,ForestDryPoor
94281,Carex cespitosa,ForestDryPoor
94282,Carex cespitosa,ForestDryPoor
94283,Carex cespitosa,ForestDryPoor
94284,Carex cespitosa,ForestDryPoor
94285,Carex cespitosa,ForestDryPoor
94286,Carex cespitosa,ForestDryPoor
94287,Carex cespitosa,ForestDryPoor
94288,Carex cespitosa,ForestDryPoor
94289,Carex cespitosa,ForestDryPoor
94290,Carex cespitosa,ForestDryPoor
94291,Carex cespitosa,ForestDryPoor
94292,Carex cespitosa,ForestDryPoor
94293,Carex cespitosa,ForestDryPoor
94294,Carex cespitosa,ForestDryPoor
94295,Carex cespitosa,ForestDryPoor
94296,Carex cespitosa,ForestDryPoor
94297,Carex cespitosa,ForestDryPoor
94298,Carex cespitosa,ForestDryPoor
94299,Carex cespitosa,ForestDryPoor
94340,Carex cespitosa,ForestDryPoor
94341,Carex cespitosa,ForestDryPoor
94342,Carex cespitosa,ForestDryPoor
94343,Carex cespitosa,ForestDryPoor
94344,Carex cespitosa,ForestDryPoor
94345,Carex cespitosa,ForestDryPoor
94346,Carex cespitosa,ForestDryPoor
94347,Carex cespitosa,ForestDryPoor
94348,Carex cespitosa,ForestDryPoor
94349,Carex cespitosa,ForestDryPoor
94350,Carex cespitosa,ForestDryPoor
94351,Carex cespitosa,ForestDryPoor
94352,Carex cespitosa,ForestDryPoor
94353,Carex cespitosa,ForestDryPoor
94354,Carex cespitosa,ForestDryPoor
94355,Carex cespitosa,ForestDryPoor
94356,Carex cespitosa,ForestDryPoor
94357,Carex cespitosa,ForestDryPoor
94879,Carex cespitosa,ForestDryPoor
94880,Carex cespitosa,ForestDryPoor
94881,Carex cespitosa,ForestDryPoor
94882,Carex cespitosa,ForestDryPoor
94883,Carex cespitosa,ForestDryPoor
94884,Carex cespitosa,ForestDryPoor
94885,Carex cespitosa,ForestDryPoor
94886,Carex cespitosa,ForestDryPoor
94887,Carex cespitosa,ForestDryPoor
94888,Carex cespitosa,ForestDryPoor
94889,Carex cespitosa,ForestDryPoor
94890,Carex cespitosa,ForestDryPoor
94891,Carex cespitosa,ForestDryPoor
94892,Carex cespitosa,ForestDryPoor
94893,Carex cespitosa,ForestDryPoor
94894,Carex cespitosa,ForestDryPoor
94895,Carex cespitosa,ForestDryPoor
94896,Carex cespitosa,ForestDryPoor
94897,Carex cespitosa,ForestDryPoor
94898,Carex cespitosa,ForestDryPoor
94939,Carex cespitosa,ForestDryPoor
94940,Carex cespitosa,ForestDryPoor
94941,Carex cespitosa,ForestDryPoor
94942,Carex cespitosa,ForestDryPoor
94943,Carex cespitosa,ForestDryPoor
94944,Carex cespitosa,ForestDryPoor
94945,Carex cespitosa,ForestDryPoor
94946,Carex cespitosa,ForestDryPoor
94947,Carex cespitosa,ForestDryPoor
94948,Carex cespitosa,ForestDryPoor
94949,Carex cespitosa,ForestDryPoor
94950,Carex cespitosa,ForestDryPoor
94951,Carex cespitosa,ForestDryPoor
94952,Carex cespitosa,ForestDryPoor
94953,Carex cespitosa,ForestDryPoor
94954,Carex cespitosa,ForestDryPoor
94955,Carex cespitosa,ForestDryPoor
94956,Carex cespitosa,ForestDryPoor
95478,Carex cespitosa,ForestDryPoor
95479,Carex cespitosa,ForestDryPoor
95480,Carex cespitosa,ForestDryPoor
95481,Carex cespitosa,ForestDryPoor
95482,Carex cespitosa,ForestDryPoor
95483,Carex cespitosa,ForestDryPoor
95484,Carex cespitosa,ForestDryPoor
95485,Carex cespitosa,ForestDryPoor
95486,Carex cespitosa,ForestDryPoor
95487,Carex cespitosa,ForestDryPoor
95488,Carex cespitosa,ForestDryPoor
95489,Carex cespitosa,ForestDryPoor
95490,Carex cespitosa,ForestDryPoor
95491,Carex cespitosa,ForestDryPoor
95492,Carex cespitosa,ForestDryPoor
95493,Carex cespitosa,ForestDryPoor
95494,Carex cespitosa,ForestDryPoor
95495,Carex cespitosa,ForestDryPoor
95496,Carex cespitosa,ForestDryPoor
95497,Carex cespitosa,ForestDryPoor
95538,Carex cespitosa,ForestDryPoor
95539,Carex cespitosa,ForestDryPoor
95540,Carex cespitosa,ForestDryPoor
95541,Carex cespitosa,ForestDryPoor
95542,Carex cespitosa,ForestDryPoor
95543,Carex cespitosa,ForestDryPoor
95544,Carex cespitosa,ForestDryPoor
95545,Carex cespitosa,ForestDryPoor
95546,Carex cespitosa,ForestDryPoor
95547,Carex cespitosa,ForestDryPoor
95548,Carex cespitosa,ForestDryPoor
95549,Carex cespitosa,ForestDryPoor
95550,Carex cespitosa,ForestDryPoor
95551,Carex cespitosa,ForestDryPoor
95552,Carex cespitosa,ForestDryPoor
95553,Carex cespitosa,ForestDryPoor
95554,Carex cespitosa,ForestDryPoor
95555,Carex cespitosa,ForestDryPoor
96077,Carex cespitosa,ForestDryPoor
96078,Carex cespitosa,ForestDryPoor
96079,Carex cespitosa,ForestDryPoor
96080,Carex cespitosa,ForestDryPoor
96081,Carex cespitosa,ForestDryPoor
96082,Carex cespitosa,ForestDryPoor
96083,Carex cespitosa,ForestDryPoor
96084,Carex cespitosa,ForestDryPoor
96085,Carex cespitosa,ForestDryPoor
96086,Carex cespitosa,ForestDryPoor
96087,Carex cespitosa,ForestDryPoor
96088,Carex cespitosa,ForestDryPoor
96089,Carex cespitosa,ForestDryPoor
96090,Carex cespitosa,ForestDryPoor
96091,Carex cespitosa,ForestDryPoor
96092,Carex cespitosa,ForestDryPoor
96093,Carex cespitosa,ForestDryPoor
96094,Carex cespitosa,ForestDryPoor
96095,Carex cespitosa,ForestDryPoor
96096,Carex cespitosa,ForestDryPoor
96137,Carex cespitosa,ForestDryPoor
96138,Carex cespitosa,ForestDryPoor
96139,Carex cespitosa,ForestDryPoor
96140,Carex cespitosa,ForestDryPoor
96141,Carex cespitosa,ForestDryPoor
96142,Carex cespitosa,ForestDryPoor
96143,Carex cespitosa,ForestDryPoor
96144,Carex cespitosa,ForestDryPoor
96145,Carex cespitosa,ForestDryPoor
96146,Carex cespitosa,ForestDryPoor
96147,Carex cespitosa,ForestDryPoor
96148,Carex cespitosa,ForestDryPoor
96149,Carex cespitosa,ForestDryPoor
96150,Carex cespitosa,ForestDryPoor
96151,Carex cespitosa,ForestDryPoor
96152,Carex cespitosa,ForestDryPoor
96153,Carex cespitosa,ForestDryPoor
96154,Carex cespitosa,ForestDryPoor
96676,Carex cespitosa,ForestDryPoor
96677,Carex cespitosa,ForestDryPoor
96678,Carex cespitosa,ForestDryPoor
96679,Carex cespitosa,ForestDryPoor
96680,Carex cespitosa,ForestDryPoor
96681,Carex cespitosa,ForestDryPoor
96682,Carex cespitosa,ForestDryPoor
96683,Carex cespitosa,ForestDryPoor
96684,Carex cespitosa,ForestDryPoor
96685,Carex cespitosa,ForestDryPoor
96686,Carex cespitosa,ForestDryPoor
96687,Carex cespitosa,ForestDryPoor
96688,Carex cespitosa,ForestDryPoor
96689,Carex cespitosa,ForestDryPoor
96690,Carex cespitosa,ForestDryPoor
96691,Carex cespitosa,ForestDryPoor
96692,Carex cespitosa,ForestDryPoor
96693,Carex cespitosa,ForestDryPoor
96694,Carex cespitosa,ForestDryPoor
96695,Carex cespitosa,ForestDryPoor
96736,Carex cespitosa,ForestDryPoor
96737,Carex cespitosa,ForestDryPoor
96738,Carex cespitosa,ForestDryPoor
96739,Carex cespitosa,ForestDryPoor
96740,Carex cespitosa,ForestDryPoor
96741,Carex cespitosa,ForestDryPoor
96742,Carex cespitosa,ForestDryPoor
96743,Carex cespitosa,ForestDryPoor
96744,Carex cespitosa,ForestDryPoor
96745,Carex cespitosa,ForestDryPoor
96746,Carex cespitosa,ForestDryPoor
96747,Carex cespitosa,ForestDryPoor
96748,Carex cespitosa,ForestDryPoor
96749,Carex cespitosa,ForestDryPoor
96750,Carex cespitosa,ForestDryPoor
96751,Carex cespitosa,ForestDryPoor
96752,Carex cespitosa,ForestDryPoor
96753,Carex cespitosa,ForestDryPoor
97275,Carex cespitosa,ForestDryPoor
97276,Carex cespitosa,ForestDryPoor
97277,Carex cespitosa,ForestDryPoor
97278,Carex cespitosa,ForestDryPoor
97279,Carex cespitosa,ForestDryPoor
97280,Carex cespitosa,ForestDryPoor
97281,Carex cespitosa,ForestDryPoor
97282,Carex cespitosa,ForestDryPoor
97283,Carex cespitosa,ForestDryPoor
97284,Carex cespitosa,ForestDryPoor
97285,Carex cespitosa,ForestDryPoor
97286,Carex cespitosa,ForestDryPoor
97287,Carex cespitosa,ForestDryPoor
97288,Carex cespitosa,ForestDryPoor
97289,Carex cespitosa,ForestDryPoor
97290,Carex cespitosa,ForestDryPoor
97291,Carex cespitosa,ForestDryPoor
97292,Carex cespitosa,ForestDryPoor
97293,Carex cespitosa,ForestDryPoor
97294,Carex cespitosa,ForestDryPoor
97335,Carex cespitosa,ForestDryPoor
97336,Carex cespitosa,ForestDryPoor
97337,Carex cespitosa,ForestDryPoor
97338,Carex cespitosa,ForestDryPoor
97339,Carex cespitosa,ForestDryPoor
97340,Carex cespitosa,ForestDryPoor
97341,Carex cespitosa,ForestDryPoor
97342,Carex cespitosa,ForestDryPoor
97343,Carex cespitosa,ForestDryPoor
97344,Carex cespitosa,ForestDryPoor
97345,Carex cespitosa,ForestDryPoor
97346,Carex cespitosa,ForestDryPoor
97347,Carex cespitosa,ForestDryPoor
97348,Carex cespitosa,ForestDryPoor
97349,Carex cespitosa,ForestDryPoor
97350,Carex cespitosa,ForestDryPoor
97351,Carex cespitosa,ForestDryPoor
97352,Carex cespitosa,ForestDryPoor
97874,Carex cespitosa,ForestDryPoor
97875,Carex cespitosa,ForestDryPoor
97876,Carex cespitosa,ForestDryPoor
97877,Carex cespitosa,ForestDryPoor
97878,Carex cespitosa,ForestDryPoor
97879,Carex cespitosa,ForestDryPoor
97880,Carex cespitosa,ForestDryPoor
97881,Carex cespitosa,ForestDryPoor
97882,Carex cespitosa,ForestDryPoor
97883,Carex cespitosa,ForestDryPoor
97884,Carex cespitosa,ForestDryPoor
97885,Carex cespitosa,ForestDryPoor
97886,Carex cespitosa,ForestDryPoor
97887,Carex cespitosa,ForestDryPoor
97888,Carex cespitosa,ForestDryPoor
97889,Carex cespitosa,ForestDryPoor
97890,Carex cespitosa,ForestDryPoor
97891,Carex cespitosa,ForestDryPoor
97892,Carex cespitosa,ForestDryPoor
97893,Carex cespitosa,ForestDryPoor
97934,Carex cespitosa,ForestDryPoor
97935,Carex cespitosa,ForestDryPoor
97936,Carex cespitosa,ForestDryPoor
97937,Carex cespitosa,ForestDryPoor
97938,Carex cespitosa,ForestDryPoor
97939,Carex cespitosa,ForestDryPoor
97940,Carex cespitosa,ForestDryPoor
97941,Carex cespitosa,ForestDryPoor
97942,Carex cespitosa,ForestDryPoor
97943,Carex cespitosa,ForestDryPoor
97944,Carex cespitosa,ForestDryPoor
97945,Carex cespitosa,ForestDryPoor
97946,Carex cespitosa,ForestDryPoor
97947,Carex cespitosa,ForestDryPoor
97948,Carex cespitosa,ForestDryPoor
97949,Carex cespitosa,ForestDryPoor
97950,Carex cespitosa,ForestDryPoor
97951,Carex cespitosa,ForestDryPoor
98473,Carex cespitosa,ForestDryPoor
98474,Carex cespitosa,ForestDryPoor
98475,Carex cespitosa,ForestDryPoor
98476,Carex cespitosa,ForestDryPoor
98477,Carex cespitosa,ForestDryPoor
98478,Carex cespitosa,ForestDryPoor
98479,Carex cespitosa,ForestDryPoor
98480,Carex cespitosa,ForestDryPoor
98481,Carex cespitosa,ForestDryPoor
98482,Carex cespitosa,ForestDryPoor
98483,Carex cespitosa,ForestDryPoor
98484,Carex cespitosa,ForestDryPoor
98485,Carex cespitosa,ForestDryPoor
98486,Carex cespitosa,ForestDryPoor
98487,Carex cespitosa,ForestDryPoor
98488,Carex cespitosa,ForestDryPoor
98489,Carex cespitosa,ForestDryPoor
98490,Carex cespitosa,ForestDryPoor
98491,Carex cespitosa,ForestDryPoor
98492,Carex cespitosa,ForestDryPoor
98513,Carex cespitosa,ForestDryPoor
98514,Carex cespitosa,ForestDryPoor
98515,Carex cespitosa,ForestDryPoor
98516,Carex cespitosa,ForestDryPoor
98517,Carex cespitosa,ForestDryPoor
98518,Carex cespitosa,ForestDryPoor
98519,Carex cespitosa,ForestDryPoor
98520,Carex cespitosa,ForestDryPoor
98521,Carex cespitosa,ForestDryPoor
98522,Carex cespitosa,ForestDryPoor
98523,Carex cespitosa,ForestDryPoor
98524,Carex cespitosa,ForestDryPoor
98525,Carex cespitosa,ForestDryPoor
98526,Carex cespitosa,ForestDryPoor
98527,Carex cespitosa,ForestDryPoor
98528,Carex cespitosa,ForestDryPoor
98529,Carex cespitosa,ForestDryPoor
98530,Carex cespitosa,ForestDryPoor
98531,Carex cespitosa,ForestDryPoor
98532,Carex cespitosa,ForestDryPoor
99072,Carex cespitosa,ForestDryPoor
99073,Carex cespitosa,ForestDryPoor
99074,Carex cespitosa,ForestDryPoor
99075,Carex cespitosa,ForestDryPoor
99076,Carex cespitosa,ForestDryPoor
99077,Carex cespitosa,ForestDryPoor
99078,Carex cespitosa,ForestDryPoor
99079,Carex cespitosa,ForestDryPoor
99080,Carex cespitosa,ForestDryPoor
99081,Carex cespitosa,ForestDryPoor
99082,Carex cespitosa,ForestDryPoor
99083,Carex cespitosa,ForestDryPoor
99084,Carex cespitosa,ForestDryPoor
99085,Carex cespitosa,ForestDryPoor
99086,Carex cespitosa,ForestDryPoor
99087,Carex cespitosa,ForestDryPoor
99088,Carex cespitosa,ForestDryPoor
99089,Carex cespitosa,ForestDryPoor
99090,Carex cespitosa,ForestDryPoor
99091,Carex cespitosa,ForestDryPoor
99112,Carex cespitosa,ForestDryPoor
99113,Carex cespitosa,ForestDryPoor
99114,Carex cespitosa,ForestDryPoor
99115,Carex cespitosa,ForestDryPoor
99116,Carex cespitosa,ForestDryPoor
99117,Carex cespitosa,ForestDryPoor
99118,Carex cespitosa,ForestDryPoor
99119,Carex cespitosa,ForestDryPoor
99120,Carex cespitosa,ForestDryPoor
99121,Carex cespitosa,ForestDryPoor
99122,Carex cespitosa,ForestDryPoor
99123,Carex cespitosa,ForestDryPoor
99124,Carex cespitosa,ForestDryPoor
99125,Carex cespitosa,ForestDryPoor
99126,Carex cespitosa,ForestDryPoor
99127,Carex cespitosa,ForestDryPoor
99128,Carex cespitosa,ForestDryPoor
99129,Carex cespitosa,ForestDryPoor
99130,Carex cespitosa,ForestDryPoor
99131,Carex cespitosa,ForestDryPoor
99671,Carex cespitosa,ForestDryPoor
99672,Carex cespitosa,ForestDryPoor
99673,Carex cespitosa,ForestDryPoor
99674,Carex cespitosa,ForestDryPoor
99675,Carex cespitosa,ForestDryPoor
99676,Carex cespitosa,ForestDryPoor
99677,Carex cespitosa,ForestDryPoor
99678,Carex cespitosa,ForestDryPoor
99679,Carex cespitosa,ForestDryPoor
99680,Carex cespitosa,ForestDryPoor
99681,Carex cespitosa,ForestDryPoor
99682,Carex cespitosa,ForestDryPoor
99683,Carex cespitosa,ForestDryPoor
99684,Carex cespitosa,ForestDryPoor
99685,Carex cespitosa,ForestDryPoor
99686,Carex cespitosa,ForestDryPoor
99687,Carex cespitosa,ForestDryPoor
99688,Carex cespitosa,ForestDryPoor
99689,Carex cespitosa,ForestDryPoor
99690,Carex cespitosa,ForestDryPoor
99711,Carex cespitosa,ForestDryPoor
99712,Carex cespitosa,ForestDryPoor
99713,Carex cespitosa,ForestDryPoor
99714,Carex cespitosa,ForestDryPoor
99715,Carex cespitosa,ForestDryPoor
99716,Carex cespitosa,ForestDryPoor
99717,Carex cespitosa,ForestDryPoor
99718,Carex cespitosa,ForestDryPoor
99719,Carex cespitosa,ForestDryPoor
99720,Carex cespitosa,ForestDryPoor
99721,Carex cespitosa,ForestDryPoor
99722,Carex cespitosa,ForestDryPoor
99723,Carex cespitosa,ForestDryPoor
99724,Carex cespitosa,ForestDryPoor
99725,Carex cespitosa,ForestDryPoor
99726,Carex cespitosa,ForestDryPoor
99727,Carex cespitosa,ForestDryPoor
99728,Carex cespitosa,ForestDryPoor
99729,Carex cespitosa,ForestDryPoor
99730,Carex cespitosa,ForestDryPoor
100270,Carex cespitosa,ForestDryPoor
100271,Carex cespitosa,ForestDryPoor
100272,Carex cespitosa,ForestDryPoor
100273,Carex cespitosa,ForestDryPoor
100274,Carex cespitosa,ForestDryPoor
100275,Carex cespitosa,ForestDryPoor
100276,Carex cespitosa,ForestDryPoor
100277,Carex cespitosa,ForestDryPoor
100278,Carex cespitosa,ForestDryPoor
100279,Carex cespitosa,ForestDryPoor
100280,Carex cespitosa,ForestDryPoor
100281,Carex cespitosa,ForestDryPoor
100282,Carex cespitosa,ForestDryPoor
100283,Carex cespitosa,ForestDryPoor
100284,Carex cespitosa,ForestDryPoor
100285,Carex cespitosa,ForestDryPoor
100286,Carex cespitosa,ForestDryPoor
100287,Carex cespitosa,ForestDryPoor
100288,Carex cespitosa,ForestDryPoor
100289,Carex cespitosa,ForestDryPoor
100310,Carex cespitosa,ForestDryPoor
100311,Carex cespitosa,ForestDryPoor
100312,Carex cespitosa,ForestDryPoor
100313,Carex cespitosa,ForestDryPoor
100314,Carex cespitosa,ForestDryPoor
100315,Carex cespitosa,ForestDryPoor
100316,Carex cespitosa,ForestDryPoor
100317,Carex cespitosa,ForestDryPoor
100318,Carex cespitosa,ForestDryPoor
100319,Carex cespitosa,ForestDryPoor
100320,Carex cespitosa,ForestDryPoor
100321,Carex cespitosa,ForestDryPoor
100322,Carex cespitosa,ForestDryPoor
100323,Carex cespitosa,ForestDryPoor
100324,Carex cespitosa,ForestDryPoor
100325,Carex cespitosa,ForestDryPoor
100326,Carex cespitosa,ForestDryPoor
100327,Carex cespitosa,ForestDryPoor
100328,Carex cespitosa,ForestDryPoor
100329,Carex cespitosa,ForestDryPoor
100869,Carex cespitosa,ForestDryPoor
100870,Carex cespitosa,ForestDryPoor
100871,Carex cespitosa,ForestDryPoor
100872,Carex cespitosa,ForestDryPoor
100873,Carex cespitosa,ForestDryPoor
100874,Carex cespitosa,ForestDryPoor
100875,Carex cespitosa,ForestDryPoor
100876,Carex cespitosa,ForestDryPoor
100877,Carex cespitosa,ForestDryPoor
100878,Carex cespitosa,ForestDryPoor
100879,Carex cespitosa,ForestDryPoor
100880,Carex cespitosa,ForestDryPoor
100881,Carex cespitosa,ForestDryPoor
100882,Carex cespitosa,ForestDryPoor
100883,Carex cespitosa,ForestDryPoor
100884,Carex cespitosa,ForestDryPoor
100885,Carex cespitosa,ForestDryPoor
100886,Carex cespitosa,ForestDryPoor
100887,Carex cespitosa,ForestDryPoor
100888,Carex cespitosa,ForestDryPoor
100909,Carex cespitosa,ForestDryPoor
100910,Carex cespitosa,ForestDryPoor
100911,Carex cespitosa,ForestDryPoor
100912,Carex cespitosa,ForestDryPoor
100913,Carex cespitosa,ForestDryPoor
100914,Carex cespitosa,ForestDryPoor
100915,Carex cespitosa,ForestDryPoor
100916,Carex cespitosa,ForestDryPoor
100917,Carex cespitosa,ForestDryPoor
100918,Carex cespitosa,ForestDryPoor
100919,Carex cespitosa,ForestDryPoor
100920,Carex cespitosa,ForestDryPoor
100921,Carex cespitosa,ForestDryPoor
100922,Carex cespitosa,ForestDryPoor
100923,Carex cespitosa,ForestDryPoor
100924,Carex cespitosa,ForestDryPoor
100925,Carex cespitosa,ForestDryPoor
100926,Carex cespitosa,ForestDryPoor
100927,Carex cespitosa,ForestDryPoor
100928,Carex cespitosa,ForestDryPoor
101468,Carex cespitosa,ForestDryPoor
101469,Carex cespitosa,ForestDryPoor
101470,Carex cespitosa,ForestDryPoor
101471,Carex cespitosa,ForestDryPoor
101472,Carex cespitosa,ForestDryPoor
101473,Carex cespitosa,ForestDryPoor
101474,Carex cespitosa,ForestDryPoor
101475,Carex cespitosa,ForestDryPoor
101476,Carex cespitosa,ForestDryPoor
101477,Carex cespitosa,ForestDryPoor
101478,Carex cespitosa,ForestDryPoor
101479,Carex cespitosa,ForestDryPoor
101480,Carex cespitosa,ForestDryPoor
101481,Carex cespitosa,ForestDryPoor
101482,Carex cespitosa,ForestDryPoor
101483,Carex cespitosa,ForestDryPoor
101484,Carex cespitosa,ForestDryPoor
101485,Carex cespitosa,ForestDryPoor
101486,Carex cespitosa,ForestDryPoor
101487,Carex cespitosa,ForestDryPoor
101508,Carex cespitosa,ForestDryPoor
101509,Carex cespitosa,ForestDryPoor
101510,Carex cespitosa,ForestDryPoor
101511,Carex cespitosa,ForestDryPoor
101512,Carex cespitosa,ForestDryPoor
101513,Carex cespitosa,ForestDryPoor
101514,Carex cespitosa,ForestDryPoor
101515,Carex cespitosa,ForestDryPoor
101516,Carex cespitosa,ForestDryPoor
101517,Carex cespitosa,ForestDryPoor
101518,Carex cespitosa,ForestDryPoor
101519,Carex cespitosa,ForestDryPoor
101520,Carex cespitosa,ForestDryPoor
101521,Carex cespitosa,ForestDryPoor
101522,Carex cespitosa,ForestDryPoor
101523,Carex cespitosa,ForestDryPoor
101524,Carex cespitosa,ForestDryPoor
101525,Carex cespitosa,ForestDryPoor
101526,Carex cespitosa,ForestDryPoor
101527,Carex cespitosa,ForestDryPoor
102067,Carex cespitosa,ForestDryPoor
102068,Carex cespitosa,ForestDryPoor
102069,Carex cespitosa,ForestDryPoor
102070,Carex cespitosa,ForestDryPoor
102071,Carex cespitosa,ForestDryPoor
102072,Carex cespitosa,ForestDryPoor
102073,Carex cespitosa,ForestDryPoor
102074,Carex cespitosa,ForestDryPoor
102075,Carex cespitosa,ForestDryPoor
102076,Carex cespitosa,ForestDryPoor
102077,Carex cespitosa,ForestDryPoor
102078,Carex cespitosa,ForestDryPoor
102079,Carex cespitosa,ForestDryPoor
102080,Carex cespitosa,ForestDryPoor
102081,Carex cespitosa,ForestDryPoor
102082,Carex cespitosa,ForestDryPoor
102083,Carex cespitosa,ForestDryPoor
102084,Carex cespitosa,ForestDryPoor
102085,Carex cespitosa,ForestDryPoor
102086,Carex cespitosa,ForestDryPoor
102107,Carex cespitosa,ForestDryPoor
102108,Carex cespitosa,ForestDryPoor
102109,Carex cespitosa,ForestDryPoor
102110,Carex cespitosa,ForestDryPoor
102111,Carex cespitosa,ForestDryPoor
102112,Carex cespitosa,ForestDryPoor
102113,Carex cespitosa,ForestDryPoor
102114,Carex cespitosa,ForestDryPoor
102115,Carex cespitosa,ForestDryPoor
102116,Carex cespitosa,ForestDryPoor
102117,Carex cespitosa,ForestDryPoor
102118,Carex cespitosa,ForestDryPoor
102119,Carex cespitosa,ForestDryPoor
102120,Carex cespitosa,ForestDryPoor
102121,Carex cespitosa,ForestDryPoor
102122,Carex cespitosa,ForestDryPoor
102123,Carex cespitosa,ForestDryPoor
102124,Carex cespitosa,ForestDryPoor
102125,Carex cespitosa,ForestDryPoor
102126,Carex cespitosa,ForestDryPoor
102666,Carex cespitosa,ForestDryPoor
102667,Carex cespitosa,ForestDryPoor
102668,Carex cespitosa,ForestDryPoor
102669,Carex cespitosa,ForestDryPoor
102670,Carex cespitosa,ForestDryPoor
102671,Carex cespitosa,ForestDryPoor
102672,Carex cespitosa,ForestDryPoor
102673,Carex cespitosa,ForestDryPoor
102674,Carex cespitosa,ForestDryPoor
102675,Carex cespitosa,ForestDryPoor
102676,Carex cespitosa,ForestDryPoor
102677,Carex cespitosa,ForestDryPoor
102678,Carex cespitosa,ForestDryPoor
102679,Carex cespitosa,ForestDryPoor
102680,Carex cespitosa,ForestDryPoor
102681,Carex cespitosa,ForestDryPoor
102682,Carex cespitosa,ForestDryPoor
102683,Carex cespitosa,ForestDryPoor
102684,Carex cespitosa,ForestDryPoor
102685,Carex cespitosa,ForestDryPoor
102706,Carex cespitosa,ForestDryPoor
102707,Carex cespitosa,ForestDryPoor
102708,Carex cespitosa,ForestDryPoor
102709,Carex cespitosa,ForestDryPoor
102710,Carex cespitosa,ForestDryPoor
102711,Carex cespitosa,ForestDryPoor
102712,Carex cespitosa,ForestDryPoor
102713,Carex cespitosa,ForestDryPoor
102714,Carex cespitosa,ForestDryPoor
102715,Carex cespitosa,ForestDryPoor
102716,Carex cespitosa,ForestDryPoor
102717,Carex cespitosa,ForestDryPoor
102718,Carex cespitosa,ForestDryPoor
102719,Carex cespitosa,ForestDryPoor
102720,Carex cespitosa,ForestDryPoor
102721,Carex cespitosa,ForestDryPoor
102722,Carex cespitosa,ForestDryPoor
102723,Carex cespitosa,ForestDryPoor
102724,Carex cespitosa,ForestDryPoor
102725,Carex cespitosa,ForestDryPoor
103265,Carex cespitosa,ForestDryPoor
103266,Carex cespitosa,ForestDryPoor
103267,Carex cespitosa,ForestDryPoor
103268,Carex cespitosa,ForestDryPoor
103269,Carex cespitosa,ForestDryPoor
103270,Carex cespitosa,ForestDryPoor
103271,Carex cespitosa,ForestDryPoor
103272,Carex cespitosa,ForestDryPoor
103273,Carex cespitosa,ForestDryPoor
103274,Carex cespitosa,ForestDryPoor
103275,Carex cespitosa,ForestDryPoor
103276,Carex cespitosa,ForestDryPoor
103277,Carex cespitosa,ForestDryPoor
103278,Carex cespitosa,ForestDryPoor
103279,Carex cespitosa,ForestDryPoor
103280,Carex cespitosa,ForestDryPoor
103281,Carex cespitosa,ForestDryPoor
103282,Carex cespitosa,ForestDryPoor
103283,Carex cespitosa,ForestDryPoor
103284,Carex cespitosa,ForestDryPoor
103305,Carex cespitosa,ForestDryPoor
103306,Carex cespitosa,ForestDryPoor
103307,Carex cespitosa,ForestDryPoor
103308,Carex cespitosa,ForestDryPoor
103309,Carex cespitosa,ForestDryPoor
103310,Carex cespitosa,ForestDryPoor
103311,Carex cespitosa,ForestDryPoor
103312,Carex cespitosa,ForestDryPoor
103313,Carex cespitosa,ForestDryPoor
103314,Carex cespitosa,ForestDryPoor
103315,Carex cespitosa,ForestDryPoor
103316,Carex cespitosa,ForestDryPoor
103317,Carex cespitosa,ForestDryPoor
103318,Carex cespitosa,ForestDryPoor
103319,Carex cespitosa,ForestDryPoor
103320,Carex cespitosa,ForestDryPoor
103321,Carex cespitosa,ForestDryPoor
103322,Carex cespitosa,ForestDryPoor
103323,Carex cespitosa,ForestDryPoor
103324,Carex cespitosa,ForestDryPoor
103864,Carex cespitosa,ForestDryPoor
103865,Carex cespitosa,ForestDryPoor
103866,Carex cespitosa,ForestDryPoor
103867,Carex cespitosa,ForestDryPoor
103868,Carex cespitosa,ForestDryPoor
103869,Carex cespitosa,ForestDryPoor
103870,Carex cespitosa,ForestDryPoor
103871,Carex cespitosa,ForestDryPoor
103872,Carex cespitosa,ForestDryPoor
103873,Carex cespitosa,ForestDryPoor
103874,Carex cespitosa,ForestDryPoor
103875,Carex cespitosa,ForestDryPoor
103876,Carex cespitosa,ForestDryPoor
103877,Carex cespitosa,ForestDryPoor
103878,Carex cespitosa,ForestDryPoor
103879,Carex cespitosa,ForestDryPoor
103880,Carex cespitosa,ForestDryPoor
103881,Carex cespitosa,ForestDryPoor
103882,Carex cespitosa,ForestDryPoor
103883,Carex cespitosa,ForestDryPoor
103904,Carex cespitosa,ForestDryPoor
103905,Carex cespitosa,ForestDryPoor
103906,Carex cespitosa,ForestDryPoor
103907,Carex cespitosa,ForestDryPoor
103908,Carex cespitosa,ForestDryPoor
103909,Carex cespitosa,ForestDryPoor
103910,Carex cespitosa,ForestDryPoor
103911,Carex cespitosa,ForestDryPoor
103912,Carex cespitosa,ForestDryPoor
103913,Carex cespitosa,ForestDryPoor
103914,Carex cespitosa,ForestDryPoor
103915,Carex cespitosa,ForestDryPoor
103916,Carex cespitosa,ForestDryPoor
103917,Carex cespitosa,ForestDryPoor
103918,Carex cespitosa,ForestDryPoor
103919,Carex cespitosa,ForestDryPoor
103920,Carex cespitosa,ForestDryPoor
103921,Carex cespitosa,ForestDryPoor
103922,Carex cespitosa,ForestDryPoor
103923,Carex cespitosa,ForestDryPoor
104463,Carex cespitosa,ForestDryPoor
104464,Carex cespitosa,ForestDryPoor
104465,Carex cespitosa,ForestDryPoor
104466,Carex cespitosa,ForestDryPoor
104467,Carex cespitosa,ForestDryPoor
104468,Carex cespitosa,ForestDryPoor
104469,Carex cespitosa,ForestDryPoor
104470,Carex cespitosa,ForestDryPoor
104471,Carex cespitosa,ForestDryPoor
104472,Carex cespitosa,ForestDryPoor
104473,Carex cespitosa,ForestDryPoor
104474,Carex cespitosa,ForestDryPoor
104475,Carex cespitosa,ForestDryPoor
104476,Carex cespitosa,ForestDryPoor
104477,Carex cespitosa,ForestDryPoor
104478,Carex cespitosa,ForestDryPoor
104479,Carex cespitosa,ForestDryPoor
104480,Carex cespitosa,ForestDryPoor
104481,Carex cespitosa,ForestDryPoor
104482,Carex cespitosa,ForestDryPoor
104503,Carex cespitosa,ForestDryPoor
104504,Carex cespitosa,ForestDryPoor
104505,Carex cespitosa,ForestDryPoor
104506,Carex cespitosa,ForestDryPoor
104507,Carex cespitosa,ForestDryPoor
104508,Carex cespitosa,ForestDryPoor
104509,Carex cespitosa,ForestDryPoor
104510,Carex cespitosa,ForestDryPoor
104511,Carex cespitosa,ForestDryPoor
104512,Carex cespitosa,ForestDryPoor
104513,Carex cespitosa,ForestDryPoor
104514,Carex cespitosa,ForestDryPoor
104515,Carex cespitosa,ForestDryPoor
104516,Carex cespitosa,ForestDryPoor
104517,Carex cespitosa,ForestDryPoor
104518,Carex cespitosa,ForestDryPoor
104519,Carex cespitosa,ForestDryPoor
104520,Carex cespitosa,ForestDryPoor
104521,Carex cespitosa,ForestDryPoor
104522,Carex cespitosa,ForestDryPoor
105062,Carex cespitosa,ForestDryPoor
105063,Carex cespitosa,ForestDryPoor
105064,Carex cespitosa,ForestDryPoor
105065,Carex cespitosa,ForestDryPoor
105066,Carex cespitosa,ForestDryPoor
105067,Carex cespitosa,ForestDryPoor
105068,Carex cespitosa,ForestDryPoor
105069,Carex cespitosa,ForestDryPoor
105070,Carex cespitosa,ForestDryPoor
105071,Carex cespitosa,ForestDryPoor
105072,Carex cespitosa,ForestDryPoor
105073,Carex cespitosa,ForestDryPoor
105074,Carex cespitosa,ForestDryPoor
105075,Carex cespitosa,ForestDryPoor
105076,Carex cespitosa,ForestDryPoor
105077,Carex cespitosa,ForestDryPoor
105078,Carex cespitosa,ForestDryPoor
105079,Carex cespitosa,ForestDryPoor
105080,Carex cespitosa,ForestDryPoor
105081,Carex cespitosa,ForestDryPoor
105102,Carex cespitosa,ForestDryPoor
105103,Carex cespitosa,ForestDryPoor
105104,Carex cespitosa,ForestDryPoor
105105,Carex cespitosa,ForestDryPoor
105106,Carex cespitosa,ForestDryPoor
105107,Carex cespitosa,ForestDryPoor
105108,Carex cespitosa,ForestDryPoor
105109,Carex cespitosa,ForestDryPoor
105110,Carex cespitosa,ForestDryPoor
105111,Carex cespitosa,ForestDryPoor
105112,Carex cespitosa,ForestDryPoor
105113,Carex cespitosa,ForestDryPoor
105114,Carex cespitosa,ForestDryPoor
105115,Carex cespitosa,ForestDryPoor
105116,Carex cespitosa,ForestDryPoor
105117,Carex cespitosa,ForestDryPoor
105118,Carex cespitosa,ForestDryPoor
105119,Carex cespitosa,ForestDryPoor
105120,Carex cespitosa,ForestDryPoor
105121,Carex cespitosa,ForestDryPoor
105661,Carex cespitosa,ForestDryPoor
105662,Carex cespitosa,ForestDryPoor
105663,Carex cespitosa,ForestDryPoor
105664,Carex cespitosa,ForestDryPoor
105665,Carex cespitosa,ForestDryPoor
105666,Carex cespitosa,ForestDryPoor
105667,Carex cespitosa,ForestDryPoor
105668,Carex cespitosa,ForestDryPoor
105669,Carex cespitosa,ForestDryPoor
105670,Carex cespitosa,ForestDryPoor
105671,Carex cespitosa,ForestDryPoor
105672,Carex cespitosa,ForestDryPoor
105673,Carex cespitosa,ForestDryPoor
105674,Carex cespitosa,ForestDryPoor
105675,Carex cespitosa,ForestDryPoor
105676,Carex cespitosa,ForestDryPoor
105677,Carex cespitosa,ForestDryPoor
105678,Carex cespitosa,ForestDryPoor
105679,Carex cespitosa,ForestDryPoor
105680,Carex cespitosa,ForestDryPoor
105701,Carex cespitosa,ForestDryPoor
105702,Carex cespitosa,ForestDryPoor
105703,Carex cespitosa,ForestDryPoor
105704,Carex cespitosa,ForestDryPoor
105705,Carex cespitosa,ForestDryPoor
105706,Carex cespitosa,ForestDryPoor
105707,Carex cespitosa,ForestDryPoor
105708,Carex cespitosa,ForestDryPoor
105709,Carex cespitosa,ForestDryPoor
105710,Carex cespitosa,ForestDryPoor
105711,Carex cespitosa,ForestDryPoor
105712,Carex cespitosa,ForestDryPoor
105713,Carex cespitosa,ForestDryPoor
105714,Carex cespitosa,ForestDryPoor
105715,Carex cespitosa,ForestDryPoor
105716,Carex cespitosa,ForestDryPoor
105717,Carex cespitosa,ForestDryPoor
105718,Carex cespitosa,ForestDryPoor
105719,Carex cespitosa,ForestDryPoor
105720,Carex cespitosa,ForestDryPoor
106260,Carex cespitosa,ForestDryPoor
106261,Carex cespitosa,ForestDryPoor
106262,Carex cespitosa,ForestDryPoor
106263,Carex cespitosa,ForestDryPoor
106264,Carex cespitosa,ForestDryPoor
106265,Carex cespitosa,ForestDryPoor
106266,Carex cespitosa,ForestDryPoor
106267,Carex cespitosa,ForestDryPoor
106268,Carex cespitosa,ForestDryPoor
106269,Carex cespitosa,ForestDryPoor
106270,Carex cespitosa,ForestDryPoor
106271,Carex cespitosa,ForestDryPoor
106272,Carex cespitosa,ForestDryPoor
106273,Carex cespitosa,ForestDryPoor
106274,Carex cespitosa,ForestDryPoor
106275,Carex cespitosa,ForestDryPoor
106276,Carex cespitosa,ForestDryPoor
106277,Carex cespitosa,ForestDryPoor
106278,Carex cespitosa,ForestDryPoor
106279,Carex cespitosa,ForestDryPoor
106300,Carex cespitosa,ForestDryPoor
106301,Carex cespitosa,ForestDryPoor
106302,Carex cespitosa,ForestDryPoor
106303,Carex cespitosa,ForestDryPoor
106304,Carex cespitosa,ForestDryPoor
106305,Carex cespitosa,ForestDryPoor
106306,Carex cespitosa,ForestDryPoor
106307,Carex cespitosa,ForestDryPoor
106308,Carex cespitosa,ForestDryPoor
106309,Carex cespitosa,ForestDryPoor
106310,Carex cespitosa,ForestDryPoor
106311,Carex cespitosa,ForestDryPoor
106312,Carex cespitosa,ForestDryPoor
106313,Carex cespitosa,ForestDryPoor
106314,Carex cespitosa,ForestDryPoor
106315,Carex cespitosa,ForestDryPoor
106316,Carex cespitosa,ForestDryPoor
106317,Carex cespitosa,ForestDryPoor
106318,Carex cespitosa,ForestDryPoor
106319,Carex cespitosa,ForestDryPoor
106859,Carex cespitosa,ForestDryPoor
106860,Carex cespitosa,ForestDryPoor
106861,Carex cespitosa,ForestDryPoor
106862,Carex cespitosa,ForestDryPoor
106863,Carex cespitosa,ForestDryPoor
106864,Carex cespitosa,ForestDryPoor
106865,Carex cespitosa,ForestDryPoor
106866,Carex cespitosa,ForestDryPoor
106867,Carex cespitosa,ForestDryPoor
106868,Carex cespitosa,ForestDryPoor
106869,Carex cespitosa,ForestDryPoor
106870,Carex cespitosa,ForestDryPoor
106871,Carex cespitosa,ForestDryPoor
106872,Carex cespitosa,ForestDryPoor
106873,Carex cespitosa,ForestDryPoor
106874,Carex cespitosa,ForestDryPoor
106875,Carex cespitosa,ForestDryPoor
106876,Carex cespitosa,ForestDryPoor
106877,Carex cespitosa,ForestDryPoor
106878,Carex cespitosa,ForestDryPoor
106899,Carex cespitosa,ForestDryPoor
106900,Carex cespitosa,ForestDryPoor
106901,Carex cespitosa,ForestDryPoor
106902,Carex cespitosa,ForestDryPoor
106903,Carex cespitosa,ForestDryPoor
106904,Carex cespitosa,ForestDryPoor
106905,Carex cespitosa,ForestDryPoor
106906,Carex cespitosa,ForestDryPoor
106907,Carex cespitosa,ForestDryPoor
106908,Carex cespitosa,ForestDryPoor
106909,Carex cespitosa,ForestDryPoor
106910,Carex cespitosa,ForestDryPoor
106911,Carex cespitosa,ForestDryPoor
106912,Carex cespitosa,ForestDryPoor
106913,Carex cespitosa,ForestDryPoor
106914,Carex cespitosa,ForestDryPoor
106915,Carex cespitosa,ForestDryPoor
106916,Carex cespitosa,ForestDryPoor
106917,Carex cespitosa,ForestDryPoor
106918,Carex cespitosa,ForestDryPoor
107458,Carex cespitosa,ForestDryPoor
107459,Carex cespitosa,ForestDryPoor
107460,Carex cespitosa,ForestDryPoor
107461,Carex cespitosa,ForestDryPoor
107462,Carex cespitosa,ForestDryPoor
107463,Carex cespitosa,ForestDryPoor
107464,Carex cespitosa,ForestDryPoor
107465,Carex cespitosa,ForestDryPoor
107466,Carex cespitosa,ForestDryPoor
107467,Carex cespitosa,ForestDryPoor
107468,Carex cespitosa,ForestDryPoor
107469,Carex cespitosa,ForestDryPoor
107470,Carex cespitosa,ForestDryPoor
107471,Carex cespitosa,ForestDryPoor
107472,Carex cespitosa,ForestDryPoor
107473,Carex cespitosa,ForestDryPoor
107474,Carex cespitosa,ForestDryPoor
107475,Carex cespitosa,ForestDryPoor
107476,Carex cespitosa,ForestDryPoor
107477,Carex cespitosa,ForestDryPoor
107498,Carex cespitosa,ForestDryPoor
107499,Carex cespitosa,ForestDryPoor
107500,Carex cespitosa,ForestDryPoor
107501,Carex cespitosa,ForestDryPoor
107502,Carex cespitosa,ForestDryPoor
107503,Carex cespitosa,ForestDryPoor
107504,Carex cespitosa,ForestDryPoor
107505,Carex cespitosa,ForestDryPoor
107506,Carex cespitosa,ForestDryPoor
107507,Carex cespitosa,ForestDryPoor
107508,Carex cespitosa,ForestDryPoor
107509,Carex cespitosa,ForestDryPoor
107510,Carex cespitosa,ForestDryPoor
107511,Carex cespitosa,ForestDryPoor
107512,Carex cespitosa,ForestDryPoor
107513,Carex cespitosa,ForestDryPoor
107514,Carex cespitosa,ForestDryPoor
107515,Carex cespitosa,ForestDryPoor
107516,Carex cespitosa,ForestDryPoor
107517,Carex cespitosa,ForestDryPoor
108057,Carex cespitosa,ForestDryPoor
108058,Carex cespitosa,ForestDryPoor
108059,Carex cespitosa,ForestDryPoor
108060,Carex cespitosa,ForestDryPoor
108061,Carex cespitosa,ForestDryPoor
108062,Carex cespitosa,ForestDryPoor
108063,Carex cespitosa,ForestDryPoor
108064,Carex cespitosa,ForestDryPoor
108065,Carex cespitosa,ForestDryPoor
108066,Carex cespitosa,ForestDryPoor
108067,Carex cespitosa,ForestDryPoor
108068,Carex cespitosa,ForestDryPoor
108069,Carex cespitosa,ForestDryPoor
108070,Carex cespitosa,ForestDryPoor
108071,Carex cespitosa,ForestDryPoor
108072,Carex cespitosa,ForestDryPoor
108073,Carex cespitosa,ForestDryPoor
108074,Carex cespitosa,ForestDryPoor
108075,Carex cespitosa,ForestDryPoor
108076,Carex cespitosa,ForestDryPoor
108097,Carex cespitosa,ForestDryPoor
108098,Carex cespitosa,ForestDryPoor
108099,Carex cespitosa,ForestDryPoor
108100,Carex cespitosa,ForestDryPoor
108101,Carex cespitosa,ForestDryPoor
108102,Carex cespitosa,ForestDryPoor
108103,Carex cespitosa,ForestDryPoor
108104,Carex cespitosa,ForestDryPoor
108105,Carex cespitosa,ForestDryPoor
108106,Carex cespitosa,ForestDryPoor
108107,Carex cespitosa,ForestDryPoor
108108,Carex cespitosa,ForestDryPoor
108109,Carex cespitosa,ForestDryPoor
108110,Carex cespitosa,ForestDryPoor
108111,Carex cespitosa,ForestDryPoor
108112,Carex cespitosa,ForestDryPoor
108113,Carex cespitosa,ForestDryPoor
108114,Carex cespitosa,ForestDryPoor
108115,Carex cespitosa,ForestDryPoor
108116,Carex cespitosa,ForestDryPoor
108656,Carex cespitosa,ForestDryPoor
108657,Carex cespitosa,ForestDryPoor
108658,Carex cespitosa,ForestDryPoor
108659,Carex cespitosa,ForestDryPoor
108660,Carex cespitosa,ForestDryPoor
108661,Carex cespitosa,ForestDryPoor
108662,Carex cespitosa,ForestDryPoor
108663,Carex cespitosa,ForestDryPoor
108664,Carex cespitosa,ForestDryPoor
108665,Carex cespitosa,ForestDryPoor
108666,Carex cespitosa,ForestDryPoor
108667,Carex cespitosa,ForestDryPoor
108668,Carex cespitosa,ForestDryPoor
108669,Carex cespitosa,ForestDryPoor
108670,Carex cespitosa,ForestDryPoor
108671,Carex cespitosa,ForestDryPoor
108672,Carex cespitosa,ForestDryPoor
108673,Carex cespitosa,ForestDryPoor
108674,Carex cespitosa,ForestDryPoor
108675,Carex cespitosa,ForestDryPoor
108696,Carex cespitosa,ForestDryPoor
108697,Carex cespitosa,ForestDryPoor
108698,Carex cespitosa,ForestDryPoor
108699,Carex cespitosa,ForestDryPoor
108700,Carex cespitosa,ForestDryPoor
108701,Carex cespitosa,ForestDryPoor
108702,Carex cespitosa,ForestDryPoor
108703,Carex cespitosa,ForestDryPoor
108704,Carex cespitosa,ForestDryPoor
108705,Carex cespitosa,ForestDryPoor
108706,Carex cespitosa,ForestDryPoor
108707,Carex cespitosa,ForestDryPoor
108708,Carex cespitosa,ForestDryPoor
108709,Carex cespitosa,ForestDryPoor
108710,Carex cespitosa,ForestDryPoor
108711,Carex cespitosa,ForestDryPoor
108712,Carex cespitosa,ForestDryPoor
108713,Carex cespitosa,ForestDryPoor
108714,Carex cespitosa,ForestDryPoor
108715,Carex cespitosa,ForestDryPoor
109255,Carex cespitosa,ForestDryPoor
109256,Carex cespitosa,ForestDryPoor
109257,Carex cespitosa,ForestDryPoor
109258,Carex cespitosa,ForestDryPoor
109259,Carex cespitosa,ForestDryPoor
109260,Carex cespitosa,ForestDryPoor
109261,Carex cespitosa,ForestDryPoor
109262,Carex cespitosa,ForestDryPoor
109263,Carex cespitosa,ForestDryPoor
109264,Carex cespitosa,ForestDryPoor
109265,Carex cespitosa,ForestDryPoor
109266,Carex cespitosa,ForestDryPoor
109267,Carex cespitosa,ForestDryPoor
109268,Carex cespitosa,ForestDryPoor
109269,Carex cespitosa,ForestDryPoor
109270,Carex cespitosa,ForestDryPoor
109271,Carex cespitosa,ForestDryPoor
109272,Carex cespitosa,ForestDryPoor
109273,Carex cespitosa,ForestDryPoor
109274,Carex cespitosa,ForestDryPoor
109295,Carex cespitosa,ForestDryPoor
109296,Carex cespitosa,ForestDryPoor
109297,Carex cespitosa,ForestDryPoor
109298,Carex cespitosa,ForestDryPoor
109299,Carex cespitosa,ForestDryPoor
109300,Carex cespitosa,ForestDryPoor
109301,Carex cespitosa,ForestDryPoor
109302,Carex cespitosa,ForestDryPoor
109303,Carex cespitosa,ForestDryPoor
109304,Carex cespitosa,ForestDryPoor
109305,Carex cespitosa,ForestDryPoor
109306,Carex cespitosa,ForestDryPoor
109307,Carex cespitosa,ForestDryPoor
109308,Carex cespitosa,ForestDryPoor
109309,Carex cespitosa,ForestDryPoor
109310,Carex cespitosa,ForestDryPoor
109311,Carex cespitosa,ForestDryPoor
109312,Carex cespitosa,ForestDryPoor
109313,Carex cespitosa,ForestDryPoor
109314,Carex cespitosa,ForestDryPoor
109854,Carex cespitosa,ForestDryPoor
109855,Carex cespitosa,ForestDryPoor
109856,Carex cespitosa,ForestDryPoor
109857,Carex cespitosa,ForestDryPoor
109858,Carex cespitosa,ForestDryPoor
109859,Carex cespitosa,ForestDryPoor
109860,Carex cespitosa,ForestDryPoor
109861,Carex cespitosa,ForestDryPoor
109862,Carex cespitosa,ForestDryPoor
109863,Carex cespitosa,ForestDryPoor
109864,Carex cespitosa,ForestDryPoor
109865,Carex cespitosa,ForestDryPoor
109866,Carex cespitosa,ForestDryPoor
109867,Carex cespitosa,ForestDryPoor
109868,Carex cespitosa,ForestDryPoor
109869,Carex cespitosa,ForestDryPoor
109870,Carex cespitosa,ForestDryPoor
109871,Carex cespitosa,ForestDryPoor
109872,Carex cespitosa,ForestDryPoor
109873,Carex cespitosa,ForestDryPoor
109894,Carex cespitosa,ForestDryPoor
109895,Carex cespitosa,ForestDryPoor
109896,Carex cespitosa,ForestDryPoor
109897,Carex cespitosa,ForestDryPoor
109898,Carex cespitosa,ForestDryPoor
109899,Carex cespitosa,ForestDryPoor
109900,Carex cespitosa,ForestDryPoor
109901,Carex cespitosa,ForestDryPoor
109902,Carex cespitosa,ForestDryPoor
109903,Carex cespitosa,ForestDryPoor
109904,Carex cespitosa,ForestDryPoor
109905,Carex cespitosa,ForestDryPoor
109906,Carex cespitosa,ForestDryPoor
109907,Carex cespitosa,ForestDryPoor
109908,Carex cespitosa,ForestDryPoor
109909,Carex cespitosa,ForestDryPoor
109910,Carex cespitosa,ForestDryPoor
109911,Carex cespitosa,ForestDryPoor
109912,Carex cespitosa,ForestDryPoor
109913,Carex cespitosa,ForestDryPoor
