69781,Carex echinata,ForestDryPoor
69782,Carex echinata,ForestDryPoor
70380,Carex echinata,ForestDryPoor
70381,Carex echinata,ForestDryPoor
70382,Carex echinata,ForestDryPoor
70979,Carex echinata,ForestDryPoor
70980,Carex echinata,ForestDryPoor
70981,Carex echinata,ForestDryPoor
70982,Carex echinata,ForestDryPoor
71578,Carex echinata,ForestDryPoor
71579,Carex echinata,ForestDryPoor
71580,Carex echinata,ForestDryPoor
71581,Carex echinata,ForestDryPoor
71582,Carex echinata,ForestDryPoor
72177,Carex echinata,ForestDryPoor
72178,Carex echinata,ForestDryPoor
72179,Carex echinata,ForestDryPoor
72180,Carex echinata,ForestDryPoor
72181,Carex echinata,ForestDryPoor
72182,Carex echinata,ForestDryPoor
72776,Carex echinata,ForestDryPoor
72777,Carex echinata,ForestDryPoor
72778,Carex echinata,ForestDryPoor
72779,Carex echinata,ForestDryPoor
72780,Carex echinata,ForestDryPoor
72781,Carex echinata,ForestDryPoor
72782,Carex echinata,ForestDryPoor
73375,Carex echinata,ForestDryPoor
73376,Carex echinata,ForestDryPoor
73377,Carex echinata,ForestDryPoor
73378,Carex echinata,ForestDryPoor
73379,Carex echinata,ForestDryPoor
73380,Carex echinata,ForestDryPoor
73381,Carex echinata,ForestDryPoor
73382,Carex echinata,ForestDryPoor
73974,Carex echinata,ForestDryPoor
73975,Carex echinata,ForestDryPoor
73976,Carex echinata,ForestDryPoor
73977,Carex echinata,ForestDryPoor
73978,Carex echinata,ForestDryPoor
73979,Carex echinata,ForestDryPoor
73980,Carex echinata,ForestDryPoor
73981,Carex echinata,ForestDryPoor
73982,Carex echinata,ForestDryPoor
74513,Carex echinata,ForestDryPoor
74514,Carex echinata,ForestDryPoor
74515,Carex echinata,ForestDryPoor
74516,Carex echinata,ForestDryPoor
74517,Carex echinata,ForestDryPoor
74518,Carex echinata,ForestDryPoor
74519,Carex echinata,ForestDryPoor
74520,Carex echinata,ForestDryPoor
74521,Carex echinata,ForestDryPoor
74522,Carex echinata,ForestDryPoor
74523,Carex echinata,ForestDryPoor
74524,Carex echinata,ForestDryPoor
74525,Carex echinata,ForestDryPoor
74526,Carex echinata,ForestDryPoor
74527,Carex echinata,ForestDryPoor
74528,Carex echinata,ForestDryPoor
74529,Carex echinata,ForestDryPoor
74530,Carex echinata,ForestDryPoor
74531,Carex echinata,ForestDryPoor
74532,Carex echinata,ForestDryPoor
75112,Carex echinata,ForestDryPoor
75113,Carex echinata,ForestDryPoor
75114,Carex echinata,ForestDryPoor
75115,Carex echinata,ForestDryPoor
75116,Carex echinata,ForestDryPoor
75117,Carex echinata,ForestDryPoor
75118,Carex echinata,ForestDryPoor
75119,Carex echinata,ForestDryPoor
75120,Carex echinata,ForestDryPoor
75121,Carex echinata,ForestDryPoor
75122,Carex echinata,ForestDryPoor
75123,Carex echinata,ForestDryPoor
75124,Carex echinata,ForestDryPoor
75125,Carex echinata,ForestDryPoor
75126,Carex echinata,ForestDryPoor
75127,Carex echinata,ForestDryPoor
75128,Carex echinata,ForestDryPoor
75129,Carex echinata,ForestDryPoor
75130,Carex echinata,ForestDryPoor
75131,Carex echinata,ForestDryPoor
75711,Carex echinata,ForestDryPoor
75712,Carex echinata,ForestDryPoor
75713,Carex echinata,ForestDryPoor
75714,Carex echinata,ForestDryPoor
75715,Carex echinata,ForestDryPoor
75716,Carex echinata,ForestDryPoor
75717,Carex echinata,ForestDryPoor
75718,Carex echinata,ForestDryPoor
75719,Carex echinata,ForestDryPoor
75720,Carex echinata,ForestDryPoor
75721,Carex echinata,ForestDryPoor
75722,Carex echinata,ForestDryPoor
75723,Carex echinata,ForestDryPoor
75724,Carex echinata,ForestDryPoor
75725,Carex echinata,ForestDryPoor
75726,Carex echinata,ForestDryPoor
75727,Carex echinata,ForestDryPoor
75728,Carex echinata,ForestDryPoor
75729,Carex echinata,ForestDryPoor
75730,Carex echinata,ForestDryPoor
76310,Carex echinata,ForestDryPoor
76311,Carex echinata,ForestDryPoor
76312,Carex echinata,ForestDryPoor
76313,Carex echinata,ForestDryPoor
76314,Carex echinata,ForestDryPoor
76315,Carex echinata,ForestDryPoor
76316,Carex echinata,ForestDryPoor
76317,Carex echinata,ForestDryPoor
76318,Carex echinata,ForestDryPoor
76319,Carex echinata,ForestDryPoor
76320,Carex echinata,ForestDryPoor
76321,Carex echinata,ForestDryPoor
76322,Carex echinata,ForestDryPoor
76323,Carex echinata,ForestDryPoor
76324,Carex echinata,ForestDryPoor
76325,Carex echinata,ForestDryPoor
76326,Carex echinata,ForestDryPoor
76327,Carex echinata,ForestDryPoor
76328,Carex echinata,ForestDryPoor
76329,Carex echinata,ForestDryPoor
76909,Carex echinata,ForestDryPoor
76910,Carex echinata,ForestDryPoor
76911,Carex echinata,ForestDryPoor
76912,Carex echinata,ForestDryPoor
76913,Carex echinata,ForestDryPoor
76914,Carex echinata,ForestDryPoor
76915,Carex echinata,ForestDryPoor
76916,Carex echinata,ForestDryPoor
76917,Carex echinata,ForestDryPoor
76918,Carex echinata,ForestDryPoor
76919,Carex echinata,ForestDryPoor
76920,Carex echinata,ForestDryPoor
76921,Carex echinata,ForestDryPoor
76922,Carex echinata,ForestDryPoor
76923,Carex echinata,ForestDryPoor
76924,Carex echinata,ForestDryPoor
76925,Carex echinata,ForestDryPoor
76926,Carex echinata,ForestDryPoor
76927,Carex echinata,ForestDryPoor
76928,Carex echinata,ForestDryPoor
77508,Carex echinata,ForestDryPoor
77509,Carex echinata,ForestDryPoor
77510,Carex echinata,ForestDryPoor
77511,Carex echinata,ForestDryPoor
77512,Carex echinata,ForestDryPoor
77513,Carex echinata,ForestDryPoor
77514,Carex echinata,ForestDryPoor
77515,Carex echinata,ForestDryPoor
77516,Carex echinata,ForestDryPoor
77517,Carex echinata,ForestDryPoor
77518,Carex echinata,ForestDryPoor
77519,Carex echinata,ForestDryPoor
77520,Carex echinata,ForestDryPoor
77521,Carex echinata,ForestDryPoor
77522,Carex echinata,ForestDryPoor
77523,Carex echinata,ForestDryPoor
77524,Carex echinata,ForestDryPoor
77525,Carex echinata,ForestDryPoor
77526,Carex echinata,ForestDryPoor
77527,Carex echinata,ForestDryPoor
78107,Carex echinata,ForestDryPoor
78108,Carex echinata,ForestDryPoor
78109,Carex echinata,ForestDryPoor
78110,Carex echinata,ForestDryPoor
78111,Carex echinata,ForestDryPoor
78112,Carex echinata,ForestDryPoor
78113,Carex echinata,ForestDryPoor
78114,Carex echinata,ForestDryPoor
78115,Carex echinata,ForestDryPoor
78116,Carex echinata,ForestDryPoor
78117,Carex echinata,ForestDryPoor
78118,Carex echinata,ForestDryPoor
78119,Carex echinata,ForestDryPoor
78120,Carex echinata,ForestDryPoor
78121,Carex echinata,ForestDryPoor
78122,Carex echinata,ForestDryPoor
78123,Carex echinata,ForestDryPoor
78124,Carex echinata,ForestDryPoor
78125,Carex echinata,ForestDryPoor
78126,Carex echinata,ForestDryPoor
78706,Carex echinata,ForestDryPoor
78707,Carex echinata,ForestDryPoor
78708,Carex echinata,ForestDryPoor
78709,Carex echinata,ForestDryPoor
78710,Carex echinata,ForestDryPoor
78711,Carex echinata,ForestDryPoor
78712,Carex echinata,ForestDryPoor
78713,Carex echinata,ForestDryPoor
78714,Carex echinata,ForestDryPoor
78715,Carex echinata,ForestDryPoor
78716,Carex echinata,ForestDryPoor
78717,Carex echinata,ForestDryPoor
78718,Carex echinata,ForestDryPoor
78719,Carex echinata,ForestDryPoor
78720,Carex echinata,ForestDryPoor
78721,Carex echinata,ForestDryPoor
78722,Carex echinata,ForestDryPoor
78723,Carex echinata,ForestDryPoor
78724,Carex echinata,ForestDryPoor
78725,Carex echinata,ForestDryPoor
79305,Carex echinata,ForestDryPoor
79306,Carex echinata,ForestDryPoor
79307,Carex echinata,ForestDryPoor
79308,Carex echinata,ForestDryPoor
79309,Carex echinata,ForestDryPoor
79310,Carex echinata,ForestDryPoor
79311,Carex echinata,ForestDryPoor
79312,Carex echinata,ForestDryPoor
79313,Carex echinata,ForestDryPoor
79314,Carex echinata,ForestDryPoor
79315,Carex echinata,ForestDryPoor
79316,Carex echinata,ForestDryPoor
79317,Carex echinata,ForestDryPoor
79318,Carex echinata,ForestDryPoor
79319,Carex echinata,ForestDryPoor
79320,Carex echinata,ForestDryPoor
79321,Carex echinata,ForestDryPoor
79322,Carex echinata,ForestDryPoor
79323,Carex echinata,ForestDryPoor
79324,Carex echinata,ForestDryPoor
79904,Carex echinata,ForestDryPoor
79905,Carex echinata,ForestDryPoor
79906,Carex echinata,ForestDryPoor
79907,Carex echinata,ForestDryPoor
79908,Carex echinata,ForestDryPoor
79909,Carex echinata,ForestDryPoor
79910,Carex echinata,ForestDryPoor
79911,Carex echinata,ForestDryPoor
79912,Carex echinata,ForestDryPoor
79913,Carex echinata,ForestDryPoor
79914,Carex echinata,ForestDryPoor
79915,Carex echinata,ForestDryPoor
79916,Carex echinata,ForestDryPoor
79917,Carex echinata,ForestDryPoor
79918,Carex echinata,ForestDryPoor
79919,Carex echinata,ForestDryPoor
79920,Carex echinata,ForestDryPoor
79921,Carex echinata,ForestDryPoor
79922,Carex echinata,ForestDryPoor
79923,Carex echinata,ForestDryPoor
80503,Carex echinata,ForestDryPoor
80504,Carex echinata,ForestDryPoor
80505,Carex echinata,ForestDryPoor
80506,Carex echinata,ForestDryPoor
80507,Carex echinata,ForestDryPoor
80508,Carex echinata,ForestDryPoor
80509,Carex echinata,ForestDryPoor
80510,Carex echinata,ForestDryPoor
80511,Carex echinata,ForestDryPoor
80512,Carex echinata,ForestDryPoor
80513,Carex echinata,ForestDryPoor
80514,Carex echinata,ForestDryPoor
80515,Carex echinata,ForestDryPoor
80516,Carex echinata,ForestDryPoor
80517,Carex echinata,ForestDryPoor
80518,Carex echinata,ForestDryPoor
80519,Carex echinata,ForestDryPoor
80520,Carex echinata,ForestDryPoor
80521,Carex echinata,ForestDryPoor
80522,Carex echinata,ForestDryPoor
81102,Carex echinata,ForestDryPoor
81103,Carex echinata,ForestDryPoor
81104,Carex echinata,ForestDryPoor
81105,Carex echinata,ForestDryPoor
81106,Carex echinata,ForestDryPoor
81107,Carex echinata,ForestDryPoor
81108,Carex echinata,ForestDryPoor
81109,Carex echinata,ForestDryPoor
81110,Carex echinata,ForestDryPoor
81111,Carex echinata,ForestDryPoor
81112,Carex echinata,ForestDryPoor
81113,Carex echinata,ForestDryPoor
81114,Carex echinata,ForestDryPoor
81115,Carex echinata,ForestDryPoor
81116,Carex echinata,ForestDryPoor
81117,Carex echinata,ForestDryPoor
81118,Carex echinata,ForestDryPoor
81119,Carex echinata,ForestDryPoor
81120,Carex echinata,ForestDryPoor
81121,Carex echinata,ForestDryPoor
81701,Carex echinata,ForestDryPoor
81702,Carex echinata,ForestDryPoor
81703,Carex echinata,ForestDryPoor
81704,Carex echinata,ForestDryPoor
81705,Carex echinata,ForestDryPoor
81706,Carex echinata,ForestDryPoor
81707,Carex echinata,ForestDryPoor
81708,Carex echinata,ForestDryPoor
81709,Carex echinata,ForestDryPoor
81710,Carex echinata,ForestDryPoor
81711,Carex echinata,ForestDryPoor
81712,Carex echinata,ForestDryPoor
81713,Carex echinata,ForestDryPoor
81714,Carex echinata,ForestDryPoor
81715,Carex echinata,ForestDryPoor
81716,Carex echinata,ForestDryPoor
81717,Carex echinata,ForestDryPoor
81718,Carex echinata,ForestDryPoor
81719,Carex echinata,ForestDryPoor
81720,Carex echinata,ForestDryPoor
82300,Carex echinata,ForestDryPoor
82301,Carex echinata,ForestDryPoor
82302,Carex echinata,ForestDryPoor
82303,Carex echinata,ForestDryPoor
82304,Carex echinata,ForestDryPoor
82305,Carex echinata,ForestDryPoor
82306,Carex echinata,ForestDryPoor
82307,Carex echinata,ForestDryPoor
82308,Carex echinata,ForestDryPoor
82309,Carex echinata,ForestDryPoor
82310,Carex echinata,ForestDryPoor
82311,Carex echinata,ForestDryPoor
82312,Carex echinata,ForestDryPoor
82313,Carex echinata,ForestDryPoor
82314,Carex echinata,ForestDryPoor
82315,Carex echinata,ForestDryPoor
82316,Carex echinata,ForestDryPoor
82317,Carex echinata,ForestDryPoor
82318,Carex echinata,ForestDryPoor
82319,Carex echinata,ForestDryPoor
82899,Carex echinata,ForestDryPoor
82900,Carex echinata,ForestDryPoor
82901,Carex echinata,ForestDryPoor
82902,Carex echinata,ForestDryPoor
82903,Carex echinata,ForestDryPoor
82904,Carex echinata,ForestDryPoor
82905,Carex echinata,ForestDryPoor
82906,Carex echinata,ForestDryPoor
82907,Carex echinata,ForestDryPoor
82908,Carex echinata,ForestDryPoor
82909,Carex echinata,ForestDryPoor
82910,Carex echinata,ForestDryPoor
82911,Carex echinata,ForestDryPoor
82912,Carex echinata,ForestDryPoor
82913,Carex echinata,ForestDryPoor
82914,Carex echinata,ForestDryPoor
82915,Carex echinata,ForestDryPoor
82916,Carex echinata,ForestDryPoor
82917,Carex echinata,ForestDryPoor
82918,Carex echinata,ForestDryPoor
83498,Carex echinata,ForestDryPoor
83499,Carex echinata,ForestDryPoor
83500,Carex echinata,ForestDryPoor
83501,Carex echinata,ForestDryPoor
83502,Carex echinata,ForestDryPoor
83503,Carex echinata,ForestDryPoor
83504,Carex echinata,ForestDryPoor
83505,Carex echinata,ForestDryPoor
83506,Carex echinata,ForestDryPoor
83507,Carex echinata,ForestDryPoor
83508,Carex echinata,ForestDryPoor
83509,Carex echinata,ForestDryPoor
83510,Carex echinata,ForestDryPoor
83511,Carex echinata,ForestDryPoor
83512,Carex echinata,ForestDryPoor
83513,Carex echinata,ForestDryPoor
83514,Carex echinata,ForestDryPoor
83515,Carex echinata,ForestDryPoor
83516,Carex echinata,ForestDryPoor
83517,Carex echinata,ForestDryPoor
84097,Carex echinata,ForestDryPoor
84098,Carex echinata,ForestDryPoor
84099,Carex echinata,ForestDryPoor
84100,Carex echinata,ForestDryPoor
84101,Carex echinata,ForestDryPoor
84102,Carex echinata,ForestDryPoor
84103,Carex echinata,ForestDryPoor
84104,Carex echinata,ForestDryPoor
84105,Carex echinata,ForestDryPoor
84106,Carex echinata,ForestDryPoor
84107,Carex echinata,ForestDryPoor
84108,Carex echinata,ForestDryPoor
84109,Carex echinata,ForestDryPoor
84110,Carex echinata,ForestDryPoor
84111,Carex echinata,ForestDryPoor
84112,Carex echinata,ForestDryPoor
84113,Carex echinata,ForestDryPoor
84114,Carex echinata,ForestDryPoor
84115,Carex echinata,ForestDryPoor
84116,Carex echinata,ForestDryPoor
84696,Carex echinata,ForestDryPoor
84697,Carex echinata,ForestDryPoor
84698,Carex echinata,ForestDryPoor
84699,Carex echinata,ForestDryPoor
84700,Carex echinata,ForestDryPoor
84701,Carex echinata,ForestDryPoor
84702,Carex echinata,ForestDryPoor
84703,Carex echinata,ForestDryPoor
84704,Carex echinata,ForestDryPoor
84705,Carex echinata,ForestDryPoor
84706,Carex echinata,ForestDryPoor
84707,Carex echinata,ForestDryPoor
84708,Carex echinata,ForestDryPoor
84709,Carex echinata,ForestDryPoor
84710,Carex echinata,ForestDryPoor
84711,Carex echinata,ForestDryPoor
84712,Carex echinata,ForestDryPoor
84713,Carex echinata,ForestDryPoor
84714,Carex echinata,ForestDryPoor
84715,Carex echinata,ForestDryPoor
85295,Carex echinata,ForestDryPoor
85296,Carex echinata,ForestDryPoor
85297,Carex echinata,ForestDryPoor
85298,Carex echinata,ForestDryPoor
85299,Carex echinata,ForestDryPoor
85300,Carex echinata,ForestDryPoor
85301,Carex echinata,ForestDryPoor
85302,Carex echinata,ForestDryPoor
85303,Carex echinata,ForestDryPoor
85304,Carex echinata,ForestDryPoor
85305,Carex echinata,ForestDryPoor
85306,Carex echinata,ForestDryPoor
85307,Carex echinata,ForestDryPoor
85308,Carex echinata,ForestDryPoor
85309,Carex echinata,ForestDryPoor
85310,Carex echinata,ForestDryPoor
85311,Carex echinata,ForestDryPoor
85312,Carex echinata,ForestDryPoor
85313,Carex echinata,ForestDryPoor
85314,Carex echinata,ForestDryPoor
85894,Carex echinata,ForestDryPoor
85895,Carex echinata,ForestDryPoor
85896,Carex echinata,ForestDryPoor
85897,Carex echinata,ForestDryPoor
85898,Carex echinata,ForestDryPoor
85899,Carex echinata,ForestDryPoor
85900,Carex echinata,ForestDryPoor
85901,Carex echinata,ForestDryPoor
85902,Carex echinata,ForestDryPoor
85903,Carex echinata,ForestDryPoor
85904,Carex echinata,ForestDryPoor
85905,Carex echinata,ForestDryPoor
85906,Carex echinata,ForestDryPoor
85907,Carex echinata,ForestDryPoor
85908,Carex echinata,ForestDryPoor
85909,Carex echinata,ForestDryPoor
85910,Carex echinata,ForestDryPoor
85911,Carex echinata,ForestDryPoor
85912,Carex echinata,ForestDryPoor
85913,Carex echinata,ForestDryPoor
86493,Carex echinata,ForestDryPoor
86494,Carex echinata,ForestDryPoor
86495,Carex echinata,ForestDryPoor
86496,Carex echinata,ForestDryPoor
86497,Carex echinata,ForestDryPoor
86498,Carex echinata,ForestDryPoor
86499,Carex echinata,ForestDryPoor
86500,Carex echinata,ForestDryPoor
86501,Carex echinata,ForestDryPoor
86502,Carex echinata,ForestDryPoor
86503,Carex echinata,ForestDryPoor
86504,Carex echinata,ForestDryPoor
86505,Carex echinata,ForestDryPoor
86506,Carex echinata,ForestDryPoor
86507,Carex echinata,ForestDryPoor
86508,Carex echinata,ForestDryPoor
86509,Carex echinata,ForestDryPoor
86510,Carex echinata,ForestDryPoor
86511,Carex echinata,ForestDryPoor
86512,Carex echinata,ForestDryPoor
86553,Carex echinata,ForestDryPoor
86554,Carex echinata,ForestDryPoor
86555,Carex echinata,ForestDryPoor
86556,Carex echinata,ForestDryPoor
86557,Carex echinata,ForestDryPoor
86558,Carex echinata,ForestDryPoor
86559,Carex echinata,ForestDryPoor
86560,Carex echinata,ForestDryPoor
86561,Carex echinata,ForestDryPoor
86562,Carex echinata,ForestDryPoor
86563,Carex echinata,ForestDryPoor
86564,Carex echinata,ForestDryPoor
86565,Carex echinata,ForestDryPoor
86566,Carex echinata,ForestDryPoor
86567,Carex echinata,ForestDryPoor
86568,Carex echinata,ForestDryPoor
86569,Carex echinata,ForestDryPoor
86570,Carex echinata,ForestDryPoor
86571,Carex echinata,ForestDryPoor
86572,Carex echinata,ForestDryPoor
87092,Carex echinata,ForestDryPoor
87093,Carex echinata,ForestDryPoor
87094,Carex echinata,ForestDryPoor
87095,Carex echinata,ForestDryPoor
87096,Carex echinata,ForestDryPoor
87097,Carex echinata,ForestDryPoor
87098,Carex echinata,ForestDryPoor
87099,Carex echinata,ForestDryPoor
87100,Carex echinata,ForestDryPoor
87101,Carex echinata,ForestDryPoor
87102,Carex echinata,ForestDryPoor
87103,Carex echinata,ForestDryPoor
87104,Carex echinata,ForestDryPoor
87105,Carex echinata,ForestDryPoor
87106,Carex echinata,ForestDryPoor
87107,Carex echinata,ForestDryPoor
87108,Carex echinata,ForestDryPoor
87109,Carex echinata,ForestDryPoor
87110,Carex echinata,ForestDryPoor
87111,Carex echinata,ForestDryPoor
87152,Carex echinata,ForestDryPoor
87153,Carex echinata,ForestDryPoor
87154,Carex echinata,ForestDryPoor
87155,Carex echinata,ForestDryPoor
87156,Carex echinata,ForestDryPoor
87157,Carex echinata,ForestDryPoor
87158,Carex echinata,ForestDryPoor
87159,Carex echinata,ForestDryPoor
87160,Carex echinata,ForestDryPoor
87161,Carex echinata,ForestDryPoor
87162,Carex echinata,ForestDryPoor
87163,Carex echinata,ForestDryPoor
87164,Carex echinata,ForestDryPoor
87165,Carex echinata,ForestDryPoor
87166,Carex echinata,ForestDryPoor
87167,Carex echinata,ForestDryPoor
87168,Carex echinata,ForestDryPoor
87169,Carex echinata,ForestDryPoor
87170,Carex echinata,ForestDryPoor
87171,Carex echinata,ForestDryPoor
87172,Carex echinata,ForestDryPoor
87691,Carex echinata,ForestDryPoor
87692,Carex echinata,ForestDryPoor
87693,Carex echinata,ForestDryPoor
87694,Carex echinata,ForestDryPoor
87695,Carex echinata,ForestDryPoor
87696,Carex echinata,ForestDryPoor
87697,Carex echinata,ForestDryPoor
87698,Carex echinata,ForestDryPoor
87699,Carex echinata,ForestDryPoor
87700,Carex echinata,ForestDryPoor
87701,Carex echinata,ForestDryPoor
87702,Carex echinata,ForestDryPoor
87703,Carex echinata,ForestDryPoor
87704,Carex echinata,ForestDryPoor
87705,Carex echinata,ForestDryPoor
87706,Carex echinata,ForestDryPoor
87707,Carex echinata,ForestDryPoor
87708,Carex echinata,ForestDryPoor
87709,Carex echinata,ForestDryPoor
87710,Carex echinata,ForestDryPoor
87751,Carex echinata,ForestDryPoor
87752,Carex echinata,ForestDryPoor
87753,Carex echinata,ForestDryPoor
87754,Carex echinata,ForestDryPoor
87755,Carex echinata,ForestDryPoor
87756,Carex echinata,ForestDryPoor
87757,Carex echinata,ForestDryPoor
87758,Carex echinata,ForestDryPoor
87759,Carex echinata,ForestDryPoor
87760,Carex echinata,ForestDryPoor
87761,Carex echinata,ForestDryPoor
87762,Carex echinata,ForestDryPoor
87763,Carex echinata,ForestDryPoor
87764,Carex echinata,ForestDryPoor
87765,Carex echinata,ForestDryPoor
87766,Carex echinata,ForestDryPoor
87767,Carex echinata,ForestDryPoor
87768,Carex echinata,ForestDryPoor
87769,Carex echinata,ForestDryPoor
87770,Carex echinata,ForestDryPoor
87771,Carex echinata,ForestDryPoor
88290,Carex echinata,ForestDryPoor
88291,Carex echinata,ForestDryPoor
88292,Carex echinata,ForestDryPoor
88293,Carex echinata,ForestDryPoor
88294,Carex echinata,ForestDryPoor
88295,Carex echinata,ForestDryPoor
88296,Carex echinata,ForestDryPoor
88297,Carex echinata,ForestDryPoor
88298,Carex echinata,ForestDryPoor
88299,Carex echinata,ForestDryPoor
88300,Carex echinata,ForestDryPoor
88301,Carex echinata,ForestDryPoor
88302,Carex echinata,ForestDryPoor
88303,Carex echinata,ForestDryPoor
88304,Carex echinata,ForestDryPoor
88305,Carex echinata,ForestDryPoor
88306,Carex echinata,ForestDryPoor
88307,Carex echinata,ForestDryPoor
88308,Carex echinata,ForestDryPoor
88309,Carex echinata,ForestDryPoor
88350,Carex echinata,ForestDryPoor
88351,Carex echinata,ForestDryPoor
88352,Carex echinata,ForestDryPoor
88353,Carex echinata,ForestDryPoor
88354,Carex echinata,ForestDryPoor
88355,Carex echinata,ForestDryPoor
88356,Carex echinata,ForestDryPoor
88357,Carex echinata,ForestDryPoor
88358,Carex echinata,ForestDryPoor
88359,Carex echinata,ForestDryPoor
88360,Carex echinata,ForestDryPoor
88361,Carex echinata,ForestDryPoor
88362,Carex echinata,ForestDryPoor
88363,Carex echinata,ForestDryPoor
88364,Carex echinata,ForestDryPoor
88365,Carex echinata,ForestDryPoor
88366,Carex echinata,ForestDryPoor
88367,Carex echinata,ForestDryPoor
88368,Carex echinata,ForestDryPoor
88369,Carex echinata,ForestDryPoor
88370,Carex echinata,ForestDryPoor
88889,Carex echinata,ForestDryPoor
88890,Carex echinata,ForestDryPoor
88891,Carex echinata,ForestDryPoor
88892,Carex echinata,ForestDryPoor
88893,Carex echinata,ForestDryPoor
88894,Carex echinata,ForestDryPoor
88895,Carex echinata,ForestDryPoor
88896,Carex echinata,ForestDryPoor
88897,Carex echinata,ForestDryPoor
88898,Carex echinata,ForestDryPoor
88899,Carex echinata,ForestDryPoor
88900,Carex echinata,ForestDryPoor
88901,Carex echinata,ForestDryPoor
88902,Carex echinata,ForestDryPoor
88903,Carex echinata,ForestDryPoor
88904,Carex echinata,ForestDryPoor
88905,Carex echinata,ForestDryPoor
88906,Carex echinata,ForestDryPoor
88907,Carex echinata,ForestDryPoor
88908,Carex echinata,ForestDryPoor
88949,Carex echinata,ForestDryPoor
88950,Carex echinata,ForestDryPoor
88951,Carex echinata,ForestDryPoor
88952,Carex echinata,ForestDryPoor
88953,Carex echinata,ForestDryPoor
88954,Carex echinata,ForestDryPoor
88955,Carex echinata,ForestDryPoor
88956,Carex echinata,ForestDryPoor
88957,Carex echinata,ForestDryPoor
88958,Carex echinata,ForestDryPoor
88959,Carex echinata,ForestDryPoor
88960,Carex echinata,ForestDryPoor
88961,Carex echinata,ForestDryPoor
88962,Carex echinata,ForestDryPoor
88963,Carex echinata,ForestDryPoor
88964,Carex echinata,ForestDryPoor
88965,Carex echinata,ForestDryPoor
88966,Carex echinata,ForestDryPoor
88967,Carex echinata,ForestDryPoor
88968,Carex echinata,ForestDryPoor
88969,Carex echinata,ForestDryPoor
89488,Carex echinata,ForestDryPoor
89489,Carex echinata,ForestDryPoor
89490,Carex echinata,ForestDryPoor
89491,Carex echinata,ForestDryPoor
89492,Carex echinata,ForestDryPoor
89493,Carex echinata,ForestDryPoor
89494,Carex echinata,ForestDryPoor
89495,Carex echinata,ForestDryPoor
89496,Carex echinata,ForestDryPoor
89497,Carex echinata,ForestDryPoor
89498,Carex echinata,ForestDryPoor
89499,Carex echinata,ForestDryPoor
89500,Carex echinata,ForestDryPoor
89501,Carex echinata,ForestDryPoor
89502,Carex echinata,ForestDryPoor
89503,Carex echinata,ForestDryPoor
89504,Carex echinata,ForestDryPoor
89505,Carex echinata,ForestDryPoor
89506,Carex echinata,ForestDryPoor
89507,Carex echinata,ForestDryPoor
89548,Carex echinata,ForestDryPoor
89549,Carex echinata,ForestDryPoor
89550,Carex echinata,ForestDryPoor
89551,Carex echinata,ForestDryPoor
89552,Carex echinata,ForestDryPoor
89553,Carex echinata,ForestDryPoor
89554,Carex echinata,ForestDryPoor
89555,Carex echinata,ForestDryPoor
89556,Carex echinata,ForestDryPoor
89557,Carex echinata,ForestDryPoor
89558,Carex echinata,ForestDryPoor
89559,Carex echinata,ForestDryPoor
89560,Carex echinata,ForestDryPoor
89561,Carex echinata,ForestDryPoor
89562,Carex echinata,ForestDryPoor
89563,Carex echinata,ForestDryPoor
89564,Carex echinata,ForestDryPoor
89565,Carex echinata,ForestDryPoor
89566,Carex echinata,ForestDryPoor
89567,Carex echinata,ForestDryPoor
89568,Carex echinata,ForestDryPoor
89569,Carex echinata,ForestDryPoor
90087,Carex echinata,ForestDryPoor
90088,Carex echinata,ForestDryPoor
90089,Carex echinata,ForestDryPoor
90090,Carex echinata,ForestDryPoor
90091,Carex echinata,ForestDryPoor
90092,Carex echinata,ForestDryPoor
90093,Carex echinata,ForestDryPoor
90094,Carex echinata,ForestDryPoor
90095,Carex echinata,ForestDryPoor
90096,Carex echinata,ForestDryPoor
90097,Carex echinata,ForestDryPoor
90098,Carex echinata,ForestDryPoor
90099,Carex echinata,ForestDryPoor
90100,Carex echinata,ForestDryPoor
90101,Carex echinata,ForestDryPoor
90102,Carex echinata,ForestDryPoor
90103,Carex echinata,ForestDryPoor
90104,Carex echinata,ForestDryPoor
90105,Carex echinata,ForestDryPoor
90106,Carex echinata,ForestDryPoor
90147,Carex echinata,ForestDryPoor
90148,Carex echinata,ForestDryPoor
90149,Carex echinata,ForestDryPoor
90150,Carex echinata,ForestDryPoor
90151,Carex echinata,ForestDryPoor
90152,Carex echinata,ForestDryPoor
90153,Carex echinata,ForestDryPoor
90154,Carex echinata,ForestDryPoor
90155,Carex echinata,ForestDryPoor
90156,Carex echinata,ForestDryPoor
90157,Carex echinata,ForestDryPoor
90158,Carex echinata,ForestDryPoor
90159,Carex echinata,ForestDryPoor
90160,Carex echinata,ForestDryPoor
90161,Carex echinata,ForestDryPoor
90162,Carex echinata,ForestDryPoor
90163,Carex echinata,ForestDryPoor
90164,Carex echinata,ForestDryPoor
90165,Carex echinata,ForestDryPoor
90166,Carex echinata,ForestDryPoor
90167,Carex echinata,ForestDryPoor
90168,Carex echinata,ForestDryPoor
90686,Carex echinata,ForestDryPoor
90687,Carex echinata,ForestDryPoor
90688,Carex echinata,ForestDryPoor
90689,Carex echinata,ForestDryPoor
90690,Carex echinata,ForestDryPoor
90691,Carex echinata,ForestDryPoor
90692,Carex echinata,ForestDryPoor
90693,Carex echinata,ForestDryPoor
90694,Carex echinata,ForestDryPoor
90695,Carex echinata,ForestDryPoor
90696,Carex echinata,ForestDryPoor
90697,Carex echinata,ForestDryPoor
90698,Carex echinata,ForestDryPoor
90699,Carex echinata,ForestDryPoor
90700,Carex echinata,ForestDryPoor
90701,Carex echinata,ForestDryPoor
90702,Carex echinata,ForestDryPoor
90703,Carex echinata,ForestDryPoor
90704,Carex echinata,ForestDryPoor
90705,Carex echinata,ForestDryPoor
90746,Carex echinata,ForestDryPoor
90747,Carex echinata,ForestDryPoor
90748,Carex echinata,ForestDryPoor
90749,Carex echinata,ForestDryPoor
90750,Carex echinata,ForestDryPoor
90751,Carex echinata,ForestDryPoor
90752,Carex echinata,ForestDryPoor
90753,Carex echinata,ForestDryPoor
90754,Carex echinata,ForestDryPoor
90755,Carex echinata,ForestDryPoor
90756,Carex echinata,ForestDryPoor
90757,Carex echinata,ForestDryPoor
90758,Carex echinata,ForestDryPoor
90759,Carex echinata,ForestDryPoor
90760,Carex echinata,ForestDryPoor
90761,Carex echinata,ForestDryPoor
90762,Carex echinata,ForestDryPoor
90763,Carex echinata,ForestDryPoor
90764,Carex echinata,ForestDryPoor
90765,Carex echinata,ForestDryPoor
90766,Carex echinata,ForestDryPoor
90767,Carex echinata,ForestDryPoor
91285,Carex echinata,ForestDryPoor
91286,Carex echinata,ForestDryPoor
91287,Carex echinata,ForestDryPoor
91288,Carex echinata,ForestDryPoor
91289,Carex echinata,ForestDryPoor
91290,Carex echinata,ForestDryPoor
91291,Carex echinata,ForestDryPoor
91292,Carex echinata,ForestDryPoor
91293,Carex echinata,ForestDryPoor
91294,Carex echinata,ForestDryPoor
91295,Carex echinata,ForestDryPoor
91296,Carex echinata,ForestDryPoor
91297,Carex echinata,ForestDryPoor
91298,Carex echinata,ForestDryPoor
91299,Carex echinata,ForestDryPoor
91300,Carex echinata,ForestDryPoor
91301,Carex echinata,ForestDryPoor
91302,Carex echinata,ForestDryPoor
91303,Carex echinata,ForestDryPoor
91304,Carex echinata,ForestDryPoor
91345,Carex echinata,ForestDryPoor
91346,Carex echinata,ForestDryPoor
91347,Carex echinata,ForestDryPoor
91348,Carex echinata,ForestDryPoor
91349,Carex echinata,ForestDryPoor
91350,Carex echinata,ForestDryPoor
91351,Carex echinata,ForestDryPoor
91352,Carex echinata,ForestDryPoor
91353,Carex echinata,ForestDryPoor
91354,Carex echinata,ForestDryPoor
91355,Carex echinata,ForestDryPoor
91356,Carex echinata,ForestDryPoor
91357,Carex echinata,ForestDryPoor
91358,Carex echinata,ForestDryPoor
91359,Carex echinata,ForestDryPoor
91360,Carex echinata,ForestDryPoor
91361,Carex echinata,ForestDryPoor
91362,Carex echinata,ForestDryPoor
91363,Carex echinata,ForestDryPoor
91364,Carex echinata,ForestDryPoor
91365,Carex echinata,ForestDryPoor
91366,Carex echinata,ForestDryPoor
91884,Carex echinata,ForestDryPoor
91885,Carex echinata,ForestDryPoor
91886,Carex echinata,ForestDryPoor
91887,Carex echinata,ForestDryPoor
91888,Carex echinata,ForestDryPoor
91889,Carex echinata,ForestDryPoor
91890,Carex echinata,ForestDryPoor
91891,Carex echinata,ForestDryPoor
91892,Carex echinata,ForestDryPoor
91893,Carex echinata,ForestDryPoor
91894,Carex echinata,ForestDryPoor
91895,Carex echinata,ForestDryPoor
91896,Carex echinata,ForestDryPoor
91897,Carex echinata,ForestDryPoor
91898,Carex echinata,ForestDryPoor
91899,Carex echinata,ForestDryPoor
91900,Carex echinata,ForestDryPoor
91901,Carex echinata,ForestDryPoor
91902,Carex echinata,ForestDryPoor
91903,Carex echinata,ForestDryPoor
91944,Carex echinata,ForestDryPoor
91945,Carex echinata,ForestDryPoor
91946,Carex echinata,ForestDryPoor
91947,Carex echinata,ForestDryPoor
91948,Carex echinata,ForestDryPoor
91949,Carex echinata,ForestDryPoor
91950,Carex echinata,ForestDryPoor
91951,Carex echinata,ForestDryPoor
91952,Carex echinata,ForestDryPoor
91953,Carex echinata,ForestDryPoor
91954,Carex echinata,ForestDryPoor
91955,Carex echinata,ForestDryPoor
91956,Carex echinata,ForestDryPoor
91957,Carex echinata,ForestDryPoor
91958,Carex echinata,ForestDryPoor
91959,Carex echinata,ForestDryPoor
91960,Carex echinata,ForestDryPoor
91961,Carex echinata,ForestDryPoor
91962,Carex echinata,ForestDryPoor
91963,Carex echinata,ForestDryPoor
91964,Carex echinata,ForestDryPoor
91965,Carex echinata,ForestDryPoor
92483,Carex echinata,ForestDryPoor
92484,Carex echinata,ForestDryPoor
92485,Carex echinata,ForestDryPoor
92486,Carex echinata,ForestDryPoor
92487,Carex echinata,ForestDryPoor
92488,Carex echinata,ForestDryPoor
92489,Carex echinata,ForestDryPoor
92490,Carex echinata,ForestDryPoor
92491,Carex echinata,ForestDryPoor
92492,Carex echinata,ForestDryPoor
92493,Carex echinata,ForestDryPoor
92494,Carex echinata,ForestDryPoor
92495,Carex echinata,ForestDryPoor
92496,Carex echinata,ForestDryPoor
92497,Carex echinata,ForestDryPoor
92498,Carex echinata,ForestDryPoor
92499,Carex echinata,ForestDryPoor
92500,Carex echinata,ForestDryPoor
92501,Carex echinata,ForestDryPoor
92502,Carex echinata,ForestDryPoor
92543,Carex echinata,ForestDryPoor
92544,Carex echinata,ForestDryPoor
92545,Carex echinata,ForestDryPoor
92546,Carex echinata,ForestDryPoor
92547,Carex echinata,ForestDryPoor
92548,Carex echinata,ForestDryPoor
92549,Carex echinata,ForestDryPoor
92550,Carex echinata,ForestDryPoor
92551,Carex echinata,ForestDryPoor
92552,Carex echinata,ForestDryPoor
92553,Carex echinata,ForestDryPoor
92554,Carex echinata,ForestDryPoor
92555,Carex echinata,ForestDryPoor
92556,Carex echinata,ForestDryPoor
92557,Carex echinata,ForestDryPoor
92558,Carex echinata,ForestDryPoor
92559,Carex echinata,ForestDryPoor
92560,Carex echinata,ForestDryPoor
92561,Carex echinata,ForestDryPoor
92562,Carex echinata,ForestDryPoor
92563,Carex echinata,ForestDryPoor
92564,Carex echinata,ForestDryPoor
93082,Carex echinata,ForestDryPoor
93083,Carex echinata,ForestDryPoor
93084,Carex echinata,ForestDryPoor
93085,Carex echinata,ForestDryPoor
93086,Carex echinata,ForestDryPoor
93087,Carex echinata,ForestDryPoor
93088,Carex echinata,ForestDryPoor
93089,Carex echinata,ForestDryPoor
93090,Carex echinata,ForestDryPoor
93091,Carex echinata,ForestDryPoor
93092,Carex echinata,ForestDryPoor
93093,Carex echinata,ForestDryPoor
93094,Carex echinata,ForestDryPoor
93095,Carex echinata,ForestDryPoor
93096,Carex echinata,ForestDryPoor
93097,Carex echinata,ForestDryPoor
93098,Carex echinata,ForestDryPoor
93099,Carex echinata,ForestDryPoor
93100,Carex echinata,ForestDryPoor
93101,Carex echinata,ForestDryPoor
93142,Carex echinata,ForestDryPoor
93143,Carex echinata,ForestDryPoor
93144,Carex echinata,ForestDryPoor
93145,Carex echinata,ForestDryPoor
93146,Carex echinata,ForestDryPoor
93147,Carex echinata,ForestDryPoor
93148,Carex echinata,ForestDryPoor
93149,Carex echinata,ForestDryPoor
93150,Carex echinata,ForestDryPoor
93151,Carex echinata,ForestDryPoor
93152,Carex echinata,ForestDryPoor
93153,Carex echinata,ForestDryPoor
93154,Carex echinata,ForestDryPoor
93155,Carex echinata,ForestDryPoor
93156,Carex echinata,ForestDryPoor
93157,Carex echinata,ForestDryPoor
93158,Carex echinata,ForestDryPoor
93159,Carex echinata,ForestDryPoor
93160,Carex echinata,ForestDryPoor
93161,Carex echinata,ForestDryPoor
93162,Carex echinata,ForestDryPoor
93163,Carex echinata,ForestDryPoor
93681,Carex echinata,ForestDryPoor
93682,Carex echinata,ForestDryPoor
93683,Carex echinata,ForestDryPoor
93684,Carex echinata,ForestDryPoor
93685,Carex echinata,ForestDryPoor
93686,Carex echinata,ForestDryPoor
93687,Carex echinata,ForestDryPoor
93688,Carex echinata,ForestDryPoor
93689,Carex echinata,ForestDryPoor
93690,Carex echinata,ForestDryPoor
93691,Carex echinata,ForestDryPoor
93692,Carex echinata,ForestDryPoor
93693,Carex echinata,ForestDryPoor
93694,Carex echinata,ForestDryPoor
93695,Carex echinata,ForestDryPoor
93696,Carex echinata,ForestDryPoor
93697,Carex echinata,ForestDryPoor
93698,Carex echinata,ForestDryPoor
93699,Carex echinata,ForestDryPoor
93700,Carex echinata,ForestDryPoor
93741,Carex echinata,ForestDryPoor
93742,Carex echinata,ForestDryPoor
93743,Carex echinata,ForestDryPoor
93744,Carex echinata,ForestDryPoor
93745,Carex echinata,ForestDryPoor
93746,Carex echinata,ForestDryPoor
93747,Carex echinata,ForestDryPoor
93748,Carex echinata,ForestDryPoor
93749,Carex echinata,ForestDryPoor
93750,Carex echinata,ForestDryPoor
93751,Carex echinata,ForestDryPoor
93752,Carex echinata,ForestDryPoor
93753,Carex echinata,ForestDryPoor
93754,Carex echinata,ForestDryPoor
93755,Carex echinata,ForestDryPoor
93756,Carex echinata,ForestDryPoor
93757,Carex echinata,ForestDryPoor
93758,Carex echinata,ForestDryPoor
93759,Carex echinata,ForestDryPoor
93760,Carex echinata,ForestDryPoor
93761,Carex echinata,ForestDryPoor
93762,Carex echinata,ForestDryPoor
94280,Carex echinata,ForestDryPoor
94281,Carex echinata,ForestDryPoor
94282,Carex echinata,ForestDryPoor
94283,Carex echinata,ForestDryPoor
94284,Carex echinata,ForestDryPoor
94285,Carex echinata,ForestDryPoor
94286,Carex echinata,ForestDryPoor
94287,Carex echinata,ForestDryPoor
94288,Carex echinata,ForestDryPoor
94289,Carex echinata,ForestDryPoor
94290,Carex echinata,ForestDryPoor
94291,Carex echinata,ForestDryPoor
94292,Carex echinata,ForestDryPoor
94293,Carex echinata,ForestDryPoor
94294,Carex echinata,ForestDryPoor
94295,Carex echinata,ForestDryPoor
94296,Carex echinata,ForestDryPoor
94297,Carex echinata,ForestDryPoor
94298,Carex echinata,ForestDryPoor
94299,Carex echinata,ForestDryPoor
94340,Carex echinata,ForestDryPoor
94341,Carex echinata,ForestDryPoor
94342,Carex echinata,ForestDryPoor
94343,Carex echinata,ForestDryPoor
94344,Carex echinata,ForestDryPoor
94345,Carex echinata,ForestDryPoor
94346,Carex echinata,ForestDryPoor
94347,Carex echinata,ForestDryPoor
94348,Carex echinata,ForestDryPoor
94349,Carex echinata,ForestDryPoor
94350,Carex echinata,ForestDryPoor
94351,Carex echinata,ForestDryPoor
94352,Carex echinata,ForestDryPoor
94353,Carex echinata,ForestDryPoor
94354,Carex echinata,ForestDryPoor
94355,Carex echinata,ForestDryPoor
94356,Carex echinata,ForestDryPoor
94357,Carex echinata,ForestDryPoor
94358,Carex echinata,ForestDryPoor
94359,Carex echinata,ForestDryPoor
94360,Carex echinata,ForestDryPoor
94361,Carex echinata,ForestDryPoor
94879,Carex echinata,ForestDryPoor
94880,Carex echinata,ForestDryPoor
94881,Carex echinata,ForestDryPoor
94882,Carex echinata,ForestDryPoor
94883,Carex echinata,ForestDryPoor
94884,Carex echinata,ForestDryPoor
94885,Carex echinata,ForestDryPoor
94886,Carex echinata,ForestDryPoor
94887,Carex echinata,ForestDryPoor
94888,Carex echinata,ForestDryPoor
94889,Carex echinata,ForestDryPoor
94890,Carex echinata,ForestDryPoor
94891,Carex echinata,ForestDryPoor
94892,Carex echinata,ForestDryPoor
94893,Carex echinata,ForestDryPoor
94894,Carex echinata,ForestDryPoor
94895,Carex echinata,ForestDryPoor
94896,Carex echinata,ForestDryPoor
94897,Carex echinata,ForestDryPoor
94898,Carex echinata,ForestDryPoor
94939,Carex echinata,ForestDryPoor
94940,Carex echinata,ForestDryPoor
94941,Carex echinata,ForestDryPoor
94942,Carex echinata,ForestDryPoor
94943,Carex echinata,ForestDryPoor
94944,Carex echinata,ForestDryPoor
94945,Carex echinata,ForestDryPoor
94946,Carex echinata,ForestDryPoor
94947,Carex echinata,ForestDryPoor
94948,Carex echinata,ForestDryPoor
94949,Carex echinata,ForestDryPoor
94950,Carex echinata,ForestDryPoor
94951,Carex echinata,ForestDryPoor
94952,Carex echinata,ForestDryPoor
94953,Carex echinata,ForestDryPoor
94954,Carex echinata,ForestDryPoor
94955,Carex echinata,ForestDryPoor
94956,Carex echinata,ForestDryPoor
94957,Carex echinata,ForestDryPoor
94958,Carex echinata,ForestDryPoor
94959,Carex echinata,ForestDryPoor
94960,Carex echinata,ForestDryPoor
95478,Carex echinata,ForestDryPoor
95479,Carex echinata,ForestDryPoor
95480,Carex echinata,ForestDryPoor
95481,Carex echinata,ForestDryPoor
95482,Carex echinata,ForestDryPoor
95483,Carex echinata,ForestDryPoor
95484,Carex echinata,ForestDryPoor
95485,Carex echinata,ForestDryPoor
95486,Carex echinata,ForestDryPoor
95487,Carex echinata,ForestDryPoor
95488,Carex echinata,ForestDryPoor
95489,Carex echinata,ForestDryPoor
95490,Carex echinata,ForestDryPoor
95491,Carex echinata,ForestDryPoor
95492,Carex echinata,ForestDryPoor
95493,Carex echinata,ForestDryPoor
95494,Carex echinata,ForestDryPoor
95495,Carex echinata,ForestDryPoor
95496,Carex echinata,ForestDryPoor
95497,Carex echinata,ForestDryPoor
95538,Carex echinata,ForestDryPoor
95539,Carex echinata,ForestDryPoor
95540,Carex echinata,ForestDryPoor
95541,Carex echinata,ForestDryPoor
95542,Carex echinata,ForestDryPoor
95543,Carex echinata,ForestDryPoor
95544,Carex echinata,ForestDryPoor
95545,Carex echinata,ForestDryPoor
95546,Carex echinata,ForestDryPoor
95547,Carex echinata,ForestDryPoor
95548,Carex echinata,ForestDryPoor
95549,Carex echinata,ForestDryPoor
95550,Carex echinata,ForestDryPoor
95551,Carex echinata,ForestDryPoor
95552,Carex echinata,ForestDryPoor
95553,Carex echinata,ForestDryPoor
95554,Carex echinata,ForestDryPoor
95555,Carex echinata,ForestDryPoor
95556,Carex echinata,ForestDryPoor
95557,Carex echinata,ForestDryPoor
95558,Carex echinata,ForestDryPoor
95559,Carex echinata,ForestDryPoor
96077,Carex echinata,ForestDryPoor
96078,Carex echinata,ForestDryPoor
96079,Carex echinata,ForestDryPoor
96080,Carex echinata,ForestDryPoor
96081,Carex echinata,ForestDryPoor
96082,Carex echinata,ForestDryPoor
96083,Carex echinata,ForestDryPoor
96084,Carex echinata,ForestDryPoor
96085,Carex echinata,ForestDryPoor
96086,Carex echinata,ForestDryPoor
96087,Carex echinata,ForestDryPoor
96088,Carex echinata,ForestDryPoor
96089,Carex echinata,ForestDryPoor
96090,Carex echinata,ForestDryPoor
96091,Carex echinata,ForestDryPoor
96092,Carex echinata,ForestDryPoor
96093,Carex echinata,ForestDryPoor
96094,Carex echinata,ForestDryPoor
96095,Carex echinata,ForestDryPoor
96096,Carex echinata,ForestDryPoor
96137,Carex echinata,ForestDryPoor
96138,Carex echinata,ForestDryPoor
96139,Carex echinata,ForestDryPoor
96140,Carex echinata,ForestDryPoor
96141,Carex echinata,ForestDryPoor
96142,Carex echinata,ForestDryPoor
96143,Carex echinata,ForestDryPoor
96144,Carex echinata,ForestDryPoor
96145,Carex echinata,ForestDryPoor
96146,Carex echinata,ForestDryPoor
96147,Carex echinata,ForestDryPoor
96148,Carex echinata,ForestDryPoor
96149,Carex echinata,ForestDryPoor
96150,Carex echinata,ForestDryPoor
96151,Carex echinata,ForestDryPoor
96152,Carex echinata,ForestDryPoor
96153,Carex echinata,ForestDryPoor
96154,Carex echinata,ForestDryPoor
96155,Carex echinata,ForestDryPoor
96156,Carex echinata,ForestDryPoor
96157,Carex echinata,ForestDryPoor
96158,Carex echinata,ForestDryPoor
96676,Carex echinata,ForestDryPoor
96677,Carex echinata,ForestDryPoor
96678,Carex echinata,ForestDryPoor
96679,Carex echinata,ForestDryPoor
96680,Carex echinata,ForestDryPoor
96681,Carex echinata,ForestDryPoor
96682,Carex echinata,ForestDryPoor
96683,Carex echinata,ForestDryPoor
96684,Carex echinata,ForestDryPoor
96685,Carex echinata,ForestDryPoor
96686,Carex echinata,ForestDryPoor
96687,Carex echinata,ForestDryPoor
96688,Carex echinata,ForestDryPoor
96689,Carex echinata,ForestDryPoor
96690,Carex echinata,ForestDryPoor
96691,Carex echinata,ForestDryPoor
96692,Carex echinata,ForestDryPoor
96693,Carex echinata,ForestDryPoor
96694,Carex echinata,ForestDryPoor
96695,Carex echinata,ForestDryPoor
96736,Carex echinata,ForestDryPoor
96737,Carex echinata,ForestDryPoor
96738,Carex echinata,ForestDryPoor
96739,Carex echinata,ForestDryPoor
96740,Carex echinata,ForestDryPoor
96741,Carex echinata,ForestDryPoor
96742,Carex echinata,ForestDryPoor
96743,Carex echinata,ForestDryPoor
96744,Carex echinata,ForestDryPoor
96745,Carex echinata,ForestDryPoor
96746,Carex echinata,ForestDryPoor
96747,Carex echinata,ForestDryPoor
96748,Carex echinata,ForestDryPoor
96749,Carex echinata,ForestDryPoor
96750,Carex echinata,ForestDryPoor
96751,Carex echinata,ForestDryPoor
96752,Carex echinata,ForestDryPoor
96753,Carex echinata,ForestDryPoor
96754,Carex echinata,ForestDryPoor
96755,Carex echinata,ForestDryPoor
96756,Carex echinata,ForestDryPoor
96757,Carex echinata,ForestDryPoor
97275,Carex echinata,ForestDryPoor
97276,Carex echinata,ForestDryPoor
97277,Carex echinata,ForestDryPoor
97278,Carex echinata,ForestDryPoor
97279,Carex echinata,ForestDryPoor
97280,Carex echinata,ForestDryPoor
97281,Carex echinata,ForestDryPoor
97282,Carex echinata,ForestDryPoor
97283,Carex echinata,ForestDryPoor
97284,Carex echinata,ForestDryPoor
97285,Carex echinata,ForestDryPoor
97286,Carex echinata,ForestDryPoor
97287,Carex echinata,ForestDryPoor
97288,Carex echinata,ForestDryPoor
97289,Carex echinata,ForestDryPoor
97290,Carex echinata,ForestDryPoor
97291,Carex echinata,ForestDryPoor
97292,Carex echinata,ForestDryPoor
97293,Carex echinata,ForestDryPoor
97294,Carex echinata,ForestDryPoor
97335,Carex echinata,ForestDryPoor
97336,Carex echinata,ForestDryPoor
97337,Carex echinata,ForestDryPoor
97338,Carex echinata,ForestDryPoor
97339,Carex echinata,ForestDryPoor
97340,Carex echinata,ForestDryPoor
97341,Carex echinata,ForestDryPoor
97342,Carex echinata,ForestDryPoor
97343,Carex echinata,ForestDryPoor
97344,Carex echinata,ForestDryPoor
97345,Carex echinata,ForestDryPoor
97346,Carex echinata,ForestDryPoor
97347,Carex echinata,ForestDryPoor
97348,Carex echinata,ForestDryPoor
97349,Carex echinata,ForestDryPoor
97350,Carex echinata,ForestDryPoor
97351,Carex echinata,ForestDryPoor
97352,Carex echinata,ForestDryPoor
97353,Carex echinata,ForestDryPoor
97354,Carex echinata,ForestDryPoor
97355,Carex echinata,ForestDryPoor
97356,Carex echinata,ForestDryPoor
97874,Carex echinata,ForestDryPoor
97875,Carex echinata,ForestDryPoor
97876,Carex echinata,ForestDryPoor
97877,Carex echinata,ForestDryPoor
97878,Carex echinata,ForestDryPoor
97879,Carex echinata,ForestDryPoor
97880,Carex echinata,ForestDryPoor
97881,Carex echinata,ForestDryPoor
97882,Carex echinata,ForestDryPoor
97883,Carex echinata,ForestDryPoor
97884,Carex echinata,ForestDryPoor
97885,Carex echinata,ForestDryPoor
97886,Carex echinata,ForestDryPoor
97887,Carex echinata,ForestDryPoor
97888,Carex echinata,ForestDryPoor
97889,Carex echinata,ForestDryPoor
97890,Carex echinata,ForestDryPoor
97891,Carex echinata,ForestDryPoor
97892,Carex echinata,ForestDryPoor
97893,Carex echinata,ForestDryPoor
97934,Carex echinata,ForestDryPoor
97935,Carex echinata,ForestDryPoor
97936,Carex echinata,ForestDryPoor
97937,Carex echinata,ForestDryPoor
97938,Carex echinata,ForestDryPoor
97939,Carex echinata,ForestDryPoor
97940,Carex echinata,ForestDryPoor
97941,Carex echinata,ForestDryPoor
97942,Carex echinata,ForestDryPoor
97943,Carex echinata,ForestDryPoor
97944,Carex echinata,ForestDryPoor
97945,Carex echinata,ForestDryPoor
97946,Carex echinata,ForestDryPoor
97947,Carex echinata,ForestDryPoor
97948,Carex echinata,ForestDryPoor
97949,Carex echinata,ForestDryPoor
97950,Carex echinata,ForestDryPoor
97951,Carex echinata,ForestDryPoor
97952,Carex echinata,ForestDryPoor
97953,Carex echinata,ForestDryPoor
97954,Carex echinata,ForestDryPoor
97955,Carex echinata,ForestDryPoor
98473,Carex echinata,ForestDryPoor
98474,Carex echinata,ForestDryPoor
98475,Carex echinata,ForestDryPoor
98476,Carex echinata,ForestDryPoor
98477,Carex echinata,ForestDryPoor
98478,Carex echinata,ForestDryPoor
98479,Carex echinata,ForestDryPoor
98480,Carex echinata,ForestDryPoor
98481,Carex echinata,ForestDryPoor
98482,Carex echinata,ForestDryPoor
98483,Carex echinata,ForestDryPoor
98484,Carex echinata,ForestDryPoor
98485,Carex echinata,ForestDryPoor
98486,Carex echinata,ForestDryPoor
98487,Carex echinata,ForestDryPoor
98488,Carex echinata,ForestDryPoor
98489,Carex echinata,ForestDryPoor
98490,Carex echinata,ForestDryPoor
98491,Carex echinata,ForestDryPoor
98492,Carex echinata,ForestDryPoor
98513,Carex echinata,ForestDryPoor
98514,Carex echinata,ForestDryPoor
98515,Carex echinata,ForestDryPoor
98516,Carex echinata,ForestDryPoor
98517,Carex echinata,ForestDryPoor
98518,Carex echinata,ForestDryPoor
98519,Carex echinata,ForestDryPoor
98520,Carex echinata,ForestDryPoor
98521,Carex echinata,ForestDryPoor
98522,Carex echinata,ForestDryPoor
98523,Carex echinata,ForestDryPoor
98524,Carex echinata,ForestDryPoor
98525,Carex echinata,ForestDryPoor
98526,Carex echinata,ForestDryPoor
98527,Carex echinata,ForestDryPoor
98528,Carex echinata,ForestDryPoor
98529,Carex echinata,ForestDryPoor
98530,Carex echinata,ForestDryPoor
98531,Carex echinata,ForestDryPoor
98532,Carex echinata,ForestDryPoor
98553,Carex echinata,ForestDryPoor
98554,Carex echinata,ForestDryPoor
99072,Carex echinata,ForestDryPoor
99073,Carex echinata,ForestDryPoor
99074,Carex echinata,ForestDryPoor
99075,Carex echinata,ForestDryPoor
99076,Carex echinata,ForestDryPoor
99077,Carex echinata,ForestDryPoor
99078,Carex echinata,ForestDryPoor
99079,Carex echinata,ForestDryPoor
99080,Carex echinata,ForestDryPoor
99081,Carex echinata,ForestDryPoor
99082,Carex echinata,ForestDryPoor
99083,Carex echinata,ForestDryPoor
99084,Carex echinata,ForestDryPoor
99085,Carex echinata,ForestDryPoor
99086,Carex echinata,ForestDryPoor
99087,Carex echinata,ForestDryPoor
99088,Carex echinata,ForestDryPoor
99089,Carex echinata,ForestDryPoor
99090,Carex echinata,ForestDryPoor
99091,Carex echinata,ForestDryPoor
99112,Carex echinata,ForestDryPoor
99113,Carex echinata,ForestDryPoor
99114,Carex echinata,ForestDryPoor
99115,Carex echinata,ForestDryPoor
99116,Carex echinata,ForestDryPoor
99117,Carex echinata,ForestDryPoor
99118,Carex echinata,ForestDryPoor
99119,Carex echinata,ForestDryPoor
99120,Carex echinata,ForestDryPoor
99121,Carex echinata,ForestDryPoor
99122,Carex echinata,ForestDryPoor
99123,Carex echinata,ForestDryPoor
99124,Carex echinata,ForestDryPoor
99125,Carex echinata,ForestDryPoor
99126,Carex echinata,ForestDryPoor
99127,Carex echinata,ForestDryPoor
99128,Carex echinata,ForestDryPoor
99129,Carex echinata,ForestDryPoor
99130,Carex echinata,ForestDryPoor
99131,Carex echinata,ForestDryPoor
99152,Carex echinata,ForestDryPoor
99671,Carex echinata,ForestDryPoor
99672,Carex echinata,ForestDryPoor
99673,Carex echinata,ForestDryPoor
99674,Carex echinata,ForestDryPoor
99675,Carex echinata,ForestDryPoor
99676,Carex echinata,ForestDryPoor
99677,Carex echinata,ForestDryPoor
99678,Carex echinata,ForestDryPoor
99679,Carex echinata,ForestDryPoor
99680,Carex echinata,ForestDryPoor
99681,Carex echinata,ForestDryPoor
99682,Carex echinata,ForestDryPoor
99683,Carex echinata,ForestDryPoor
99684,Carex echinata,ForestDryPoor
99685,Carex echinata,ForestDryPoor
99686,Carex echinata,ForestDryPoor
99687,Carex echinata,ForestDryPoor
99688,Carex echinata,ForestDryPoor
99689,Carex echinata,ForestDryPoor
99690,Carex echinata,ForestDryPoor
99711,Carex echinata,ForestDryPoor
99712,Carex echinata,ForestDryPoor
99713,Carex echinata,ForestDryPoor
99714,Carex echinata,ForestDryPoor
99715,Carex echinata,ForestDryPoor
99716,Carex echinata,ForestDryPoor
99717,Carex echinata,ForestDryPoor
99718,Carex echinata,ForestDryPoor
99719,Carex echinata,ForestDryPoor
99720,Carex echinata,ForestDryPoor
99721,Carex echinata,ForestDryPoor
99722,Carex echinata,ForestDryPoor
99723,Carex echinata,ForestDryPoor
99724,Carex echinata,ForestDryPoor
99725,Carex echinata,ForestDryPoor
99726,Carex echinata,ForestDryPoor
99727,Carex echinata,ForestDryPoor
99728,Carex echinata,ForestDryPoor
99729,Carex echinata,ForestDryPoor
99730,Carex echinata,ForestDryPoor
99751,Carex echinata,ForestDryPoor
100270,Carex echinata,ForestDryPoor
100271,Carex echinata,ForestDryPoor
100272,Carex echinata,ForestDryPoor
100273,Carex echinata,ForestDryPoor
100274,Carex echinata,ForestDryPoor
100275,Carex echinata,ForestDryPoor
100276,Carex echinata,ForestDryPoor
100277,Carex echinata,ForestDryPoor
100278,Carex echinata,ForestDryPoor
100279,Carex echinata,ForestDryPoor
100280,Carex echinata,ForestDryPoor
100281,Carex echinata,ForestDryPoor
100282,Carex echinata,ForestDryPoor
100283,Carex echinata,ForestDryPoor
100284,Carex echinata,ForestDryPoor
100285,Carex echinata,ForestDryPoor
100286,Carex echinata,ForestDryPoor
100287,Carex echinata,ForestDryPoor
100288,Carex echinata,ForestDryPoor
100289,Carex echinata,ForestDryPoor
100310,Carex echinata,ForestDryPoor
100311,Carex echinata,ForestDryPoor
100312,Carex echinata,ForestDryPoor
100313,Carex echinata,ForestDryPoor
100314,Carex echinata,ForestDryPoor
100315,Carex echinata,ForestDryPoor
100316,Carex echinata,ForestDryPoor
100317,Carex echinata,ForestDryPoor
100318,Carex echinata,ForestDryPoor
100319,Carex echinata,ForestDryPoor
100320,Carex echinata,ForestDryPoor
100321,Carex echinata,ForestDryPoor
100322,Carex echinata,ForestDryPoor
100323,Carex echinata,ForestDryPoor
100324,Carex echinata,ForestDryPoor
100325,Carex echinata,ForestDryPoor
100326,Carex echinata,ForestDryPoor
100327,Carex echinata,ForestDryPoor
100328,Carex echinata,ForestDryPoor
100329,Carex echinata,ForestDryPoor
100350,Carex echinata,ForestDryPoor
100869,Carex echinata,ForestDryPoor
100870,Carex echinata,ForestDryPoor
100871,Carex echinata,ForestDryPoor
100872,Carex echinata,ForestDryPoor
100873,Carex echinata,ForestDryPoor
100874,Carex echinata,ForestDryPoor
100875,Carex echinata,ForestDryPoor
100876,Carex echinata,ForestDryPoor
100877,Carex echinata,ForestDryPoor
100878,Carex echinata,ForestDryPoor
100879,Carex echinata,ForestDryPoor
100880,Carex echinata,ForestDryPoor
100881,Carex echinata,ForestDryPoor
100882,Carex echinata,ForestDryPoor
100883,Carex echinata,ForestDryPoor
100884,Carex echinata,ForestDryPoor
100885,Carex echinata,ForestDryPoor
100886,Carex echinata,ForestDryPoor
100887,Carex echinata,ForestDryPoor
100888,Carex echinata,ForestDryPoor
100909,Carex echinata,ForestDryPoor
100910,Carex echinata,ForestDryPoor
100911,Carex echinata,ForestDryPoor
100912,Carex echinata,ForestDryPoor
100913,Carex echinata,ForestDryPoor
100914,Carex echinata,ForestDryPoor
100915,Carex echinata,ForestDryPoor
100916,Carex echinata,ForestDryPoor
100917,Carex echinata,ForestDryPoor
100918,Carex echinata,ForestDryPoor
100919,Carex echinata,ForestDryPoor
100920,Carex echinata,ForestDryPoor
100921,Carex echinata,ForestDryPoor
100922,Carex echinata,ForestDryPoor
100923,Carex echinata,ForestDryPoor
100924,Carex echinata,ForestDryPoor
100925,Carex echinata,ForestDryPoor
100926,Carex echinata,ForestDryPoor
100927,Carex echinata,ForestDryPoor
100928,Carex echinata,ForestDryPoor
100949,Carex echinata,ForestDryPoor
101468,Carex echinata,ForestDryPoor
101469,Carex echinata,ForestDryPoor
101470,Carex echinata,ForestDryPoor
101471,Carex echinata,ForestDryPoor
101472,Carex echinata,ForestDryPoor
101473,Carex echinata,ForestDryPoor
101474,Carex echinata,ForestDryPoor
101475,Carex echinata,ForestDryPoor
101476,Carex echinata,ForestDryPoor
101477,Carex echinata,ForestDryPoor
101478,Carex echinata,ForestDryPoor
101479,Carex echinata,ForestDryPoor
101480,Carex echinata,ForestDryPoor
101481,Carex echinata,ForestDryPoor
101482,Carex echinata,ForestDryPoor
101483,Carex echinata,ForestDryPoor
101484,Carex echinata,ForestDryPoor
101485,Carex echinata,ForestDryPoor
101486,Carex echinata,ForestDryPoor
101487,Carex echinata,ForestDryPoor
101508,Carex echinata,ForestDryPoor
101509,Carex echinata,ForestDryPoor
101510,Carex echinata,ForestDryPoor
101511,Carex echinata,ForestDryPoor
101512,Carex echinata,ForestDryPoor
101513,Carex echinata,ForestDryPoor
101514,Carex echinata,ForestDryPoor
101515,Carex echinata,ForestDryPoor
101516,Carex echinata,ForestDryPoor
101517,Carex echinata,ForestDryPoor
101518,Carex echinata,ForestDryPoor
101519,Carex echinata,ForestDryPoor
101520,Carex echinata,ForestDryPoor
101521,Carex echinata,ForestDryPoor
101522,Carex echinata,ForestDryPoor
101523,Carex echinata,ForestDryPoor
101524,Carex echinata,ForestDryPoor
101525,Carex echinata,ForestDryPoor
101526,Carex echinata,ForestDryPoor
101527,Carex echinata,ForestDryPoor
102067,Carex echinata,ForestDryPoor
102068,Carex echinata,ForestDryPoor
102069,Carex echinata,ForestDryPoor
102070,Carex echinata,ForestDryPoor
102071,Carex echinata,ForestDryPoor
102072,Carex echinata,ForestDryPoor
102073,Carex echinata,ForestDryPoor
102074,Carex echinata,ForestDryPoor
102075,Carex echinata,ForestDryPoor
102076,Carex echinata,ForestDryPoor
102077,Carex echinata,ForestDryPoor
102078,Carex echinata,ForestDryPoor
102079,Carex echinata,ForestDryPoor
102080,Carex echinata,ForestDryPoor
102081,Carex echinata,ForestDryPoor
102082,Carex echinata,ForestDryPoor
102083,Carex echinata,ForestDryPoor
102084,Carex echinata,ForestDryPoor
102085,Carex echinata,ForestDryPoor
102086,Carex echinata,ForestDryPoor
102107,Carex echinata,ForestDryPoor
102108,Carex echinata,ForestDryPoor
102109,Carex echinata,ForestDryPoor
102110,Carex echinata,ForestDryPoor
102111,Carex echinata,ForestDryPoor
102112,Carex echinata,ForestDryPoor
102113,Carex echinata,ForestDryPoor
102114,Carex echinata,ForestDryPoor
102115,Carex echinata,ForestDryPoor
102116,Carex echinata,ForestDryPoor
102117,Carex echinata,ForestDryPoor
102118,Carex echinata,ForestDryPoor
102119,Carex echinata,ForestDryPoor
102120,Carex echinata,ForestDryPoor
102121,Carex echinata,ForestDryPoor
102122,Carex echinata,ForestDryPoor
102123,Carex echinata,ForestDryPoor
102124,Carex echinata,ForestDryPoor
102125,Carex echinata,ForestDryPoor
102126,Carex echinata,ForestDryPoor
102666,Carex echinata,ForestDryPoor
102667,Carex echinata,ForestDryPoor
102668,Carex echinata,ForestDryPoor
102669,Carex echinata,ForestDryPoor
102670,Carex echinata,ForestDryPoor
102671,Carex echinata,ForestDryPoor
102672,Carex echinata,ForestDryPoor
102673,Carex echinata,ForestDryPoor
102674,Carex echinata,ForestDryPoor
102675,Carex echinata,ForestDryPoor
102676,Carex echinata,ForestDryPoor
102677,Carex echinata,ForestDryPoor
102678,Carex echinata,ForestDryPoor
102679,Carex echinata,ForestDryPoor
102680,Carex echinata,ForestDryPoor
102681,Carex echinata,ForestDryPoor
102682,Carex echinata,ForestDryPoor
102683,Carex echinata,ForestDryPoor
102684,Carex echinata,ForestDryPoor
102685,Carex echinata,ForestDryPoor
102706,Carex echinata,ForestDryPoor
102707,Carex echinata,ForestDryPoor
102708,Carex echinata,ForestDryPoor
102709,Carex echinata,ForestDryPoor
102710,Carex echinata,ForestDryPoor
102711,Carex echinata,ForestDryPoor
102712,Carex echinata,ForestDryPoor
102713,Carex echinata,ForestDryPoor
102714,Carex echinata,ForestDryPoor
102715,Carex echinata,ForestDryPoor
102716,Carex echinata,ForestDryPoor
102717,Carex echinata,ForestDryPoor
102718,Carex echinata,ForestDryPoor
102719,Carex echinata,ForestDryPoor
102720,Carex echinata,ForestDryPoor
102721,Carex echinata,ForestDryPoor
102722,Carex echinata,ForestDryPoor
102723,Carex echinata,ForestDryPoor
102724,Carex echinata,ForestDryPoor
102725,Carex echinata,ForestDryPoor
103265,Carex echinata,ForestDryPoor
103266,Carex echinata,ForestDryPoor
103267,Carex echinata,ForestDryPoor
103268,Carex echinata,ForestDryPoor
103269,Carex echinata,ForestDryPoor
103270,Carex echinata,ForestDryPoor
103271,Carex echinata,ForestDryPoor
103272,Carex echinata,ForestDryPoor
103273,Carex echinata,ForestDryPoor
103274,Carex echinata,ForestDryPoor
103275,Carex echinata,ForestDryPoor
103276,Carex echinata,ForestDryPoor
103277,Carex echinata,ForestDryPoor
103278,Carex echinata,ForestDryPoor
103279,Carex echinata,ForestDryPoor
103280,Carex echinata,ForestDryPoor
103281,Carex echinata,ForestDryPoor
103282,Carex echinata,ForestDryPoor
103283,Carex echinata,ForestDryPoor
103284,Carex echinata,ForestDryPoor
103305,Carex echinata,ForestDryPoor
103306,Carex echinata,ForestDryPoor
103307,Carex echinata,ForestDryPoor
103308,Carex echinata,ForestDryPoor
103309,Carex echinata,ForestDryPoor
103310,Carex echinata,ForestDryPoor
103311,Carex echinata,ForestDryPoor
103312,Carex echinata,ForestDryPoor
103313,Carex echinata,ForestDryPoor
103314,Carex echinata,ForestDryPoor
103315,Carex echinata,ForestDryPoor
103316,Carex echinata,ForestDryPoor
103317,Carex echinata,ForestDryPoor
103318,Carex echinata,ForestDryPoor
103319,Carex echinata,ForestDryPoor
103320,Carex echinata,ForestDryPoor
103321,Carex echinata,ForestDryPoor
103322,Carex echinata,ForestDryPoor
103323,Carex echinata,ForestDryPoor
103324,Carex echinata,ForestDryPoor
103864,Carex echinata,ForestDryPoor
103865,Carex echinata,ForestDryPoor
103866,Carex echinata,ForestDryPoor
103867,Carex echinata,ForestDryPoor
103868,Carex echinata,ForestDryPoor
103869,Carex echinata,ForestDryPoor
103870,Carex echinata,ForestDryPoor
103871,Carex echinata,ForestDryPoor
103872,Carex echinata,ForestDryPoor
103873,Carex echinata,ForestDryPoor
103874,Carex echinata,ForestDryPoor
103875,Carex echinata,ForestDryPoor
103876,Carex echinata,ForestDryPoor
103877,Carex echinata,ForestDryPoor
103878,Carex echinata,ForestDryPoor
103879,Carex echinata,ForestDryPoor
103880,Carex echinata,ForestDryPoor
103881,Carex echinata,ForestDryPoor
103882,Carex echinata,ForestDryPoor
103883,Carex echinata,ForestDryPoor
103904,Carex echinata,ForestDryPoor
103905,Carex echinata,ForestDryPoor
103906,Carex echinata,ForestDryPoor
103907,Carex echinata,ForestDryPoor
103908,Carex echinata,ForestDryPoor
103909,Carex echinata,ForestDryPoor
103910,Carex echinata,ForestDryPoor
103911,Carex echinata,ForestDryPoor
103912,Carex echinata,ForestDryPoor
103913,Carex echinata,ForestDryPoor
103914,Carex echinata,ForestDryPoor
103915,Carex echinata,ForestDryPoor
103916,Carex echinata,ForestDryPoor
103917,Carex echinata,ForestDryPoor
103918,Carex echinata,ForestDryPoor
103919,Carex echinata,ForestDryPoor
103920,Carex echinata,ForestDryPoor
103921,Carex echinata,ForestDryPoor
103922,Carex echinata,ForestDryPoor
103923,Carex echinata,ForestDryPoor
104463,Carex echinata,ForestDryPoor
104464,Carex echinata,ForestDryPoor
104465,Carex echinata,ForestDryPoor
104466,Carex echinata,ForestDryPoor
104467,Carex echinata,ForestDryPoor
104468,Carex echinata,ForestDryPoor
104469,Carex echinata,ForestDryPoor
104470,Carex echinata,ForestDryPoor
104471,Carex echinata,ForestDryPoor
104472,Carex echinata,ForestDryPoor
104473,Carex echinata,ForestDryPoor
104474,Carex echinata,ForestDryPoor
104475,Carex echinata,ForestDryPoor
104476,Carex echinata,ForestDryPoor
104477,Carex echinata,ForestDryPoor
104478,Carex echinata,ForestDryPoor
104479,Carex echinata,ForestDryPoor
104480,Carex echinata,ForestDryPoor
104481,Carex echinata,ForestDryPoor
104482,Carex echinata,ForestDryPoor
104503,Carex echinata,ForestDryPoor
104504,Carex echinata,ForestDryPoor
104505,Carex echinata,ForestDryPoor
104506,Carex echinata,ForestDryPoor
104507,Carex echinata,ForestDryPoor
104508,Carex echinata,ForestDryPoor
104509,Carex echinata,ForestDryPoor
104510,Carex echinata,ForestDryPoor
104511,Carex echinata,ForestDryPoor
104512,Carex echinata,ForestDryPoor
104513,Carex echinata,ForestDryPoor
104514,Carex echinata,ForestDryPoor
104515,Carex echinata,ForestDryPoor
104516,Carex echinata,ForestDryPoor
104517,Carex echinata,ForestDryPoor
104518,Carex echinata,ForestDryPoor
104519,Carex echinata,ForestDryPoor
104520,Carex echinata,ForestDryPoor
104521,Carex echinata,ForestDryPoor
104522,Carex echinata,ForestDryPoor
105062,Carex echinata,ForestDryPoor
105063,Carex echinata,ForestDryPoor
105064,Carex echinata,ForestDryPoor
105065,Carex echinata,ForestDryPoor
105066,Carex echinata,ForestDryPoor
105067,Carex echinata,ForestDryPoor
105068,Carex echinata,ForestDryPoor
105069,Carex echinata,ForestDryPoor
105070,Carex echinata,ForestDryPoor
105071,Carex echinata,ForestDryPoor
105072,Carex echinata,ForestDryPoor
105073,Carex echinata,ForestDryPoor
105074,Carex echinata,ForestDryPoor
105075,Carex echinata,ForestDryPoor
105076,Carex echinata,ForestDryPoor
105077,Carex echinata,ForestDryPoor
105078,Carex echinata,ForestDryPoor
105079,Carex echinata,ForestDryPoor
105080,Carex echinata,ForestDryPoor
105081,Carex echinata,ForestDryPoor
105102,Carex echinata,ForestDryPoor
105103,Carex echinata,ForestDryPoor
105104,Carex echinata,ForestDryPoor
105105,Carex echinata,ForestDryPoor
105106,Carex echinata,ForestDryPoor
105107,Carex echinata,ForestDryPoor
105108,Carex echinata,ForestDryPoor
105109,Carex echinata,ForestDryPoor
105110,Carex echinata,ForestDryPoor
105111,Carex echinata,ForestDryPoor
105112,Carex echinata,ForestDryPoor
105113,Carex echinata,ForestDryPoor
105114,Carex echinata,ForestDryPoor
105115,Carex echinata,ForestDryPoor
105116,Carex echinata,ForestDryPoor
105117,Carex echinata,ForestDryPoor
105118,Carex echinata,ForestDryPoor
105119,Carex echinata,ForestDryPoor
105120,Carex echinata,ForestDryPoor
105121,Carex echinata,ForestDryPoor
105661,Carex echinata,ForestDryPoor
105662,Carex echinata,ForestDryPoor
105663,Carex echinata,ForestDryPoor
105664,Carex echinata,ForestDryPoor
105665,Carex echinata,ForestDryPoor
105666,Carex echinata,ForestDryPoor
105667,Carex echinata,ForestDryPoor
105668,Carex echinata,ForestDryPoor
105669,Carex echinata,ForestDryPoor
105670,Carex echinata,ForestDryPoor
105671,Carex echinata,ForestDryPoor
105672,Carex echinata,ForestDryPoor
105673,Carex echinata,ForestDryPoor
105674,Carex echinata,ForestDryPoor
105675,Carex echinata,ForestDryPoor
105676,Carex echinata,ForestDryPoor
105677,Carex echinata,ForestDryPoor
105678,Carex echinata,ForestDryPoor
105679,Carex echinata,ForestDryPoor
105680,Carex echinata,ForestDryPoor
105701,Carex echinata,ForestDryPoor
105702,Carex echinata,ForestDryPoor
105703,Carex echinata,ForestDryPoor
105704,Carex echinata,ForestDryPoor
105705,Carex echinata,ForestDryPoor
105706,Carex echinata,ForestDryPoor
105707,Carex echinata,ForestDryPoor
105708,Carex echinata,ForestDryPoor
105709,Carex echinata,ForestDryPoor
105710,Carex echinata,ForestDryPoor
105711,Carex echinata,ForestDryPoor
105712,Carex echinata,ForestDryPoor
105713,Carex echinata,ForestDryPoor
105714,Carex echinata,ForestDryPoor
105715,Carex echinata,ForestDryPoor
105716,Carex echinata,ForestDryPoor
105717,Carex echinata,ForestDryPoor
105718,Carex echinata,ForestDryPoor
105719,Carex echinata,ForestDryPoor
105720,Carex echinata,ForestDryPoor
106260,Carex echinata,ForestDryPoor
106261,Carex echinata,ForestDryPoor
106262,Carex echinata,ForestDryPoor
106263,Carex echinata,ForestDryPoor
106264,Carex echinata,ForestDryPoor
106265,Carex echinata,ForestDryPoor
106266,Carex echinata,ForestDryPoor
106267,Carex echinata,ForestDryPoor
106268,Carex echinata,ForestDryPoor
106269,Carex echinata,ForestDryPoor
106270,Carex echinata,ForestDryPoor
106271,Carex echinata,ForestDryPoor
106272,Carex echinata,ForestDryPoor
106273,Carex echinata,ForestDryPoor
106274,Carex echinata,ForestDryPoor
106275,Carex echinata,ForestDryPoor
106276,Carex echinata,ForestDryPoor
106277,Carex echinata,ForestDryPoor
106278,Carex echinata,ForestDryPoor
106279,Carex echinata,ForestDryPoor
106300,Carex echinata,ForestDryPoor
106301,Carex echinata,ForestDryPoor
106302,Carex echinata,ForestDryPoor
106303,Carex echinata,ForestDryPoor
106304,Carex echinata,ForestDryPoor
106305,Carex echinata,ForestDryPoor
106306,Carex echinata,ForestDryPoor
106307,Carex echinata,ForestDryPoor
106308,Carex echinata,ForestDryPoor
106309,Carex echinata,ForestDryPoor
106310,Carex echinata,ForestDryPoor
106311,Carex echinata,ForestDryPoor
106312,Carex echinata,ForestDryPoor
106313,Carex echinata,ForestDryPoor
106314,Carex echinata,ForestDryPoor
106315,Carex echinata,ForestDryPoor
106316,Carex echinata,ForestDryPoor
106317,Carex echinata,ForestDryPoor
106318,Carex echinata,ForestDryPoor
106319,Carex echinata,ForestDryPoor
106859,Carex echinata,ForestDryPoor
106860,Carex echinata,ForestDryPoor
106861,Carex echinata,ForestDryPoor
106862,Carex echinata,ForestDryPoor
106863,Carex echinata,ForestDryPoor
106864,Carex echinata,ForestDryPoor
106865,Carex echinata,ForestDryPoor
106866,Carex echinata,ForestDryPoor
106867,Carex echinata,ForestDryPoor
106868,Carex echinata,ForestDryPoor
106869,Carex echinata,ForestDryPoor
106870,Carex echinata,ForestDryPoor
106871,Carex echinata,ForestDryPoor
106872,Carex echinata,ForestDryPoor
106873,Carex echinata,ForestDryPoor
106874,Carex echinata,ForestDryPoor
106875,Carex echinata,ForestDryPoor
106876,Carex echinata,ForestDryPoor
106877,Carex echinata,ForestDryPoor
106878,Carex echinata,ForestDryPoor
106899,Carex echinata,ForestDryPoor
106900,Carex echinata,ForestDryPoor
106901,Carex echinata,ForestDryPoor
106902,Carex echinata,ForestDryPoor
106903,Carex echinata,ForestDryPoor
106904,Carex echinata,ForestDryPoor
106905,Carex echinata,ForestDryPoor
106906,Carex echinata,ForestDryPoor
106907,Carex echinata,ForestDryPoor
106908,Carex echinata,ForestDryPoor
106909,Carex echinata,ForestDryPoor
106910,Carex echinata,ForestDryPoor
106911,Carex echinata,ForestDryPoor
106912,Carex echinata,ForestDryPoor
106913,Carex echinata,ForestDryPoor
106914,Carex echinata,ForestDryPoor
106915,Carex echinata,ForestDryPoor
106916,Carex echinata,ForestDryPoor
106917,Carex echinata,ForestDryPoor
106918,Carex echinata,ForestDryPoor
107458,Carex echinata,ForestDryPoor
107459,Carex echinata,ForestDryPoor
107460,Carex echinata,ForestDryPoor
107461,Carex echinata,ForestDryPoor
107462,Carex echinata,ForestDryPoor
107463,Carex echinata,ForestDryPoor
107464,Carex echinata,ForestDryPoor
107465,Carex echinata,ForestDryPoor
107466,Carex echinata,ForestDryPoor
107467,Carex echinata,ForestDryPoor
107468,Carex echinata,ForestDryPoor
107469,Carex echinata,ForestDryPoor
107470,Carex echinata,ForestDryPoor
107471,Carex echinata,ForestDryPoor
107472,Carex echinata,ForestDryPoor
107473,Carex echinata,ForestDryPoor
107474,Carex echinata,ForestDryPoor
107475,Carex echinata,ForestDryPoor
107476,Carex echinata,ForestDryPoor
107477,Carex echinata,ForestDryPoor
107498,Carex echinata,ForestDryPoor
107499,Carex echinata,ForestDryPoor
107500,Carex echinata,ForestDryPoor
107501,Carex echinata,ForestDryPoor
107502,Carex echinata,ForestDryPoor
107503,Carex echinata,ForestDryPoor
107504,Carex echinata,ForestDryPoor
107505,Carex echinata,ForestDryPoor
107506,Carex echinata,ForestDryPoor
107507,Carex echinata,ForestDryPoor
107508,Carex echinata,ForestDryPoor
107509,Carex echinata,ForestDryPoor
107510,Carex echinata,ForestDryPoor
107511,Carex echinata,ForestDryPoor
107512,Carex echinata,ForestDryPoor
107513,Carex echinata,ForestDryPoor
107514,Carex echinata,ForestDryPoor
107515,Carex echinata,ForestDryPoor
107516,Carex echinata,ForestDryPoor
107517,Carex echinata,ForestDryPoor
108057,Carex echinata,ForestDryPoor
108058,Carex echinata,ForestDryPoor
108059,Carex echinata,ForestDryPoor
108060,Carex echinata,ForestDryPoor
108061,Carex echinata,ForestDryPoor
108062,Carex echinata,ForestDryPoor
108063,Carex echinata,ForestDryPoor
108064,Carex echinata,ForestDryPoor
108065,Carex echinata,ForestDryPoor
108066,Carex echinata,ForestDryPoor
108067,Carex echinata,ForestDryPoor
108068,Carex echinata,ForestDryPoor
108069,Carex echinata,ForestDryPoor
108070,Carex echinata,ForestDryPoor
108071,Carex echinata,ForestDryPoor
108072,Carex echinata,ForestDryPoor
108073,Carex echinata,ForestDryPoor
108074,Carex echinata,ForestDryPoor
108075,Carex echinata,ForestDryPoor
108076,Carex echinata,ForestDryPoor
108097,Carex echinata,ForestDryPoor
108098,Carex echinata,ForestDryPoor
108099,Carex echinata,ForestDryPoor
108100,Carex echinata,ForestDryPoor
108101,Carex echinata,ForestDryPoor
108102,Carex echinata,ForestDryPoor
108103,Carex echinata,ForestDryPoor
108104,Carex echinata,ForestDryPoor
108105,Carex echinata,ForestDryPoor
108106,Carex echinata,ForestDryPoor
108107,Carex echinata,ForestDryPoor
108108,Carex echinata,ForestDryPoor
108109,Carex echinata,ForestDryPoor
108110,Carex echinata,ForestDryPoor
108111,Carex echinata,ForestDryPoor
108112,Carex echinata,ForestDryPoor
108113,Carex echinata,ForestDryPoor
108114,Carex echinata,ForestDryPoor
108115,Carex echinata,ForestDryPoor
108116,Carex echinata,ForestDryPoor
108656,Carex echinata,ForestDryPoor
108657,Carex echinata,ForestDryPoor
108658,Carex echinata,ForestDryPoor
108659,Carex echinata,ForestDryPoor
108660,Carex echinata,ForestDryPoor
108661,Carex echinata,ForestDryPoor
108662,Carex echinata,ForestDryPoor
108663,Carex echinata,ForestDryPoor
108664,Carex echinata,ForestDryPoor
108665,Carex echinata,ForestDryPoor
108666,Carex echinata,ForestDryPoor
108667,Carex echinata,ForestDryPoor
108668,Carex echinata,ForestDryPoor
108669,Carex echinata,ForestDryPoor
108670,Carex echinata,ForestDryPoor
108671,Carex echinata,ForestDryPoor
108672,Carex echinata,ForestDryPoor
108673,Carex echinata,ForestDryPoor
108674,Carex echinata,ForestDryPoor
108675,Carex echinata,ForestDryPoor
108696,Carex echinata,ForestDryPoor
108697,Carex echinata,ForestDryPoor
108698,Carex echinata,ForestDryPoor
108699,Carex echinata,ForestDryPoor
108700,Carex echinata,ForestDryPoor
108701,Carex echinata,ForestDryPoor
108702,Carex echinata,ForestDryPoor
108703,Carex echinata,ForestDryPoor
108704,Carex echinata,ForestDryPoor
108705,Carex echinata,ForestDryPoor
108706,Carex echinata,ForestDryPoor
108707,Carex echinata,ForestDryPoor
108708,Carex echinata,ForestDryPoor
108709,Carex echinata,ForestDryPoor
108710,Carex echinata,ForestDryPoor
108711,Carex echinata,ForestDryPoor
108712,Carex echinata,ForestDryPoor
108713,Carex echinata,ForestDryPoor
108714,Carex echinata,ForestDryPoor
108715,Carex echinata,ForestDryPoor
109255,Carex echinata,ForestDryPoor
109256,Carex echinata,ForestDryPoor
109257,Carex echinata,ForestDryPoor
109258,Carex echinata,ForestDryPoor
109259,Carex echinata,ForestDryPoor
109260,Carex echinata,ForestDryPoor
109261,Carex echinata,ForestDryPoor
109262,Carex echinata,ForestDryPoor
109263,Carex echinata,ForestDryPoor
109264,Carex echinata,ForestDryPoor
109265,Carex echinata,ForestDryPoor
109266,Carex echinata,ForestDryPoor
109267,Carex echinata,ForestDryPoor
109268,Carex echinata,ForestDryPoor
109269,Carex echinata,ForestDryPoor
109270,Carex echinata,ForestDryPoor
109271,Carex echinata,ForestDryPoor
109272,Carex echinata,ForestDryPoor
109273,Carex echinata,ForestDryPoor
109274,Carex echinata,ForestDryPoor
109295,Carex echinata,ForestDryPoor
109296,Carex echinata,ForestDryPoor
109297,Carex echinata,ForestDryPoor
109298,Carex echinata,ForestDryPoor
109299,Carex echinata,ForestDryPoor
109300,Carex echinata,ForestDryPoor
109301,Carex echinata,ForestDryPoor
109302,Carex echinata,ForestDryPoor
109303,Carex echinata,ForestDryPoor
109304,Carex echinata,ForestDryPoor
109305,Carex echinata,ForestDryPoor
109306,Carex echinata,ForestDryPoor
109307,Carex echinata,ForestDryPoor
109308,Carex echinata,ForestDryPoor
109309,Carex echinata,ForestDryPoor
109310,Carex echinata,ForestDryPoor
109311,Carex echinata,ForestDryPoor
109312,Carex echinata,ForestDryPoor
109313,Carex echinata,ForestDryPoor
109314,Carex echinata,ForestDryPoor
109854,Carex echinata,ForestDryPoor
109855,Carex echinata,ForestDryPoor
109856,Carex echinata,ForestDryPoor
109857,Carex echinata,ForestDryPoor
109858,Carex echinata,ForestDryPoor
109859,Carex echinata,ForestDryPoor
109860,Carex echinata,ForestDryPoor
109861,Carex echinata,ForestDryPoor
109862,Carex echinata,ForestDryPoor
109863,Carex echinata,ForestDryPoor
109864,Carex echinata,ForestDryPoor
109865,Carex echinata,ForestDryPoor
109866,Carex echinata,ForestDryPoor
109867,Carex echinata,ForestDryPoor
109868,Carex echinata,ForestDryPoor
109869,Carex echinata,ForestDryPoor
109870,Carex echinata,ForestDryPoor
109871,Carex echinata,ForestDryPoor
109872,Carex echinata,ForestDryPoor
109873,Carex echinata,ForestDryPoor
109894,Carex echinata,ForestDryPoor
109895,Carex echinata,ForestDryPoor
109896,Carex echinata,ForestDryPoor
109897,Carex echinata,ForestDryPoor
109898,Carex echinata,ForestDryPoor
109899,Carex echinata,ForestDryPoor
109900,Carex echinata,ForestDryPoor
109901,Carex echinata,ForestDryPoor
109902,Carex echinata,ForestDryPoor
109903,Carex echinata,ForestDryPoor
109904,Carex echinata,ForestDryPoor
109905,Carex echinata,ForestDryPoor
109906,Carex echinata,ForestDryPoor
109907,Carex echinata,ForestDryPoor
109908,Carex echinata,ForestDryPoor
109909,Carex echinata,ForestDryPoor
109910,Carex echinata,ForestDryPoor
109911,Carex echinata,ForestDryPoor
109912,Carex echinata,ForestDryPoor
109913,Carex echinata,ForestDryPoor
