39245,Carex divulsa,ForestDryPoor
39246,Carex divulsa,ForestDryPoor
39247,Carex divulsa,ForestDryPoor
39248,Carex divulsa,ForestDryPoor
39249,Carex divulsa,ForestDryPoor
39250,Carex divulsa,ForestDryPoor
39251,Carex divulsa,ForestDryPoor
39840,Carex divulsa,ForestDryPoor
39841,Carex divulsa,ForestDryPoor
39842,Carex divulsa,ForestDryPoor
39843,Carex divulsa,ForestDryPoor
39844,Carex divulsa,ForestDryPoor
39845,Carex divulsa,ForestDryPoor
39846,Carex divulsa,ForestDryPoor
39847,Carex divulsa,ForestDryPoor
39848,Carex divulsa,ForestDryPoor
39849,Carex divulsa,ForestDryPoor
39850,Carex divulsa,ForestDryPoor
40435,Carex divulsa,ForestDryPoor
40436,Carex divulsa,ForestDryPoor
40437,Carex divulsa,ForestDryPoor
40438,Carex divulsa,ForestDryPoor
40439,Carex divulsa,ForestDryPoor
40440,Carex divulsa,ForestDryPoor
40441,Carex divulsa,ForestDryPoor
40442,Carex divulsa,ForestDryPoor
40443,Carex divulsa,ForestDryPoor
40444,Carex divulsa,ForestDryPoor
40445,Carex divulsa,ForestDryPoor
40446,Carex divulsa,ForestDryPoor
40447,Carex divulsa,ForestDryPoor
40448,Carex divulsa,ForestDryPoor
40449,Carex divulsa,ForestDryPoor
41032,Carex divulsa,ForestDryPoor
41033,Carex divulsa,ForestDryPoor
41034,Carex divulsa,ForestDryPoor
41035,Carex divulsa,ForestDryPoor
41036,Carex divulsa,ForestDryPoor
41037,Carex divulsa,ForestDryPoor
41038,Carex divulsa,ForestDryPoor
41039,Carex divulsa,ForestDryPoor
41040,Carex divulsa,ForestDryPoor
41041,Carex divulsa,ForestDryPoor
41042,Carex divulsa,ForestDryPoor
41043,Carex divulsa,ForestDryPoor
41044,Carex divulsa,ForestDryPoor
41045,Carex divulsa,ForestDryPoor
41046,Carex divulsa,ForestDryPoor
41047,Carex divulsa,ForestDryPoor
41048,Carex divulsa,ForestDryPoor
41629,Carex divulsa,ForestDryPoor
41630,Carex divulsa,ForestDryPoor
41631,Carex divulsa,ForestDryPoor
41632,Carex divulsa,ForestDryPoor
41633,Carex divulsa,ForestDryPoor
41634,Carex divulsa,ForestDryPoor
41635,Carex divulsa,ForestDryPoor
41636,Carex divulsa,ForestDryPoor
41637,Carex divulsa,ForestDryPoor
41638,Carex divulsa,ForestDryPoor
41639,Carex divulsa,ForestDryPoor
41640,Carex divulsa,ForestDryPoor
41641,Carex divulsa,ForestDryPoor
41642,Carex divulsa,ForestDryPoor
41643,Carex divulsa,ForestDryPoor
41644,Carex divulsa,ForestDryPoor
41645,Carex divulsa,ForestDryPoor
41646,Carex divulsa,ForestDryPoor
41647,Carex divulsa,ForestDryPoor
42226,Carex divulsa,ForestDryPoor
42227,Carex divulsa,ForestDryPoor
42228,Carex divulsa,ForestDryPoor
42229,Carex divulsa,ForestDryPoor
42230,Carex divulsa,ForestDryPoor
42231,Carex divulsa,ForestDryPoor
42232,Carex divulsa,ForestDryPoor
42233,Carex divulsa,ForestDryPoor
42234,Carex divulsa,ForestDryPoor
42235,Carex divulsa,ForestDryPoor
42236,Carex divulsa,ForestDryPoor
42237,Carex divulsa,ForestDryPoor
42238,Carex divulsa,ForestDryPoor
42239,Carex divulsa,ForestDryPoor
42240,Carex divulsa,ForestDryPoor
42241,Carex divulsa,ForestDryPoor
42242,Carex divulsa,ForestDryPoor
42243,Carex divulsa,ForestDryPoor
42244,Carex divulsa,ForestDryPoor
42245,Carex divulsa,ForestDryPoor
42246,Carex divulsa,ForestDryPoor
42823,Carex divulsa,ForestDryPoor
42824,Carex divulsa,ForestDryPoor
42825,Carex divulsa,ForestDryPoor
42826,Carex divulsa,ForestDryPoor
42827,Carex divulsa,ForestDryPoor
42828,Carex divulsa,ForestDryPoor
42829,Carex divulsa,ForestDryPoor
42830,Carex divulsa,ForestDryPoor
42831,Carex divulsa,ForestDryPoor
42832,Carex divulsa,ForestDryPoor
42833,Carex divulsa,ForestDryPoor
42834,Carex divulsa,ForestDryPoor
42835,Carex divulsa,ForestDryPoor
42836,Carex divulsa,ForestDryPoor
42837,Carex divulsa,ForestDryPoor
42838,Carex divulsa,ForestDryPoor
42839,Carex divulsa,ForestDryPoor
42840,Carex divulsa,ForestDryPoor
42841,Carex divulsa,ForestDryPoor
42842,Carex divulsa,ForestDryPoor
42843,Carex divulsa,ForestDryPoor
42844,Carex divulsa,ForestDryPoor
42845,Carex divulsa,ForestDryPoor
43420,Carex divulsa,ForestDryPoor
43421,Carex divulsa,ForestDryPoor
43422,Carex divulsa,ForestDryPoor
43423,Carex divulsa,ForestDryPoor
43424,Carex divulsa,ForestDryPoor
43425,Carex divulsa,ForestDryPoor
43426,Carex divulsa,ForestDryPoor
43427,Carex divulsa,ForestDryPoor
43428,Carex divulsa,ForestDryPoor
43429,Carex divulsa,ForestDryPoor
43430,Carex divulsa,ForestDryPoor
43431,Carex divulsa,ForestDryPoor
43432,Carex divulsa,ForestDryPoor
43433,Carex divulsa,ForestDryPoor
43434,Carex divulsa,ForestDryPoor
43435,Carex divulsa,ForestDryPoor
43436,Carex divulsa,ForestDryPoor
43437,Carex divulsa,ForestDryPoor
43438,Carex divulsa,ForestDryPoor
43439,Carex divulsa,ForestDryPoor
43440,Carex divulsa,ForestDryPoor
43441,Carex divulsa,ForestDryPoor
43442,Carex divulsa,ForestDryPoor
43443,Carex divulsa,ForestDryPoor
43444,Carex divulsa,ForestDryPoor
44018,Carex divulsa,ForestDryPoor
44019,Carex divulsa,ForestDryPoor
44020,Carex divulsa,ForestDryPoor
44021,Carex divulsa,ForestDryPoor
44022,Carex divulsa,ForestDryPoor
44023,Carex divulsa,ForestDryPoor
44024,Carex divulsa,ForestDryPoor
44025,Carex divulsa,ForestDryPoor
44026,Carex divulsa,ForestDryPoor
44027,Carex divulsa,ForestDryPoor
44028,Carex divulsa,ForestDryPoor
44029,Carex divulsa,ForestDryPoor
44030,Carex divulsa,ForestDryPoor
44031,Carex divulsa,ForestDryPoor
44032,Carex divulsa,ForestDryPoor
44033,Carex divulsa,ForestDryPoor
44034,Carex divulsa,ForestDryPoor
44035,Carex divulsa,ForestDryPoor
44036,Carex divulsa,ForestDryPoor
44037,Carex divulsa,ForestDryPoor
44038,Carex divulsa,ForestDryPoor
44039,Carex divulsa,ForestDryPoor
44040,Carex divulsa,ForestDryPoor
44041,Carex divulsa,ForestDryPoor
44042,Carex divulsa,ForestDryPoor
44043,Carex divulsa,ForestDryPoor
44615,Carex divulsa,ForestDryPoor
44616,Carex divulsa,ForestDryPoor
44617,Carex divulsa,ForestDryPoor
44618,Carex divulsa,ForestDryPoor
44619,Carex divulsa,ForestDryPoor
44620,Carex divulsa,ForestDryPoor
44621,Carex divulsa,ForestDryPoor
44622,Carex divulsa,ForestDryPoor
44623,Carex divulsa,ForestDryPoor
44624,Carex divulsa,ForestDryPoor
44625,Carex divulsa,ForestDryPoor
44626,Carex divulsa,ForestDryPoor
44627,Carex divulsa,ForestDryPoor
44628,Carex divulsa,ForestDryPoor
44629,Carex divulsa,ForestDryPoor
44630,Carex divulsa,ForestDryPoor
44631,Carex divulsa,ForestDryPoor
44632,Carex divulsa,ForestDryPoor
44633,Carex divulsa,ForestDryPoor
44634,Carex divulsa,ForestDryPoor
44635,Carex divulsa,ForestDryPoor
44636,Carex divulsa,ForestDryPoor
44637,Carex divulsa,ForestDryPoor
44638,Carex divulsa,ForestDryPoor
44639,Carex divulsa,ForestDryPoor
44640,Carex divulsa,ForestDryPoor
44641,Carex divulsa,ForestDryPoor
44642,Carex divulsa,ForestDryPoor
45213,Carex divulsa,ForestDryPoor
45214,Carex divulsa,ForestDryPoor
45215,Carex divulsa,ForestDryPoor
45216,Carex divulsa,ForestDryPoor
45217,Carex divulsa,ForestDryPoor
45218,Carex divulsa,ForestDryPoor
45219,Carex divulsa,ForestDryPoor
45220,Carex divulsa,ForestDryPoor
45221,Carex divulsa,ForestDryPoor
45222,Carex divulsa,ForestDryPoor
45223,Carex divulsa,ForestDryPoor
45224,Carex divulsa,ForestDryPoor
45225,Carex divulsa,ForestDryPoor
45226,Carex divulsa,ForestDryPoor
45227,Carex divulsa,ForestDryPoor
45228,Carex divulsa,ForestDryPoor
45229,Carex divulsa,ForestDryPoor
45230,Carex divulsa,ForestDryPoor
45231,Carex divulsa,ForestDryPoor
45232,Carex divulsa,ForestDryPoor
45233,Carex divulsa,ForestDryPoor
45234,Carex divulsa,ForestDryPoor
45235,Carex divulsa,ForestDryPoor
45236,Carex divulsa,ForestDryPoor
45237,Carex divulsa,ForestDryPoor
45238,Carex divulsa,ForestDryPoor
45239,Carex divulsa,ForestDryPoor
45240,Carex divulsa,ForestDryPoor
45241,Carex divulsa,ForestDryPoor
45811,Carex divulsa,ForestDryPoor
45812,Carex divulsa,ForestDryPoor
45813,Carex divulsa,ForestDryPoor
45814,Carex divulsa,ForestDryPoor
45815,Carex divulsa,ForestDryPoor
45816,Carex divulsa,ForestDryPoor
45817,Carex divulsa,ForestDryPoor
45818,Carex divulsa,ForestDryPoor
45819,Carex divulsa,ForestDryPoor
45820,Carex divulsa,ForestDryPoor
45821,Carex divulsa,ForestDryPoor
45822,Carex divulsa,ForestDryPoor
45823,Carex divulsa,ForestDryPoor
45824,Carex divulsa,ForestDryPoor
45825,Carex divulsa,ForestDryPoor
45826,Carex divulsa,ForestDryPoor
45827,Carex divulsa,ForestDryPoor
45828,Carex divulsa,ForestDryPoor
45829,Carex divulsa,ForestDryPoor
45830,Carex divulsa,ForestDryPoor
45831,Carex divulsa,ForestDryPoor
45832,Carex divulsa,ForestDryPoor
45833,Carex divulsa,ForestDryPoor
45834,Carex divulsa,ForestDryPoor
45835,Carex divulsa,ForestDryPoor
45836,Carex divulsa,ForestDryPoor
45837,Carex divulsa,ForestDryPoor
45838,Carex divulsa,ForestDryPoor
45839,Carex divulsa,ForestDryPoor
45840,Carex divulsa,ForestDryPoor
46409,Carex divulsa,ForestDryPoor
46410,Carex divulsa,ForestDryPoor
46411,Carex divulsa,ForestDryPoor
46412,Carex divulsa,ForestDryPoor
46413,Carex divulsa,ForestDryPoor
46414,Carex divulsa,ForestDryPoor
46415,Carex divulsa,ForestDryPoor
46416,Carex divulsa,ForestDryPoor
46417,Carex divulsa,ForestDryPoor
46418,Carex divulsa,ForestDryPoor
46419,Carex divulsa,ForestDryPoor
46420,Carex divulsa,ForestDryPoor
46421,Carex divulsa,ForestDryPoor
46422,Carex divulsa,ForestDryPoor
46423,Carex divulsa,ForestDryPoor
46424,Carex divulsa,ForestDryPoor
46425,Carex divulsa,ForestDryPoor
46426,Carex divulsa,ForestDryPoor
46427,Carex divulsa,ForestDryPoor
46428,Carex divulsa,ForestDryPoor
46429,Carex divulsa,ForestDryPoor
46430,Carex divulsa,ForestDryPoor
46431,Carex divulsa,ForestDryPoor
46432,Carex divulsa,ForestDryPoor
46433,Carex divulsa,ForestDryPoor
46434,Carex divulsa,ForestDryPoor
46435,Carex divulsa,ForestDryPoor
46436,Carex divulsa,ForestDryPoor
46437,Carex divulsa,ForestDryPoor
46438,Carex divulsa,ForestDryPoor
46439,Carex divulsa,ForestDryPoor
47006,Carex divulsa,ForestDryPoor
47007,Carex divulsa,ForestDryPoor
47008,Carex divulsa,ForestDryPoor
47009,Carex divulsa,ForestDryPoor
47010,Carex divulsa,ForestDryPoor
47011,Carex divulsa,ForestDryPoor
47012,Carex divulsa,ForestDryPoor
47013,Carex divulsa,ForestDryPoor
47014,Carex divulsa,ForestDryPoor
47015,Carex divulsa,ForestDryPoor
47016,Carex divulsa,ForestDryPoor
47017,Carex divulsa,ForestDryPoor
47018,Carex divulsa,ForestDryPoor
47019,Carex divulsa,ForestDryPoor
47020,Carex divulsa,ForestDryPoor
47021,Carex divulsa,ForestDryPoor
47022,Carex divulsa,ForestDryPoor
47023,Carex divulsa,ForestDryPoor
47024,Carex divulsa,ForestDryPoor
47025,Carex divulsa,ForestDryPoor
47026,Carex divulsa,ForestDryPoor
47027,Carex divulsa,ForestDryPoor
47028,Carex divulsa,ForestDryPoor
47029,Carex divulsa,ForestDryPoor
47030,Carex divulsa,ForestDryPoor
47031,Carex divulsa,ForestDryPoor
47032,Carex divulsa,ForestDryPoor
47033,Carex divulsa,ForestDryPoor
47034,Carex divulsa,ForestDryPoor
47035,Carex divulsa,ForestDryPoor
47036,Carex divulsa,ForestDryPoor
47037,Carex divulsa,ForestDryPoor
47038,Carex divulsa,ForestDryPoor
47604,Carex divulsa,ForestDryPoor
47605,Carex divulsa,ForestDryPoor
47606,Carex divulsa,ForestDryPoor
47607,Carex divulsa,ForestDryPoor
47608,Carex divulsa,ForestDryPoor
47609,Carex divulsa,ForestDryPoor
47610,Carex divulsa,ForestDryPoor
47611,Carex divulsa,ForestDryPoor
47612,Carex divulsa,ForestDryPoor
47613,Carex divulsa,ForestDryPoor
47614,Carex divulsa,ForestDryPoor
47615,Carex divulsa,ForestDryPoor
47616,Carex divulsa,ForestDryPoor
47617,Carex divulsa,ForestDryPoor
47618,Carex divulsa,ForestDryPoor
47619,Carex divulsa,ForestDryPoor
47620,Carex divulsa,ForestDryPoor
47621,Carex divulsa,ForestDryPoor
47622,Carex divulsa,ForestDryPoor
47623,Carex divulsa,ForestDryPoor
47624,Carex divulsa,ForestDryPoor
47625,Carex divulsa,ForestDryPoor
47626,Carex divulsa,ForestDryPoor
47627,Carex divulsa,ForestDryPoor
47628,Carex divulsa,ForestDryPoor
47629,Carex divulsa,ForestDryPoor
47630,Carex divulsa,ForestDryPoor
47631,Carex divulsa,ForestDryPoor
47632,Carex divulsa,ForestDryPoor
47633,Carex divulsa,ForestDryPoor
47634,Carex divulsa,ForestDryPoor
47635,Carex divulsa,ForestDryPoor
47636,Carex divulsa,ForestDryPoor
47637,Carex divulsa,ForestDryPoor
48202,Carex divulsa,ForestDryPoor
48203,Carex divulsa,ForestDryPoor
48204,Carex divulsa,ForestDryPoor
48205,Carex divulsa,ForestDryPoor
48206,Carex divulsa,ForestDryPoor
48207,Carex divulsa,ForestDryPoor
48208,Carex divulsa,ForestDryPoor
48209,Carex divulsa,ForestDryPoor
48210,Carex divulsa,ForestDryPoor
48211,Carex divulsa,ForestDryPoor
48212,Carex divulsa,ForestDryPoor
48213,Carex divulsa,ForestDryPoor
48214,Carex divulsa,ForestDryPoor
48215,Carex divulsa,ForestDryPoor
48216,Carex divulsa,ForestDryPoor
48217,Carex divulsa,ForestDryPoor
48218,Carex divulsa,ForestDryPoor
48219,Carex divulsa,ForestDryPoor
48220,Carex divulsa,ForestDryPoor
48221,Carex divulsa,ForestDryPoor
48222,Carex divulsa,ForestDryPoor
48223,Carex divulsa,ForestDryPoor
48224,Carex divulsa,ForestDryPoor
48225,Carex divulsa,ForestDryPoor
48226,Carex divulsa,ForestDryPoor
48227,Carex divulsa,ForestDryPoor
48228,Carex divulsa,ForestDryPoor
48229,Carex divulsa,ForestDryPoor
48230,Carex divulsa,ForestDryPoor
48231,Carex divulsa,ForestDryPoor
48232,Carex divulsa,ForestDryPoor
48233,Carex divulsa,ForestDryPoor
48234,Carex divulsa,ForestDryPoor
48235,Carex divulsa,ForestDryPoor
48236,Carex divulsa,ForestDryPoor
48801,Carex divulsa,ForestDryPoor
48802,Carex divulsa,ForestDryPoor
48803,Carex divulsa,ForestDryPoor
48804,Carex divulsa,ForestDryPoor
48805,Carex divulsa,ForestDryPoor
48806,Carex divulsa,ForestDryPoor
48807,Carex divulsa,ForestDryPoor
48808,Carex divulsa,ForestDryPoor
48809,Carex divulsa,ForestDryPoor
48810,Carex divulsa,ForestDryPoor
48811,Carex divulsa,ForestDryPoor
48812,Carex divulsa,ForestDryPoor
48813,Carex divulsa,ForestDryPoor
48814,Carex divulsa,ForestDryPoor
48815,Carex divulsa,ForestDryPoor
48816,Carex divulsa,ForestDryPoor
48817,Carex divulsa,ForestDryPoor
48818,Carex divulsa,ForestDryPoor
48819,Carex divulsa,ForestDryPoor
48820,Carex divulsa,ForestDryPoor
48821,Carex divulsa,ForestDryPoor
48822,Carex divulsa,ForestDryPoor
48823,Carex divulsa,ForestDryPoor
48824,Carex divulsa,ForestDryPoor
48825,Carex divulsa,ForestDryPoor
48826,Carex divulsa,ForestDryPoor
48827,Carex divulsa,ForestDryPoor
48828,Carex divulsa,ForestDryPoor
48829,Carex divulsa,ForestDryPoor
48830,Carex divulsa,ForestDryPoor
48831,Carex divulsa,ForestDryPoor
48832,Carex divulsa,ForestDryPoor
48833,Carex divulsa,ForestDryPoor
48834,Carex divulsa,ForestDryPoor
48835,Carex divulsa,ForestDryPoor
49399,Carex divulsa,ForestDryPoor
49400,Carex divulsa,ForestDryPoor
49401,Carex divulsa,ForestDryPoor
49402,Carex divulsa,ForestDryPoor
49403,Carex divulsa,ForestDryPoor
49404,Carex divulsa,ForestDryPoor
49405,Carex divulsa,ForestDryPoor
49406,Carex divulsa,ForestDryPoor
49407,Carex divulsa,ForestDryPoor
49408,Carex divulsa,ForestDryPoor
49409,Carex divulsa,ForestDryPoor
49410,Carex divulsa,ForestDryPoor
49411,Carex divulsa,ForestDryPoor
49412,Carex divulsa,ForestDryPoor
49413,Carex divulsa,ForestDryPoor
49414,Carex divulsa,ForestDryPoor
49415,Carex divulsa,ForestDryPoor
49416,Carex divulsa,ForestDryPoor
49417,Carex divulsa,ForestDryPoor
49418,Carex divulsa,ForestDryPoor
49419,Carex divulsa,ForestDryPoor
49420,Carex divulsa,ForestDryPoor
49421,Carex divulsa,ForestDryPoor
49422,Carex divulsa,ForestDryPoor
49423,Carex divulsa,ForestDryPoor
49424,Carex divulsa,ForestDryPoor
49425,Carex divulsa,ForestDryPoor
49426,Carex divulsa,ForestDryPoor
49427,Carex divulsa,ForestDryPoor
49428,Carex divulsa,ForestDryPoor
49429,Carex divulsa,ForestDryPoor
49430,Carex divulsa,ForestDryPoor
49431,Carex divulsa,ForestDryPoor
49432,Carex divulsa,ForestDryPoor
49433,Carex divulsa,ForestDryPoor
49434,Carex divulsa,ForestDryPoor
49997,Carex divulsa,ForestDryPoor
49998,Carex divulsa,ForestDryPoor
49999,Carex divulsa,ForestDryPoor
50000,Carex divulsa,ForestDryPoor
50001,Carex divulsa,ForestDryPoor
50002,Carex divulsa,ForestDryPoor
50003,Carex divulsa,ForestDryPoor
50004,Carex divulsa,ForestDryPoor
50005,Carex divulsa,ForestDryPoor
50006,Carex divulsa,ForestDryPoor
50007,Carex divulsa,ForestDryPoor
50008,Carex divulsa,ForestDryPoor
50009,Carex divulsa,ForestDryPoor
50010,Carex divulsa,ForestDryPoor
50011,Carex divulsa,ForestDryPoor
50012,Carex divulsa,ForestDryPoor
50013,Carex divulsa,ForestDryPoor
50014,Carex divulsa,ForestDryPoor
50015,Carex divulsa,ForestDryPoor
50016,Carex divulsa,ForestDryPoor
50017,Carex divulsa,ForestDryPoor
50018,Carex divulsa,ForestDryPoor
50019,Carex divulsa,ForestDryPoor
50020,Carex divulsa,ForestDryPoor
50021,Carex divulsa,ForestDryPoor
50022,Carex divulsa,ForestDryPoor
50023,Carex divulsa,ForestDryPoor
50024,Carex divulsa,ForestDryPoor
50025,Carex divulsa,ForestDryPoor
50026,Carex divulsa,ForestDryPoor
50027,Carex divulsa,ForestDryPoor
50028,Carex divulsa,ForestDryPoor
50029,Carex divulsa,ForestDryPoor
50030,Carex divulsa,ForestDryPoor
50031,Carex divulsa,ForestDryPoor
50032,Carex divulsa,ForestDryPoor
50033,Carex divulsa,ForestDryPoor
50613,Carex divulsa,ForestDryPoor
50614,Carex divulsa,ForestDryPoor
50615,Carex divulsa,ForestDryPoor
50616,Carex divulsa,ForestDryPoor
50617,Carex divulsa,ForestDryPoor
50618,Carex divulsa,ForestDryPoor
50619,Carex divulsa,ForestDryPoor
50620,Carex divulsa,ForestDryPoor
50621,Carex divulsa,ForestDryPoor
50622,Carex divulsa,ForestDryPoor
50623,Carex divulsa,ForestDryPoor
50624,Carex divulsa,ForestDryPoor
50625,Carex divulsa,ForestDryPoor
50626,Carex divulsa,ForestDryPoor
50627,Carex divulsa,ForestDryPoor
50628,Carex divulsa,ForestDryPoor
50629,Carex divulsa,ForestDryPoor
50630,Carex divulsa,ForestDryPoor
50631,Carex divulsa,ForestDryPoor
50632,Carex divulsa,ForestDryPoor
50673,Carex divulsa,ForestDryPoor
50674,Carex divulsa,ForestDryPoor
51212,Carex divulsa,ForestDryPoor
51213,Carex divulsa,ForestDryPoor
51214,Carex divulsa,ForestDryPoor
51215,Carex divulsa,ForestDryPoor
51216,Carex divulsa,ForestDryPoor
51217,Carex divulsa,ForestDryPoor
51218,Carex divulsa,ForestDryPoor
51219,Carex divulsa,ForestDryPoor
51220,Carex divulsa,ForestDryPoor
51221,Carex divulsa,ForestDryPoor
51222,Carex divulsa,ForestDryPoor
51223,Carex divulsa,ForestDryPoor
51224,Carex divulsa,ForestDryPoor
51225,Carex divulsa,ForestDryPoor
51226,Carex divulsa,ForestDryPoor
51227,Carex divulsa,ForestDryPoor
51228,Carex divulsa,ForestDryPoor
51229,Carex divulsa,ForestDryPoor
51230,Carex divulsa,ForestDryPoor
51231,Carex divulsa,ForestDryPoor
51272,Carex divulsa,ForestDryPoor
51273,Carex divulsa,ForestDryPoor
51811,Carex divulsa,ForestDryPoor
51812,Carex divulsa,ForestDryPoor
51813,Carex divulsa,ForestDryPoor
51814,Carex divulsa,ForestDryPoor
51815,Carex divulsa,ForestDryPoor
51816,Carex divulsa,ForestDryPoor
51817,Carex divulsa,ForestDryPoor
51818,Carex divulsa,ForestDryPoor
51819,Carex divulsa,ForestDryPoor
51820,Carex divulsa,ForestDryPoor
51821,Carex divulsa,ForestDryPoor
51822,Carex divulsa,ForestDryPoor
51823,Carex divulsa,ForestDryPoor
51824,Carex divulsa,ForestDryPoor
51825,Carex divulsa,ForestDryPoor
51826,Carex divulsa,ForestDryPoor
51827,Carex divulsa,ForestDryPoor
51828,Carex divulsa,ForestDryPoor
51829,Carex divulsa,ForestDryPoor
51830,Carex divulsa,ForestDryPoor
51871,Carex divulsa,ForestDryPoor
51872,Carex divulsa,ForestDryPoor
51873,Carex divulsa,ForestDryPoor
52410,Carex divulsa,ForestDryPoor
52411,Carex divulsa,ForestDryPoor
52412,Carex divulsa,ForestDryPoor
52413,Carex divulsa,ForestDryPoor
52414,Carex divulsa,ForestDryPoor
52415,Carex divulsa,ForestDryPoor
52416,Carex divulsa,ForestDryPoor
52417,Carex divulsa,ForestDryPoor
52418,Carex divulsa,ForestDryPoor
52419,Carex divulsa,ForestDryPoor
52420,Carex divulsa,ForestDryPoor
52421,Carex divulsa,ForestDryPoor
52422,Carex divulsa,ForestDryPoor
52423,Carex divulsa,ForestDryPoor
52424,Carex divulsa,ForestDryPoor
52425,Carex divulsa,ForestDryPoor
52426,Carex divulsa,ForestDryPoor
52427,Carex divulsa,ForestDryPoor
52428,Carex divulsa,ForestDryPoor
52429,Carex divulsa,ForestDryPoor
52470,Carex divulsa,ForestDryPoor
52471,Carex divulsa,ForestDryPoor
52472,Carex divulsa,ForestDryPoor
52473,Carex divulsa,ForestDryPoor
53009,Carex divulsa,ForestDryPoor
53010,Carex divulsa,ForestDryPoor
53011,Carex divulsa,ForestDryPoor
53012,Carex divulsa,ForestDryPoor
53013,Carex divulsa,ForestDryPoor
53014,Carex divulsa,ForestDryPoor
53015,Carex divulsa,ForestDryPoor
53016,Carex divulsa,ForestDryPoor
53017,Carex divulsa,ForestDryPoor
53018,Carex divulsa,ForestDryPoor
53019,Carex divulsa,ForestDryPoor
53020,Carex divulsa,ForestDryPoor
53021,Carex divulsa,ForestDryPoor
53022,Carex divulsa,ForestDryPoor
53023,Carex divulsa,ForestDryPoor
53024,Carex divulsa,ForestDryPoor
53025,Carex divulsa,ForestDryPoor
53026,Carex divulsa,ForestDryPoor
53027,Carex divulsa,ForestDryPoor
53028,Carex divulsa,ForestDryPoor
53069,Carex divulsa,ForestDryPoor
53070,Carex divulsa,ForestDryPoor
53071,Carex divulsa,ForestDryPoor
53072,Carex divulsa,ForestDryPoor
53608,Carex divulsa,ForestDryPoor
53609,Carex divulsa,ForestDryPoor
53610,Carex divulsa,ForestDryPoor
53611,Carex divulsa,ForestDryPoor
53612,Carex divulsa,ForestDryPoor
53613,Carex divulsa,ForestDryPoor
53614,Carex divulsa,ForestDryPoor
53615,Carex divulsa,ForestDryPoor
53616,Carex divulsa,ForestDryPoor
53617,Carex divulsa,ForestDryPoor
53618,Carex divulsa,ForestDryPoor
53619,Carex divulsa,ForestDryPoor
53620,Carex divulsa,ForestDryPoor
53621,Carex divulsa,ForestDryPoor
53622,Carex divulsa,ForestDryPoor
53623,Carex divulsa,ForestDryPoor
53624,Carex divulsa,ForestDryPoor
53625,Carex divulsa,ForestDryPoor
53626,Carex divulsa,ForestDryPoor
53627,Carex divulsa,ForestDryPoor
53668,Carex divulsa,ForestDryPoor
53669,Carex divulsa,ForestDryPoor
53670,Carex divulsa,ForestDryPoor
53671,Carex divulsa,ForestDryPoor
53672,Carex divulsa,ForestDryPoor
54207,Carex divulsa,ForestDryPoor
54208,Carex divulsa,ForestDryPoor
54209,Carex divulsa,ForestDryPoor
54210,Carex divulsa,ForestDryPoor
54211,Carex divulsa,ForestDryPoor
54212,Carex divulsa,ForestDryPoor
54213,Carex divulsa,ForestDryPoor
54214,Carex divulsa,ForestDryPoor
54215,Carex divulsa,ForestDryPoor
54216,Carex divulsa,ForestDryPoor
54217,Carex divulsa,ForestDryPoor
54218,Carex divulsa,ForestDryPoor
54219,Carex divulsa,ForestDryPoor
54220,Carex divulsa,ForestDryPoor
54221,Carex divulsa,ForestDryPoor
54222,Carex divulsa,ForestDryPoor
54223,Carex divulsa,ForestDryPoor
54224,Carex divulsa,ForestDryPoor
54225,Carex divulsa,ForestDryPoor
54226,Carex divulsa,ForestDryPoor
54267,Carex divulsa,ForestDryPoor
54268,Carex divulsa,ForestDryPoor
54269,Carex divulsa,ForestDryPoor
54270,Carex divulsa,ForestDryPoor
54271,Carex divulsa,ForestDryPoor
54272,Carex divulsa,ForestDryPoor
54806,Carex divulsa,ForestDryPoor
54807,Carex divulsa,ForestDryPoor
54808,Carex divulsa,ForestDryPoor
54809,Carex divulsa,ForestDryPoor
54810,Carex divulsa,ForestDryPoor
54811,Carex divulsa,ForestDryPoor
54812,Carex divulsa,ForestDryPoor
54813,Carex divulsa,ForestDryPoor
54814,Carex divulsa,ForestDryPoor
54815,Carex divulsa,ForestDryPoor
54816,Carex divulsa,ForestDryPoor
54817,Carex divulsa,ForestDryPoor
54818,Carex divulsa,ForestDryPoor
54819,Carex divulsa,ForestDryPoor
54820,Carex divulsa,ForestDryPoor
54821,Carex divulsa,ForestDryPoor
54822,Carex divulsa,ForestDryPoor
54823,Carex divulsa,ForestDryPoor
54824,Carex divulsa,ForestDryPoor
54825,Carex divulsa,ForestDryPoor
54866,Carex divulsa,ForestDryPoor
54867,Carex divulsa,ForestDryPoor
54868,Carex divulsa,ForestDryPoor
54869,Carex divulsa,ForestDryPoor
54870,Carex divulsa,ForestDryPoor
54871,Carex divulsa,ForestDryPoor
55405,Carex divulsa,ForestDryPoor
55406,Carex divulsa,ForestDryPoor
55407,Carex divulsa,ForestDryPoor
55408,Carex divulsa,ForestDryPoor
55409,Carex divulsa,ForestDryPoor
55410,Carex divulsa,ForestDryPoor
55411,Carex divulsa,ForestDryPoor
55412,Carex divulsa,ForestDryPoor
55413,Carex divulsa,ForestDryPoor
55414,Carex divulsa,ForestDryPoor
55415,Carex divulsa,ForestDryPoor
55416,Carex divulsa,ForestDryPoor
55417,Carex divulsa,ForestDryPoor
55418,Carex divulsa,ForestDryPoor
55419,Carex divulsa,ForestDryPoor
55420,Carex divulsa,ForestDryPoor
55421,Carex divulsa,ForestDryPoor
55422,Carex divulsa,ForestDryPoor
55423,Carex divulsa,ForestDryPoor
55424,Carex divulsa,ForestDryPoor
55465,Carex divulsa,ForestDryPoor
55466,Carex divulsa,ForestDryPoor
55467,Carex divulsa,ForestDryPoor
55468,Carex divulsa,ForestDryPoor
55469,Carex divulsa,ForestDryPoor
55470,Carex divulsa,ForestDryPoor
55471,Carex divulsa,ForestDryPoor
56004,Carex divulsa,ForestDryPoor
56005,Carex divulsa,ForestDryPoor
56006,Carex divulsa,ForestDryPoor
56007,Carex divulsa,ForestDryPoor
56008,Carex divulsa,ForestDryPoor
56009,Carex divulsa,ForestDryPoor
56010,Carex divulsa,ForestDryPoor
56011,Carex divulsa,ForestDryPoor
56012,Carex divulsa,ForestDryPoor
56013,Carex divulsa,ForestDryPoor
56014,Carex divulsa,ForestDryPoor
56015,Carex divulsa,ForestDryPoor
56016,Carex divulsa,ForestDryPoor
56017,Carex divulsa,ForestDryPoor
56018,Carex divulsa,ForestDryPoor
56019,Carex divulsa,ForestDryPoor
56020,Carex divulsa,ForestDryPoor
56021,Carex divulsa,ForestDryPoor
56022,Carex divulsa,ForestDryPoor
56023,Carex divulsa,ForestDryPoor
56064,Carex divulsa,ForestDryPoor
56065,Carex divulsa,ForestDryPoor
56066,Carex divulsa,ForestDryPoor
56067,Carex divulsa,ForestDryPoor
56068,Carex divulsa,ForestDryPoor
56069,Carex divulsa,ForestDryPoor
56070,Carex divulsa,ForestDryPoor
56603,Carex divulsa,ForestDryPoor
56604,Carex divulsa,ForestDryPoor
56605,Carex divulsa,ForestDryPoor
56606,Carex divulsa,ForestDryPoor
56607,Carex divulsa,ForestDryPoor
56608,Carex divulsa,ForestDryPoor
56609,Carex divulsa,ForestDryPoor
56610,Carex divulsa,ForestDryPoor
56611,Carex divulsa,ForestDryPoor
56612,Carex divulsa,ForestDryPoor
56613,Carex divulsa,ForestDryPoor
56614,Carex divulsa,ForestDryPoor
56615,Carex divulsa,ForestDryPoor
56616,Carex divulsa,ForestDryPoor
56617,Carex divulsa,ForestDryPoor
56618,Carex divulsa,ForestDryPoor
56619,Carex divulsa,ForestDryPoor
56620,Carex divulsa,ForestDryPoor
56621,Carex divulsa,ForestDryPoor
56622,Carex divulsa,ForestDryPoor
56663,Carex divulsa,ForestDryPoor
56664,Carex divulsa,ForestDryPoor
56665,Carex divulsa,ForestDryPoor
56666,Carex divulsa,ForestDryPoor
56667,Carex divulsa,ForestDryPoor
56668,Carex divulsa,ForestDryPoor
56669,Carex divulsa,ForestDryPoor
57202,Carex divulsa,ForestDryPoor
57203,Carex divulsa,ForestDryPoor
57204,Carex divulsa,ForestDryPoor
57205,Carex divulsa,ForestDryPoor
57206,Carex divulsa,ForestDryPoor
57207,Carex divulsa,ForestDryPoor
57208,Carex divulsa,ForestDryPoor
57209,Carex divulsa,ForestDryPoor
57210,Carex divulsa,ForestDryPoor
57211,Carex divulsa,ForestDryPoor
57212,Carex divulsa,ForestDryPoor
57213,Carex divulsa,ForestDryPoor
57214,Carex divulsa,ForestDryPoor
57215,Carex divulsa,ForestDryPoor
57216,Carex divulsa,ForestDryPoor
57217,Carex divulsa,ForestDryPoor
57218,Carex divulsa,ForestDryPoor
57219,Carex divulsa,ForestDryPoor
57220,Carex divulsa,ForestDryPoor
57221,Carex divulsa,ForestDryPoor
57262,Carex divulsa,ForestDryPoor
57263,Carex divulsa,ForestDryPoor
57264,Carex divulsa,ForestDryPoor
57265,Carex divulsa,ForestDryPoor
57266,Carex divulsa,ForestDryPoor
57267,Carex divulsa,ForestDryPoor
57268,Carex divulsa,ForestDryPoor
57269,Carex divulsa,ForestDryPoor
57801,Carex divulsa,ForestDryPoor
57802,Carex divulsa,ForestDryPoor
57803,Carex divulsa,ForestDryPoor
57804,Carex divulsa,ForestDryPoor
57805,Carex divulsa,ForestDryPoor
57806,Carex divulsa,ForestDryPoor
57807,Carex divulsa,ForestDryPoor
57808,Carex divulsa,ForestDryPoor
57809,Carex divulsa,ForestDryPoor
57810,Carex divulsa,ForestDryPoor
57811,Carex divulsa,ForestDryPoor
57812,Carex divulsa,ForestDryPoor
57813,Carex divulsa,ForestDryPoor
57814,Carex divulsa,ForestDryPoor
57815,Carex divulsa,ForestDryPoor
57816,Carex divulsa,ForestDryPoor
57817,Carex divulsa,ForestDryPoor
57818,Carex divulsa,ForestDryPoor
57819,Carex divulsa,ForestDryPoor
57820,Carex divulsa,ForestDryPoor
57861,Carex divulsa,ForestDryPoor
57862,Carex divulsa,ForestDryPoor
57863,Carex divulsa,ForestDryPoor
57864,Carex divulsa,ForestDryPoor
57865,Carex divulsa,ForestDryPoor
57866,Carex divulsa,ForestDryPoor
57867,Carex divulsa,ForestDryPoor
57868,Carex divulsa,ForestDryPoor
58400,Carex divulsa,ForestDryPoor
58401,Carex divulsa,ForestDryPoor
58402,Carex divulsa,ForestDryPoor
58403,Carex divulsa,ForestDryPoor
58404,Carex divulsa,ForestDryPoor
58405,Carex divulsa,ForestDryPoor
58406,Carex divulsa,ForestDryPoor
58407,Carex divulsa,ForestDryPoor
58408,Carex divulsa,ForestDryPoor
58409,Carex divulsa,ForestDryPoor
58410,Carex divulsa,ForestDryPoor
58411,Carex divulsa,ForestDryPoor
58412,Carex divulsa,ForestDryPoor
58413,Carex divulsa,ForestDryPoor
58414,Carex divulsa,ForestDryPoor
58415,Carex divulsa,ForestDryPoor
58416,Carex divulsa,ForestDryPoor
58417,Carex divulsa,ForestDryPoor
58418,Carex divulsa,ForestDryPoor
58419,Carex divulsa,ForestDryPoor
58460,Carex divulsa,ForestDryPoor
58461,Carex divulsa,ForestDryPoor
58462,Carex divulsa,ForestDryPoor
58463,Carex divulsa,ForestDryPoor
58464,Carex divulsa,ForestDryPoor
58465,Carex divulsa,ForestDryPoor
58466,Carex divulsa,ForestDryPoor
58467,Carex divulsa,ForestDryPoor
58468,Carex divulsa,ForestDryPoor
58999,Carex divulsa,ForestDryPoor
59000,Carex divulsa,ForestDryPoor
59001,Carex divulsa,ForestDryPoor
59002,Carex divulsa,ForestDryPoor
59003,Carex divulsa,ForestDryPoor
59004,Carex divulsa,ForestDryPoor
59005,Carex divulsa,ForestDryPoor
59006,Carex divulsa,ForestDryPoor
59007,Carex divulsa,ForestDryPoor
59008,Carex divulsa,ForestDryPoor
59009,Carex divulsa,ForestDryPoor
59010,Carex divulsa,ForestDryPoor
59011,Carex divulsa,ForestDryPoor
59012,Carex divulsa,ForestDryPoor
59013,Carex divulsa,ForestDryPoor
59014,Carex divulsa,ForestDryPoor
59015,Carex divulsa,ForestDryPoor
59016,Carex divulsa,ForestDryPoor
59017,Carex divulsa,ForestDryPoor
59018,Carex divulsa,ForestDryPoor
59059,Carex divulsa,ForestDryPoor
59060,Carex divulsa,ForestDryPoor
59061,Carex divulsa,ForestDryPoor
59062,Carex divulsa,ForestDryPoor
59063,Carex divulsa,ForestDryPoor
59064,Carex divulsa,ForestDryPoor
59065,Carex divulsa,ForestDryPoor
59066,Carex divulsa,ForestDryPoor
59067,Carex divulsa,ForestDryPoor
59598,Carex divulsa,ForestDryPoor
59599,Carex divulsa,ForestDryPoor
59600,Carex divulsa,ForestDryPoor
59601,Carex divulsa,ForestDryPoor
59602,Carex divulsa,ForestDryPoor
59603,Carex divulsa,ForestDryPoor
59604,Carex divulsa,ForestDryPoor
59605,Carex divulsa,ForestDryPoor
59606,Carex divulsa,ForestDryPoor
59607,Carex divulsa,ForestDryPoor
59608,Carex divulsa,ForestDryPoor
59609,Carex divulsa,ForestDryPoor
59610,Carex divulsa,ForestDryPoor
59611,Carex divulsa,ForestDryPoor
59612,Carex divulsa,ForestDryPoor
59613,Carex divulsa,ForestDryPoor
59614,Carex divulsa,ForestDryPoor
59615,Carex divulsa,ForestDryPoor
59616,Carex divulsa,ForestDryPoor
59617,Carex divulsa,ForestDryPoor
59658,Carex divulsa,ForestDryPoor
59659,Carex divulsa,ForestDryPoor
59660,Carex divulsa,ForestDryPoor
59661,Carex divulsa,ForestDryPoor
59662,Carex divulsa,ForestDryPoor
59663,Carex divulsa,ForestDryPoor
59664,Carex divulsa,ForestDryPoor
59665,Carex divulsa,ForestDryPoor
59666,Carex divulsa,ForestDryPoor
59667,Carex divulsa,ForestDryPoor
60197,Carex divulsa,ForestDryPoor
60198,Carex divulsa,ForestDryPoor
60199,Carex divulsa,ForestDryPoor
60200,Carex divulsa,ForestDryPoor
60201,Carex divulsa,ForestDryPoor
60202,Carex divulsa,ForestDryPoor
60203,Carex divulsa,ForestDryPoor
60204,Carex divulsa,ForestDryPoor
60205,Carex divulsa,ForestDryPoor
60206,Carex divulsa,ForestDryPoor
60207,Carex divulsa,ForestDryPoor
60208,Carex divulsa,ForestDryPoor
60209,Carex divulsa,ForestDryPoor
60210,Carex divulsa,ForestDryPoor
60211,Carex divulsa,ForestDryPoor
60212,Carex divulsa,ForestDryPoor
60213,Carex divulsa,ForestDryPoor
60214,Carex divulsa,ForestDryPoor
60215,Carex divulsa,ForestDryPoor
60216,Carex divulsa,ForestDryPoor
60257,Carex divulsa,ForestDryPoor
60258,Carex divulsa,ForestDryPoor
60259,Carex divulsa,ForestDryPoor
60260,Carex divulsa,ForestDryPoor
60261,Carex divulsa,ForestDryPoor
60262,Carex divulsa,ForestDryPoor
60263,Carex divulsa,ForestDryPoor
60264,Carex divulsa,ForestDryPoor
60265,Carex divulsa,ForestDryPoor
60266,Carex divulsa,ForestDryPoor
60796,Carex divulsa,ForestDryPoor
60797,Carex divulsa,ForestDryPoor
60798,Carex divulsa,ForestDryPoor
60799,Carex divulsa,ForestDryPoor
60800,Carex divulsa,ForestDryPoor
60801,Carex divulsa,ForestDryPoor
60802,Carex divulsa,ForestDryPoor
60803,Carex divulsa,ForestDryPoor
60804,Carex divulsa,ForestDryPoor
60805,Carex divulsa,ForestDryPoor
60806,Carex divulsa,ForestDryPoor
60807,Carex divulsa,ForestDryPoor
60808,Carex divulsa,ForestDryPoor
60809,Carex divulsa,ForestDryPoor
60810,Carex divulsa,ForestDryPoor
60811,Carex divulsa,ForestDryPoor
60812,Carex divulsa,ForestDryPoor
60813,Carex divulsa,ForestDryPoor
60814,Carex divulsa,ForestDryPoor
60815,Carex divulsa,ForestDryPoor
60856,Carex divulsa,ForestDryPoor
60857,Carex divulsa,ForestDryPoor
60858,Carex divulsa,ForestDryPoor
60859,Carex divulsa,ForestDryPoor
60860,Carex divulsa,ForestDryPoor
60861,Carex divulsa,ForestDryPoor
60862,Carex divulsa,ForestDryPoor
60863,Carex divulsa,ForestDryPoor
60864,Carex divulsa,ForestDryPoor
60865,Carex divulsa,ForestDryPoor
61395,Carex divulsa,ForestDryPoor
61396,Carex divulsa,ForestDryPoor
61397,Carex divulsa,ForestDryPoor
61398,Carex divulsa,ForestDryPoor
61399,Carex divulsa,ForestDryPoor
61400,Carex divulsa,ForestDryPoor
61401,Carex divulsa,ForestDryPoor
61402,Carex divulsa,ForestDryPoor
61403,Carex divulsa,ForestDryPoor
61404,Carex divulsa,ForestDryPoor
61405,Carex divulsa,ForestDryPoor
61406,Carex divulsa,ForestDryPoor
61407,Carex divulsa,ForestDryPoor
61408,Carex divulsa,ForestDryPoor
61409,Carex divulsa,ForestDryPoor
61410,Carex divulsa,ForestDryPoor
61411,Carex divulsa,ForestDryPoor
61412,Carex divulsa,ForestDryPoor
61413,Carex divulsa,ForestDryPoor
61414,Carex divulsa,ForestDryPoor
61455,Carex divulsa,ForestDryPoor
61456,Carex divulsa,ForestDryPoor
61457,Carex divulsa,ForestDryPoor
61458,Carex divulsa,ForestDryPoor
61459,Carex divulsa,ForestDryPoor
61460,Carex divulsa,ForestDryPoor
61461,Carex divulsa,ForestDryPoor
61462,Carex divulsa,ForestDryPoor
61463,Carex divulsa,ForestDryPoor
61464,Carex divulsa,ForestDryPoor
61994,Carex divulsa,ForestDryPoor
61995,Carex divulsa,ForestDryPoor
61996,Carex divulsa,ForestDryPoor
61997,Carex divulsa,ForestDryPoor
61998,Carex divulsa,ForestDryPoor
61999,Carex divulsa,ForestDryPoor
62000,Carex divulsa,ForestDryPoor
62001,Carex divulsa,ForestDryPoor
62002,Carex divulsa,ForestDryPoor
62003,Carex divulsa,ForestDryPoor
62004,Carex divulsa,ForestDryPoor
62005,Carex divulsa,ForestDryPoor
62006,Carex divulsa,ForestDryPoor
62007,Carex divulsa,ForestDryPoor
62008,Carex divulsa,ForestDryPoor
62009,Carex divulsa,ForestDryPoor
62010,Carex divulsa,ForestDryPoor
62011,Carex divulsa,ForestDryPoor
62012,Carex divulsa,ForestDryPoor
62013,Carex divulsa,ForestDryPoor
62054,Carex divulsa,ForestDryPoor
62055,Carex divulsa,ForestDryPoor
62056,Carex divulsa,ForestDryPoor
62057,Carex divulsa,ForestDryPoor
62058,Carex divulsa,ForestDryPoor
62059,Carex divulsa,ForestDryPoor
62060,Carex divulsa,ForestDryPoor
62061,Carex divulsa,ForestDryPoor
62062,Carex divulsa,ForestDryPoor
62063,Carex divulsa,ForestDryPoor
62593,Carex divulsa,ForestDryPoor
62594,Carex divulsa,ForestDryPoor
62595,Carex divulsa,ForestDryPoor
62596,Carex divulsa,ForestDryPoor
62597,Carex divulsa,ForestDryPoor
62598,Carex divulsa,ForestDryPoor
62599,Carex divulsa,ForestDryPoor
62600,Carex divulsa,ForestDryPoor
62601,Carex divulsa,ForestDryPoor
62602,Carex divulsa,ForestDryPoor
62603,Carex divulsa,ForestDryPoor
62604,Carex divulsa,ForestDryPoor
62605,Carex divulsa,ForestDryPoor
62606,Carex divulsa,ForestDryPoor
62607,Carex divulsa,ForestDryPoor
62608,Carex divulsa,ForestDryPoor
62609,Carex divulsa,ForestDryPoor
62610,Carex divulsa,ForestDryPoor
62611,Carex divulsa,ForestDryPoor
62612,Carex divulsa,ForestDryPoor
63192,Carex divulsa,ForestDryPoor
63193,Carex divulsa,ForestDryPoor
63194,Carex divulsa,ForestDryPoor
63195,Carex divulsa,ForestDryPoor
63196,Carex divulsa,ForestDryPoor
63197,Carex divulsa,ForestDryPoor
63198,Carex divulsa,ForestDryPoor
63199,Carex divulsa,ForestDryPoor
63200,Carex divulsa,ForestDryPoor
63201,Carex divulsa,ForestDryPoor
63202,Carex divulsa,ForestDryPoor
63203,Carex divulsa,ForestDryPoor
63204,Carex divulsa,ForestDryPoor
63205,Carex divulsa,ForestDryPoor
63206,Carex divulsa,ForestDryPoor
63207,Carex divulsa,ForestDryPoor
63208,Carex divulsa,ForestDryPoor
63209,Carex divulsa,ForestDryPoor
63210,Carex divulsa,ForestDryPoor
63211,Carex divulsa,ForestDryPoor
63791,Carex divulsa,ForestDryPoor
63792,Carex divulsa,ForestDryPoor
63793,Carex divulsa,ForestDryPoor
63794,Carex divulsa,ForestDryPoor
63795,Carex divulsa,ForestDryPoor
63796,Carex divulsa,ForestDryPoor
63797,Carex divulsa,ForestDryPoor
63798,Carex divulsa,ForestDryPoor
63799,Carex divulsa,ForestDryPoor
63800,Carex divulsa,ForestDryPoor
63801,Carex divulsa,ForestDryPoor
63802,Carex divulsa,ForestDryPoor
63803,Carex divulsa,ForestDryPoor
63804,Carex divulsa,ForestDryPoor
63805,Carex divulsa,ForestDryPoor
63806,Carex divulsa,ForestDryPoor
63807,Carex divulsa,ForestDryPoor
63808,Carex divulsa,ForestDryPoor
63809,Carex divulsa,ForestDryPoor
63810,Carex divulsa,ForestDryPoor
64390,Carex divulsa,ForestDryPoor
64391,Carex divulsa,ForestDryPoor
64392,Carex divulsa,ForestDryPoor
64393,Carex divulsa,ForestDryPoor
64394,Carex divulsa,ForestDryPoor
64395,Carex divulsa,ForestDryPoor
64396,Carex divulsa,ForestDryPoor
64397,Carex divulsa,ForestDryPoor
64398,Carex divulsa,ForestDryPoor
64399,Carex divulsa,ForestDryPoor
64400,Carex divulsa,ForestDryPoor
64401,Carex divulsa,ForestDryPoor
64402,Carex divulsa,ForestDryPoor
64403,Carex divulsa,ForestDryPoor
64404,Carex divulsa,ForestDryPoor
64405,Carex divulsa,ForestDryPoor
64406,Carex divulsa,ForestDryPoor
64407,Carex divulsa,ForestDryPoor
64408,Carex divulsa,ForestDryPoor
64409,Carex divulsa,ForestDryPoor
64989,Carex divulsa,ForestDryPoor
64990,Carex divulsa,ForestDryPoor
64991,Carex divulsa,ForestDryPoor
64992,Carex divulsa,ForestDryPoor
64993,Carex divulsa,ForestDryPoor
64994,Carex divulsa,ForestDryPoor
64995,Carex divulsa,ForestDryPoor
64996,Carex divulsa,ForestDryPoor
64997,Carex divulsa,ForestDryPoor
64998,Carex divulsa,ForestDryPoor
64999,Carex divulsa,ForestDryPoor
65000,Carex divulsa,ForestDryPoor
65001,Carex divulsa,ForestDryPoor
65002,Carex divulsa,ForestDryPoor
65003,Carex divulsa,ForestDryPoor
65004,Carex divulsa,ForestDryPoor
65005,Carex divulsa,ForestDryPoor
65006,Carex divulsa,ForestDryPoor
65007,Carex divulsa,ForestDryPoor
65008,Carex divulsa,ForestDryPoor
65588,Carex divulsa,ForestDryPoor
65589,Carex divulsa,ForestDryPoor
65590,Carex divulsa,ForestDryPoor
65591,Carex divulsa,ForestDryPoor
65592,Carex divulsa,ForestDryPoor
65593,Carex divulsa,ForestDryPoor
65594,Carex divulsa,ForestDryPoor
65595,Carex divulsa,ForestDryPoor
65596,Carex divulsa,ForestDryPoor
65597,Carex divulsa,ForestDryPoor
65598,Carex divulsa,ForestDryPoor
65599,Carex divulsa,ForestDryPoor
65600,Carex divulsa,ForestDryPoor
65601,Carex divulsa,ForestDryPoor
65602,Carex divulsa,ForestDryPoor
65603,Carex divulsa,ForestDryPoor
65604,Carex divulsa,ForestDryPoor
65605,Carex divulsa,ForestDryPoor
65606,Carex divulsa,ForestDryPoor
65607,Carex divulsa,ForestDryPoor
66187,Carex divulsa,ForestDryPoor
66188,Carex divulsa,ForestDryPoor
66189,Carex divulsa,ForestDryPoor
66190,Carex divulsa,ForestDryPoor
66191,Carex divulsa,ForestDryPoor
66192,Carex divulsa,ForestDryPoor
66193,Carex divulsa,ForestDryPoor
66194,Carex divulsa,ForestDryPoor
66195,Carex divulsa,ForestDryPoor
66196,Carex divulsa,ForestDryPoor
66197,Carex divulsa,ForestDryPoor
66198,Carex divulsa,ForestDryPoor
66199,Carex divulsa,ForestDryPoor
66200,Carex divulsa,ForestDryPoor
66201,Carex divulsa,ForestDryPoor
66202,Carex divulsa,ForestDryPoor
66203,Carex divulsa,ForestDryPoor
66204,Carex divulsa,ForestDryPoor
66205,Carex divulsa,ForestDryPoor
66206,Carex divulsa,ForestDryPoor
66786,Carex divulsa,ForestDryPoor
66787,Carex divulsa,ForestDryPoor
66788,Carex divulsa,ForestDryPoor
66789,Carex divulsa,ForestDryPoor
66790,Carex divulsa,ForestDryPoor
66791,Carex divulsa,ForestDryPoor
66792,Carex divulsa,ForestDryPoor
66793,Carex divulsa,ForestDryPoor
66794,Carex divulsa,ForestDryPoor
66795,Carex divulsa,ForestDryPoor
66796,Carex divulsa,ForestDryPoor
66797,Carex divulsa,ForestDryPoor
66798,Carex divulsa,ForestDryPoor
66799,Carex divulsa,ForestDryPoor
66800,Carex divulsa,ForestDryPoor
66801,Carex divulsa,ForestDryPoor
66802,Carex divulsa,ForestDryPoor
66803,Carex divulsa,ForestDryPoor
66804,Carex divulsa,ForestDryPoor
66805,Carex divulsa,ForestDryPoor
67385,Carex divulsa,ForestDryPoor
67386,Carex divulsa,ForestDryPoor
67387,Carex divulsa,ForestDryPoor
67388,Carex divulsa,ForestDryPoor
67389,Carex divulsa,ForestDryPoor
67390,Carex divulsa,ForestDryPoor
67391,Carex divulsa,ForestDryPoor
67392,Carex divulsa,ForestDryPoor
67393,Carex divulsa,ForestDryPoor
67394,Carex divulsa,ForestDryPoor
67395,Carex divulsa,ForestDryPoor
67396,Carex divulsa,ForestDryPoor
67397,Carex divulsa,ForestDryPoor
67398,Carex divulsa,ForestDryPoor
67399,Carex divulsa,ForestDryPoor
67400,Carex divulsa,ForestDryPoor
67401,Carex divulsa,ForestDryPoor
67402,Carex divulsa,ForestDryPoor
67403,Carex divulsa,ForestDryPoor
67404,Carex divulsa,ForestDryPoor
67984,Carex divulsa,ForestDryPoor
67985,Carex divulsa,ForestDryPoor
67986,Carex divulsa,ForestDryPoor
67987,Carex divulsa,ForestDryPoor
67988,Carex divulsa,ForestDryPoor
67989,Carex divulsa,ForestDryPoor
67990,Carex divulsa,ForestDryPoor
67991,Carex divulsa,ForestDryPoor
67992,Carex divulsa,ForestDryPoor
67993,Carex divulsa,ForestDryPoor
67994,Carex divulsa,ForestDryPoor
67995,Carex divulsa,ForestDryPoor
67996,Carex divulsa,ForestDryPoor
67997,Carex divulsa,ForestDryPoor
67998,Carex divulsa,ForestDryPoor
67999,Carex divulsa,ForestDryPoor
68000,Carex divulsa,ForestDryPoor
68001,Carex divulsa,ForestDryPoor
68002,Carex divulsa,ForestDryPoor
68003,Carex divulsa,ForestDryPoor
68583,Carex divulsa,ForestDryPoor
68584,Carex divulsa,ForestDryPoor
68585,Carex divulsa,ForestDryPoor
68586,Carex divulsa,ForestDryPoor
68587,Carex divulsa,ForestDryPoor
68588,Carex divulsa,ForestDryPoor
68589,Carex divulsa,ForestDryPoor
68590,Carex divulsa,ForestDryPoor
68591,Carex divulsa,ForestDryPoor
68592,Carex divulsa,ForestDryPoor
68593,Carex divulsa,ForestDryPoor
68594,Carex divulsa,ForestDryPoor
68595,Carex divulsa,ForestDryPoor
68596,Carex divulsa,ForestDryPoor
68597,Carex divulsa,ForestDryPoor
68598,Carex divulsa,ForestDryPoor
68599,Carex divulsa,ForestDryPoor
68600,Carex divulsa,ForestDryPoor
68601,Carex divulsa,ForestDryPoor
68602,Carex divulsa,ForestDryPoor
69182,Carex divulsa,ForestDryPoor
69183,Carex divulsa,ForestDryPoor
69184,Carex divulsa,ForestDryPoor
69185,Carex divulsa,ForestDryPoor
69186,Carex divulsa,ForestDryPoor
69187,Carex divulsa,ForestDryPoor
69188,Carex divulsa,ForestDryPoor
69189,Carex divulsa,ForestDryPoor
69190,Carex divulsa,ForestDryPoor
69191,Carex divulsa,ForestDryPoor
69192,Carex divulsa,ForestDryPoor
69193,Carex divulsa,ForestDryPoor
69194,Carex divulsa,ForestDryPoor
69195,Carex divulsa,ForestDryPoor
69196,Carex divulsa,ForestDryPoor
69197,Carex divulsa,ForestDryPoor
69198,Carex divulsa,ForestDryPoor
69199,Carex divulsa,ForestDryPoor
69200,Carex divulsa,ForestDryPoor
69201,Carex divulsa,ForestDryPoor
69781,Carex divulsa,ForestDryPoor
69782,Carex divulsa,ForestDryPoor
69783,Carex divulsa,ForestDryPoor
69784,Carex divulsa,ForestDryPoor
69785,Carex divulsa,ForestDryPoor
69786,Carex divulsa,ForestDryPoor
69787,Carex divulsa,ForestDryPoor
69788,Carex divulsa,ForestDryPoor
69789,Carex divulsa,ForestDryPoor
69790,Carex divulsa,ForestDryPoor
69791,Carex divulsa,ForestDryPoor
69792,Carex divulsa,ForestDryPoor
69793,Carex divulsa,ForestDryPoor
69794,Carex divulsa,ForestDryPoor
69795,Carex divulsa,ForestDryPoor
69796,Carex divulsa,ForestDryPoor
69797,Carex divulsa,ForestDryPoor
69798,Carex divulsa,ForestDryPoor
69799,Carex divulsa,ForestDryPoor
69800,Carex divulsa,ForestDryPoor
70380,Carex divulsa,ForestDryPoor
70381,Carex divulsa,ForestDryPoor
70382,Carex divulsa,ForestDryPoor
70383,Carex divulsa,ForestDryPoor
70384,Carex divulsa,ForestDryPoor
70385,Carex divulsa,ForestDryPoor
70386,Carex divulsa,ForestDryPoor
70387,Carex divulsa,ForestDryPoor
70388,Carex divulsa,ForestDryPoor
70389,Carex divulsa,ForestDryPoor
70390,Carex divulsa,ForestDryPoor
70391,Carex divulsa,ForestDryPoor
70392,Carex divulsa,ForestDryPoor
70393,Carex divulsa,ForestDryPoor
70394,Carex divulsa,ForestDryPoor
70395,Carex divulsa,ForestDryPoor
70396,Carex divulsa,ForestDryPoor
70397,Carex divulsa,ForestDryPoor
70398,Carex divulsa,ForestDryPoor
70399,Carex divulsa,ForestDryPoor
70979,Carex divulsa,ForestDryPoor
70980,Carex divulsa,ForestDryPoor
70981,Carex divulsa,ForestDryPoor
70982,Carex divulsa,ForestDryPoor
70983,Carex divulsa,ForestDryPoor
70984,Carex divulsa,ForestDryPoor
70985,Carex divulsa,ForestDryPoor
70986,Carex divulsa,ForestDryPoor
70987,Carex divulsa,ForestDryPoor
70988,Carex divulsa,ForestDryPoor
70989,Carex divulsa,ForestDryPoor
70990,Carex divulsa,ForestDryPoor
70991,Carex divulsa,ForestDryPoor
70992,Carex divulsa,ForestDryPoor
70993,Carex divulsa,ForestDryPoor
70994,Carex divulsa,ForestDryPoor
70995,Carex divulsa,ForestDryPoor
70996,Carex divulsa,ForestDryPoor
70997,Carex divulsa,ForestDryPoor
70998,Carex divulsa,ForestDryPoor
71578,Carex divulsa,ForestDryPoor
71579,Carex divulsa,ForestDryPoor
71580,Carex divulsa,ForestDryPoor
71581,Carex divulsa,ForestDryPoor
71582,Carex divulsa,ForestDryPoor
71583,Carex divulsa,ForestDryPoor
71584,Carex divulsa,ForestDryPoor
71585,Carex divulsa,ForestDryPoor
71586,Carex divulsa,ForestDryPoor
71587,Carex divulsa,ForestDryPoor
71588,Carex divulsa,ForestDryPoor
71589,Carex divulsa,ForestDryPoor
71590,Carex divulsa,ForestDryPoor
71591,Carex divulsa,ForestDryPoor
71592,Carex divulsa,ForestDryPoor
71593,Carex divulsa,ForestDryPoor
71594,Carex divulsa,ForestDryPoor
71595,Carex divulsa,ForestDryPoor
71596,Carex divulsa,ForestDryPoor
71597,Carex divulsa,ForestDryPoor
72177,Carex divulsa,ForestDryPoor
72178,Carex divulsa,ForestDryPoor
72179,Carex divulsa,ForestDryPoor
72180,Carex divulsa,ForestDryPoor
72181,Carex divulsa,ForestDryPoor
72182,Carex divulsa,ForestDryPoor
72183,Carex divulsa,ForestDryPoor
72184,Carex divulsa,ForestDryPoor
72185,Carex divulsa,ForestDryPoor
72186,Carex divulsa,ForestDryPoor
72187,Carex divulsa,ForestDryPoor
72188,Carex divulsa,ForestDryPoor
72189,Carex divulsa,ForestDryPoor
72190,Carex divulsa,ForestDryPoor
72191,Carex divulsa,ForestDryPoor
72192,Carex divulsa,ForestDryPoor
72193,Carex divulsa,ForestDryPoor
72194,Carex divulsa,ForestDryPoor
72195,Carex divulsa,ForestDryPoor
72196,Carex divulsa,ForestDryPoor
72776,Carex divulsa,ForestDryPoor
72777,Carex divulsa,ForestDryPoor
72778,Carex divulsa,ForestDryPoor
72779,Carex divulsa,ForestDryPoor
72780,Carex divulsa,ForestDryPoor
72781,Carex divulsa,ForestDryPoor
72782,Carex divulsa,ForestDryPoor
72783,Carex divulsa,ForestDryPoor
72784,Carex divulsa,ForestDryPoor
72785,Carex divulsa,ForestDryPoor
72786,Carex divulsa,ForestDryPoor
72787,Carex divulsa,ForestDryPoor
72788,Carex divulsa,ForestDryPoor
72789,Carex divulsa,ForestDryPoor
72790,Carex divulsa,ForestDryPoor
72791,Carex divulsa,ForestDryPoor
72792,Carex divulsa,ForestDryPoor
72793,Carex divulsa,ForestDryPoor
72794,Carex divulsa,ForestDryPoor
72795,Carex divulsa,ForestDryPoor
73375,Carex divulsa,ForestDryPoor
73376,Carex divulsa,ForestDryPoor
73377,Carex divulsa,ForestDryPoor
73378,Carex divulsa,ForestDryPoor
73379,Carex divulsa,ForestDryPoor
73380,Carex divulsa,ForestDryPoor
73381,Carex divulsa,ForestDryPoor
73382,Carex divulsa,ForestDryPoor
73383,Carex divulsa,ForestDryPoor
73384,Carex divulsa,ForestDryPoor
73385,Carex divulsa,ForestDryPoor
73386,Carex divulsa,ForestDryPoor
73387,Carex divulsa,ForestDryPoor
73388,Carex divulsa,ForestDryPoor
73389,Carex divulsa,ForestDryPoor
73390,Carex divulsa,ForestDryPoor
73391,Carex divulsa,ForestDryPoor
73392,Carex divulsa,ForestDryPoor
73393,Carex divulsa,ForestDryPoor
73394,Carex divulsa,ForestDryPoor
73974,Carex divulsa,ForestDryPoor
73975,Carex divulsa,ForestDryPoor
73976,Carex divulsa,ForestDryPoor
73977,Carex divulsa,ForestDryPoor
73978,Carex divulsa,ForestDryPoor
73979,Carex divulsa,ForestDryPoor
73980,Carex divulsa,ForestDryPoor
73981,Carex divulsa,ForestDryPoor
73982,Carex divulsa,ForestDryPoor
73983,Carex divulsa,ForestDryPoor
73984,Carex divulsa,ForestDryPoor
73985,Carex divulsa,ForestDryPoor
73986,Carex divulsa,ForestDryPoor
73987,Carex divulsa,ForestDryPoor
73988,Carex divulsa,ForestDryPoor
73989,Carex divulsa,ForestDryPoor
73990,Carex divulsa,ForestDryPoor
73991,Carex divulsa,ForestDryPoor
73992,Carex divulsa,ForestDryPoor
73993,Carex divulsa,ForestDryPoor
74593,Carex divulsa,ForestDryPoor
74594,Carex divulsa,ForestDryPoor
74595,Carex divulsa,ForestDryPoor
74596,Carex divulsa,ForestDryPoor
74597,Carex divulsa,ForestDryPoor
74598,Carex divulsa,ForestDryPoor
74599,Carex divulsa,ForestDryPoor
74600,Carex divulsa,ForestDryPoor
74601,Carex divulsa,ForestDryPoor
74602,Carex divulsa,ForestDryPoor
74603,Carex divulsa,ForestDryPoor
74604,Carex divulsa,ForestDryPoor
74605,Carex divulsa,ForestDryPoor
74606,Carex divulsa,ForestDryPoor
74607,Carex divulsa,ForestDryPoor
74608,Carex divulsa,ForestDryPoor
74609,Carex divulsa,ForestDryPoor
74610,Carex divulsa,ForestDryPoor
74611,Carex divulsa,ForestDryPoor
74612,Carex divulsa,ForestDryPoor
75192,Carex divulsa,ForestDryPoor
75193,Carex divulsa,ForestDryPoor
75194,Carex divulsa,ForestDryPoor
75195,Carex divulsa,ForestDryPoor
75196,Carex divulsa,ForestDryPoor
75197,Carex divulsa,ForestDryPoor
75198,Carex divulsa,ForestDryPoor
75199,Carex divulsa,ForestDryPoor
75200,Carex divulsa,ForestDryPoor
75201,Carex divulsa,ForestDryPoor
75202,Carex divulsa,ForestDryPoor
75203,Carex divulsa,ForestDryPoor
75204,Carex divulsa,ForestDryPoor
75205,Carex divulsa,ForestDryPoor
75206,Carex divulsa,ForestDryPoor
75207,Carex divulsa,ForestDryPoor
75208,Carex divulsa,ForestDryPoor
75209,Carex divulsa,ForestDryPoor
75210,Carex divulsa,ForestDryPoor
75211,Carex divulsa,ForestDryPoor
75791,Carex divulsa,ForestDryPoor
75792,Carex divulsa,ForestDryPoor
75793,Carex divulsa,ForestDryPoor
75794,Carex divulsa,ForestDryPoor
75795,Carex divulsa,ForestDryPoor
75796,Carex divulsa,ForestDryPoor
75797,Carex divulsa,ForestDryPoor
75798,Carex divulsa,ForestDryPoor
75799,Carex divulsa,ForestDryPoor
75800,Carex divulsa,ForestDryPoor
75801,Carex divulsa,ForestDryPoor
75802,Carex divulsa,ForestDryPoor
75803,Carex divulsa,ForestDryPoor
75804,Carex divulsa,ForestDryPoor
75805,Carex divulsa,ForestDryPoor
75806,Carex divulsa,ForestDryPoor
75807,Carex divulsa,ForestDryPoor
75808,Carex divulsa,ForestDryPoor
75809,Carex divulsa,ForestDryPoor
75810,Carex divulsa,ForestDryPoor
76390,Carex divulsa,ForestDryPoor
76391,Carex divulsa,ForestDryPoor
76392,Carex divulsa,ForestDryPoor
76393,Carex divulsa,ForestDryPoor
76394,Carex divulsa,ForestDryPoor
76395,Carex divulsa,ForestDryPoor
76396,Carex divulsa,ForestDryPoor
76397,Carex divulsa,ForestDryPoor
76398,Carex divulsa,ForestDryPoor
76399,Carex divulsa,ForestDryPoor
76400,Carex divulsa,ForestDryPoor
76401,Carex divulsa,ForestDryPoor
76402,Carex divulsa,ForestDryPoor
76403,Carex divulsa,ForestDryPoor
76404,Carex divulsa,ForestDryPoor
76405,Carex divulsa,ForestDryPoor
76406,Carex divulsa,ForestDryPoor
76407,Carex divulsa,ForestDryPoor
76408,Carex divulsa,ForestDryPoor
76409,Carex divulsa,ForestDryPoor
76989,Carex divulsa,ForestDryPoor
76990,Carex divulsa,ForestDryPoor
76991,Carex divulsa,ForestDryPoor
76992,Carex divulsa,ForestDryPoor
76993,Carex divulsa,ForestDryPoor
76994,Carex divulsa,ForestDryPoor
76995,Carex divulsa,ForestDryPoor
76996,Carex divulsa,ForestDryPoor
76997,Carex divulsa,ForestDryPoor
76998,Carex divulsa,ForestDryPoor
76999,Carex divulsa,ForestDryPoor
77000,Carex divulsa,ForestDryPoor
77001,Carex divulsa,ForestDryPoor
77002,Carex divulsa,ForestDryPoor
77003,Carex divulsa,ForestDryPoor
77004,Carex divulsa,ForestDryPoor
77005,Carex divulsa,ForestDryPoor
77006,Carex divulsa,ForestDryPoor
77007,Carex divulsa,ForestDryPoor
77008,Carex divulsa,ForestDryPoor
77588,Carex divulsa,ForestDryPoor
77589,Carex divulsa,ForestDryPoor
77590,Carex divulsa,ForestDryPoor
77591,Carex divulsa,ForestDryPoor
77592,Carex divulsa,ForestDryPoor
77593,Carex divulsa,ForestDryPoor
77594,Carex divulsa,ForestDryPoor
77595,Carex divulsa,ForestDryPoor
77596,Carex divulsa,ForestDryPoor
77597,Carex divulsa,ForestDryPoor
77598,Carex divulsa,ForestDryPoor
77599,Carex divulsa,ForestDryPoor
77600,Carex divulsa,ForestDryPoor
77601,Carex divulsa,ForestDryPoor
77602,Carex divulsa,ForestDryPoor
77603,Carex divulsa,ForestDryPoor
77604,Carex divulsa,ForestDryPoor
77605,Carex divulsa,ForestDryPoor
77606,Carex divulsa,ForestDryPoor
77607,Carex divulsa,ForestDryPoor
78187,Carex divulsa,ForestDryPoor
78188,Carex divulsa,ForestDryPoor
78189,Carex divulsa,ForestDryPoor
78190,Carex divulsa,ForestDryPoor
78191,Carex divulsa,ForestDryPoor
78192,Carex divulsa,ForestDryPoor
78193,Carex divulsa,ForestDryPoor
78194,Carex divulsa,ForestDryPoor
78195,Carex divulsa,ForestDryPoor
78196,Carex divulsa,ForestDryPoor
78197,Carex divulsa,ForestDryPoor
78198,Carex divulsa,ForestDryPoor
78199,Carex divulsa,ForestDryPoor
78200,Carex divulsa,ForestDryPoor
78201,Carex divulsa,ForestDryPoor
78202,Carex divulsa,ForestDryPoor
78203,Carex divulsa,ForestDryPoor
78204,Carex divulsa,ForestDryPoor
78205,Carex divulsa,ForestDryPoor
78206,Carex divulsa,ForestDryPoor
78786,Carex divulsa,ForestDryPoor
78787,Carex divulsa,ForestDryPoor
78788,Carex divulsa,ForestDryPoor
78789,Carex divulsa,ForestDryPoor
78790,Carex divulsa,ForestDryPoor
78791,Carex divulsa,ForestDryPoor
78792,Carex divulsa,ForestDryPoor
78793,Carex divulsa,ForestDryPoor
78794,Carex divulsa,ForestDryPoor
78795,Carex divulsa,ForestDryPoor
78796,Carex divulsa,ForestDryPoor
78797,Carex divulsa,ForestDryPoor
78798,Carex divulsa,ForestDryPoor
78799,Carex divulsa,ForestDryPoor
78800,Carex divulsa,ForestDryPoor
78801,Carex divulsa,ForestDryPoor
78802,Carex divulsa,ForestDryPoor
78803,Carex divulsa,ForestDryPoor
78804,Carex divulsa,ForestDryPoor
78805,Carex divulsa,ForestDryPoor
79385,Carex divulsa,ForestDryPoor
79386,Carex divulsa,ForestDryPoor
79387,Carex divulsa,ForestDryPoor
79388,Carex divulsa,ForestDryPoor
79389,Carex divulsa,ForestDryPoor
79390,Carex divulsa,ForestDryPoor
79391,Carex divulsa,ForestDryPoor
79392,Carex divulsa,ForestDryPoor
79393,Carex divulsa,ForestDryPoor
79394,Carex divulsa,ForestDryPoor
79395,Carex divulsa,ForestDryPoor
79396,Carex divulsa,ForestDryPoor
79397,Carex divulsa,ForestDryPoor
79398,Carex divulsa,ForestDryPoor
79399,Carex divulsa,ForestDryPoor
79400,Carex divulsa,ForestDryPoor
79401,Carex divulsa,ForestDryPoor
79402,Carex divulsa,ForestDryPoor
79403,Carex divulsa,ForestDryPoor
79404,Carex divulsa,ForestDryPoor
79984,Carex divulsa,ForestDryPoor
79985,Carex divulsa,ForestDryPoor
79986,Carex divulsa,ForestDryPoor
79987,Carex divulsa,ForestDryPoor
79988,Carex divulsa,ForestDryPoor
79989,Carex divulsa,ForestDryPoor
79990,Carex divulsa,ForestDryPoor
79991,Carex divulsa,ForestDryPoor
79992,Carex divulsa,ForestDryPoor
79993,Carex divulsa,ForestDryPoor
79994,Carex divulsa,ForestDryPoor
79995,Carex divulsa,ForestDryPoor
79996,Carex divulsa,ForestDryPoor
79997,Carex divulsa,ForestDryPoor
79998,Carex divulsa,ForestDryPoor
79999,Carex divulsa,ForestDryPoor
80000,Carex divulsa,ForestDryPoor
80001,Carex divulsa,ForestDryPoor
80002,Carex divulsa,ForestDryPoor
80003,Carex divulsa,ForestDryPoor
80583,Carex divulsa,ForestDryPoor
80584,Carex divulsa,ForestDryPoor
80585,Carex divulsa,ForestDryPoor
80586,Carex divulsa,ForestDryPoor
80587,Carex divulsa,ForestDryPoor
80588,Carex divulsa,ForestDryPoor
80589,Carex divulsa,ForestDryPoor
80590,Carex divulsa,ForestDryPoor
80591,Carex divulsa,ForestDryPoor
80592,Carex divulsa,ForestDryPoor
80593,Carex divulsa,ForestDryPoor
80594,Carex divulsa,ForestDryPoor
80595,Carex divulsa,ForestDryPoor
80596,Carex divulsa,ForestDryPoor
80597,Carex divulsa,ForestDryPoor
80598,Carex divulsa,ForestDryPoor
80599,Carex divulsa,ForestDryPoor
80600,Carex divulsa,ForestDryPoor
80601,Carex divulsa,ForestDryPoor
80602,Carex divulsa,ForestDryPoor
81182,Carex divulsa,ForestDryPoor
81183,Carex divulsa,ForestDryPoor
81184,Carex divulsa,ForestDryPoor
81185,Carex divulsa,ForestDryPoor
81186,Carex divulsa,ForestDryPoor
81187,Carex divulsa,ForestDryPoor
81188,Carex divulsa,ForestDryPoor
81189,Carex divulsa,ForestDryPoor
81190,Carex divulsa,ForestDryPoor
81191,Carex divulsa,ForestDryPoor
81192,Carex divulsa,ForestDryPoor
81193,Carex divulsa,ForestDryPoor
81194,Carex divulsa,ForestDryPoor
81195,Carex divulsa,ForestDryPoor
81196,Carex divulsa,ForestDryPoor
81197,Carex divulsa,ForestDryPoor
81198,Carex divulsa,ForestDryPoor
81199,Carex divulsa,ForestDryPoor
81200,Carex divulsa,ForestDryPoor
81201,Carex divulsa,ForestDryPoor
81781,Carex divulsa,ForestDryPoor
81782,Carex divulsa,ForestDryPoor
81783,Carex divulsa,ForestDryPoor
81784,Carex divulsa,ForestDryPoor
81785,Carex divulsa,ForestDryPoor
81786,Carex divulsa,ForestDryPoor
81787,Carex divulsa,ForestDryPoor
81788,Carex divulsa,ForestDryPoor
81789,Carex divulsa,ForestDryPoor
81790,Carex divulsa,ForestDryPoor
81791,Carex divulsa,ForestDryPoor
81792,Carex divulsa,ForestDryPoor
81793,Carex divulsa,ForestDryPoor
81794,Carex divulsa,ForestDryPoor
81795,Carex divulsa,ForestDryPoor
81796,Carex divulsa,ForestDryPoor
81797,Carex divulsa,ForestDryPoor
81798,Carex divulsa,ForestDryPoor
81799,Carex divulsa,ForestDryPoor
81800,Carex divulsa,ForestDryPoor
82380,Carex divulsa,ForestDryPoor
82381,Carex divulsa,ForestDryPoor
82382,Carex divulsa,ForestDryPoor
82383,Carex divulsa,ForestDryPoor
82384,Carex divulsa,ForestDryPoor
82385,Carex divulsa,ForestDryPoor
82386,Carex divulsa,ForestDryPoor
82387,Carex divulsa,ForestDryPoor
82388,Carex divulsa,ForestDryPoor
82389,Carex divulsa,ForestDryPoor
82390,Carex divulsa,ForestDryPoor
82391,Carex divulsa,ForestDryPoor
82392,Carex divulsa,ForestDryPoor
82393,Carex divulsa,ForestDryPoor
82394,Carex divulsa,ForestDryPoor
82395,Carex divulsa,ForestDryPoor
82396,Carex divulsa,ForestDryPoor
82397,Carex divulsa,ForestDryPoor
82398,Carex divulsa,ForestDryPoor
82399,Carex divulsa,ForestDryPoor
82979,Carex divulsa,ForestDryPoor
82980,Carex divulsa,ForestDryPoor
82981,Carex divulsa,ForestDryPoor
82982,Carex divulsa,ForestDryPoor
82983,Carex divulsa,ForestDryPoor
82984,Carex divulsa,ForestDryPoor
82985,Carex divulsa,ForestDryPoor
82986,Carex divulsa,ForestDryPoor
82987,Carex divulsa,ForestDryPoor
82988,Carex divulsa,ForestDryPoor
82989,Carex divulsa,ForestDryPoor
82990,Carex divulsa,ForestDryPoor
82991,Carex divulsa,ForestDryPoor
82992,Carex divulsa,ForestDryPoor
82993,Carex divulsa,ForestDryPoor
82994,Carex divulsa,ForestDryPoor
82995,Carex divulsa,ForestDryPoor
82996,Carex divulsa,ForestDryPoor
82997,Carex divulsa,ForestDryPoor
82998,Carex divulsa,ForestDryPoor
83578,Carex divulsa,ForestDryPoor
83579,Carex divulsa,ForestDryPoor
83580,Carex divulsa,ForestDryPoor
83581,Carex divulsa,ForestDryPoor
83582,Carex divulsa,ForestDryPoor
83583,Carex divulsa,ForestDryPoor
83584,Carex divulsa,ForestDryPoor
83585,Carex divulsa,ForestDryPoor
83586,Carex divulsa,ForestDryPoor
83587,Carex divulsa,ForestDryPoor
83588,Carex divulsa,ForestDryPoor
83589,Carex divulsa,ForestDryPoor
83590,Carex divulsa,ForestDryPoor
83591,Carex divulsa,ForestDryPoor
83592,Carex divulsa,ForestDryPoor
83593,Carex divulsa,ForestDryPoor
83594,Carex divulsa,ForestDryPoor
83595,Carex divulsa,ForestDryPoor
83596,Carex divulsa,ForestDryPoor
83597,Carex divulsa,ForestDryPoor
84177,Carex divulsa,ForestDryPoor
84178,Carex divulsa,ForestDryPoor
84179,Carex divulsa,ForestDryPoor
84180,Carex divulsa,ForestDryPoor
84181,Carex divulsa,ForestDryPoor
84182,Carex divulsa,ForestDryPoor
84183,Carex divulsa,ForestDryPoor
84184,Carex divulsa,ForestDryPoor
84185,Carex divulsa,ForestDryPoor
84186,Carex divulsa,ForestDryPoor
84187,Carex divulsa,ForestDryPoor
84188,Carex divulsa,ForestDryPoor
84189,Carex divulsa,ForestDryPoor
84190,Carex divulsa,ForestDryPoor
84191,Carex divulsa,ForestDryPoor
84192,Carex divulsa,ForestDryPoor
84193,Carex divulsa,ForestDryPoor
84194,Carex divulsa,ForestDryPoor
84195,Carex divulsa,ForestDryPoor
84196,Carex divulsa,ForestDryPoor
84776,Carex divulsa,ForestDryPoor
84777,Carex divulsa,ForestDryPoor
84778,Carex divulsa,ForestDryPoor
84779,Carex divulsa,ForestDryPoor
84780,Carex divulsa,ForestDryPoor
84781,Carex divulsa,ForestDryPoor
84782,Carex divulsa,ForestDryPoor
84783,Carex divulsa,ForestDryPoor
84784,Carex divulsa,ForestDryPoor
84785,Carex divulsa,ForestDryPoor
84786,Carex divulsa,ForestDryPoor
84787,Carex divulsa,ForestDryPoor
84788,Carex divulsa,ForestDryPoor
84789,Carex divulsa,ForestDryPoor
84790,Carex divulsa,ForestDryPoor
84791,Carex divulsa,ForestDryPoor
84792,Carex divulsa,ForestDryPoor
84793,Carex divulsa,ForestDryPoor
84794,Carex divulsa,ForestDryPoor
84795,Carex divulsa,ForestDryPoor
85375,Carex divulsa,ForestDryPoor
85376,Carex divulsa,ForestDryPoor
85377,Carex divulsa,ForestDryPoor
85378,Carex divulsa,ForestDryPoor
85379,Carex divulsa,ForestDryPoor
85380,Carex divulsa,ForestDryPoor
85381,Carex divulsa,ForestDryPoor
85382,Carex divulsa,ForestDryPoor
85383,Carex divulsa,ForestDryPoor
85384,Carex divulsa,ForestDryPoor
85385,Carex divulsa,ForestDryPoor
85386,Carex divulsa,ForestDryPoor
85387,Carex divulsa,ForestDryPoor
85388,Carex divulsa,ForestDryPoor
85389,Carex divulsa,ForestDryPoor
85390,Carex divulsa,ForestDryPoor
85391,Carex divulsa,ForestDryPoor
85392,Carex divulsa,ForestDryPoor
85393,Carex divulsa,ForestDryPoor
85394,Carex divulsa,ForestDryPoor
85974,Carex divulsa,ForestDryPoor
85975,Carex divulsa,ForestDryPoor
85976,Carex divulsa,ForestDryPoor
85977,Carex divulsa,ForestDryPoor
85978,Carex divulsa,ForestDryPoor
85979,Carex divulsa,ForestDryPoor
85980,Carex divulsa,ForestDryPoor
85981,Carex divulsa,ForestDryPoor
85982,Carex divulsa,ForestDryPoor
85983,Carex divulsa,ForestDryPoor
85984,Carex divulsa,ForestDryPoor
85985,Carex divulsa,ForestDryPoor
85986,Carex divulsa,ForestDryPoor
85987,Carex divulsa,ForestDryPoor
85988,Carex divulsa,ForestDryPoor
85989,Carex divulsa,ForestDryPoor
85990,Carex divulsa,ForestDryPoor
85991,Carex divulsa,ForestDryPoor
85992,Carex divulsa,ForestDryPoor
85993,Carex divulsa,ForestDryPoor
86553,Carex divulsa,ForestDryPoor
86554,Carex divulsa,ForestDryPoor
86555,Carex divulsa,ForestDryPoor
86556,Carex divulsa,ForestDryPoor
86557,Carex divulsa,ForestDryPoor
86558,Carex divulsa,ForestDryPoor
86559,Carex divulsa,ForestDryPoor
86560,Carex divulsa,ForestDryPoor
86561,Carex divulsa,ForestDryPoor
86562,Carex divulsa,ForestDryPoor
86563,Carex divulsa,ForestDryPoor
86564,Carex divulsa,ForestDryPoor
86565,Carex divulsa,ForestDryPoor
86566,Carex divulsa,ForestDryPoor
86567,Carex divulsa,ForestDryPoor
86568,Carex divulsa,ForestDryPoor
86569,Carex divulsa,ForestDryPoor
86570,Carex divulsa,ForestDryPoor
86571,Carex divulsa,ForestDryPoor
86572,Carex divulsa,ForestDryPoor
86573,Carex divulsa,ForestDryPoor
86574,Carex divulsa,ForestDryPoor
86575,Carex divulsa,ForestDryPoor
86576,Carex divulsa,ForestDryPoor
86577,Carex divulsa,ForestDryPoor
86578,Carex divulsa,ForestDryPoor
86579,Carex divulsa,ForestDryPoor
86580,Carex divulsa,ForestDryPoor
86581,Carex divulsa,ForestDryPoor
86582,Carex divulsa,ForestDryPoor
86583,Carex divulsa,ForestDryPoor
86584,Carex divulsa,ForestDryPoor
86585,Carex divulsa,ForestDryPoor
86586,Carex divulsa,ForestDryPoor
86587,Carex divulsa,ForestDryPoor
86588,Carex divulsa,ForestDryPoor
86589,Carex divulsa,ForestDryPoor
86590,Carex divulsa,ForestDryPoor
86591,Carex divulsa,ForestDryPoor
86592,Carex divulsa,ForestDryPoor
86593,Carex divulsa,ForestDryPoor
86594,Carex divulsa,ForestDryPoor
86595,Carex divulsa,ForestDryPoor
86596,Carex divulsa,ForestDryPoor
86597,Carex divulsa,ForestDryPoor
86598,Carex divulsa,ForestDryPoor
86599,Carex divulsa,ForestDryPoor
86600,Carex divulsa,ForestDryPoor
86601,Carex divulsa,ForestDryPoor
86602,Carex divulsa,ForestDryPoor
86603,Carex divulsa,ForestDryPoor
86604,Carex divulsa,ForestDryPoor
86605,Carex divulsa,ForestDryPoor
86606,Carex divulsa,ForestDryPoor
86607,Carex divulsa,ForestDryPoor
86608,Carex divulsa,ForestDryPoor
86609,Carex divulsa,ForestDryPoor
86610,Carex divulsa,ForestDryPoor
86611,Carex divulsa,ForestDryPoor
86612,Carex divulsa,ForestDryPoor
86613,Carex divulsa,ForestDryPoor
86614,Carex divulsa,ForestDryPoor
87152,Carex divulsa,ForestDryPoor
87153,Carex divulsa,ForestDryPoor
87154,Carex divulsa,ForestDryPoor
87155,Carex divulsa,ForestDryPoor
87156,Carex divulsa,ForestDryPoor
87157,Carex divulsa,ForestDryPoor
87158,Carex divulsa,ForestDryPoor
87159,Carex divulsa,ForestDryPoor
87160,Carex divulsa,ForestDryPoor
87161,Carex divulsa,ForestDryPoor
87162,Carex divulsa,ForestDryPoor
87163,Carex divulsa,ForestDryPoor
87164,Carex divulsa,ForestDryPoor
87165,Carex divulsa,ForestDryPoor
87166,Carex divulsa,ForestDryPoor
87167,Carex divulsa,ForestDryPoor
87168,Carex divulsa,ForestDryPoor
87169,Carex divulsa,ForestDryPoor
87170,Carex divulsa,ForestDryPoor
87171,Carex divulsa,ForestDryPoor
87172,Carex divulsa,ForestDryPoor
87173,Carex divulsa,ForestDryPoor
87174,Carex divulsa,ForestDryPoor
87175,Carex divulsa,ForestDryPoor
87176,Carex divulsa,ForestDryPoor
87177,Carex divulsa,ForestDryPoor
87178,Carex divulsa,ForestDryPoor
87179,Carex divulsa,ForestDryPoor
87180,Carex divulsa,ForestDryPoor
87181,Carex divulsa,ForestDryPoor
87182,Carex divulsa,ForestDryPoor
87183,Carex divulsa,ForestDryPoor
87184,Carex divulsa,ForestDryPoor
87185,Carex divulsa,ForestDryPoor
87186,Carex divulsa,ForestDryPoor
87187,Carex divulsa,ForestDryPoor
87188,Carex divulsa,ForestDryPoor
87189,Carex divulsa,ForestDryPoor
87190,Carex divulsa,ForestDryPoor
87191,Carex divulsa,ForestDryPoor
87192,Carex divulsa,ForestDryPoor
87193,Carex divulsa,ForestDryPoor
87194,Carex divulsa,ForestDryPoor
87195,Carex divulsa,ForestDryPoor
87196,Carex divulsa,ForestDryPoor
87197,Carex divulsa,ForestDryPoor
87198,Carex divulsa,ForestDryPoor
87199,Carex divulsa,ForestDryPoor
87200,Carex divulsa,ForestDryPoor
87201,Carex divulsa,ForestDryPoor
87202,Carex divulsa,ForestDryPoor
87203,Carex divulsa,ForestDryPoor
87204,Carex divulsa,ForestDryPoor
87205,Carex divulsa,ForestDryPoor
87206,Carex divulsa,ForestDryPoor
87207,Carex divulsa,ForestDryPoor
87208,Carex divulsa,ForestDryPoor
87209,Carex divulsa,ForestDryPoor
87210,Carex divulsa,ForestDryPoor
87211,Carex divulsa,ForestDryPoor
87212,Carex divulsa,ForestDryPoor
87751,Carex divulsa,ForestDryPoor
87752,Carex divulsa,ForestDryPoor
87753,Carex divulsa,ForestDryPoor
87754,Carex divulsa,ForestDryPoor
87755,Carex divulsa,ForestDryPoor
87756,Carex divulsa,ForestDryPoor
87757,Carex divulsa,ForestDryPoor
87758,Carex divulsa,ForestDryPoor
87759,Carex divulsa,ForestDryPoor
87760,Carex divulsa,ForestDryPoor
87761,Carex divulsa,ForestDryPoor
87762,Carex divulsa,ForestDryPoor
87763,Carex divulsa,ForestDryPoor
87764,Carex divulsa,ForestDryPoor
87765,Carex divulsa,ForestDryPoor
87766,Carex divulsa,ForestDryPoor
87767,Carex divulsa,ForestDryPoor
87768,Carex divulsa,ForestDryPoor
87769,Carex divulsa,ForestDryPoor
87770,Carex divulsa,ForestDryPoor
87771,Carex divulsa,ForestDryPoor
87772,Carex divulsa,ForestDryPoor
87773,Carex divulsa,ForestDryPoor
87774,Carex divulsa,ForestDryPoor
87775,Carex divulsa,ForestDryPoor
87776,Carex divulsa,ForestDryPoor
87777,Carex divulsa,ForestDryPoor
87778,Carex divulsa,ForestDryPoor
87779,Carex divulsa,ForestDryPoor
87780,Carex divulsa,ForestDryPoor
87781,Carex divulsa,ForestDryPoor
87782,Carex divulsa,ForestDryPoor
87783,Carex divulsa,ForestDryPoor
87784,Carex divulsa,ForestDryPoor
87785,Carex divulsa,ForestDryPoor
87786,Carex divulsa,ForestDryPoor
87787,Carex divulsa,ForestDryPoor
87788,Carex divulsa,ForestDryPoor
87789,Carex divulsa,ForestDryPoor
87790,Carex divulsa,ForestDryPoor
87791,Carex divulsa,ForestDryPoor
87792,Carex divulsa,ForestDryPoor
87793,Carex divulsa,ForestDryPoor
87794,Carex divulsa,ForestDryPoor
87795,Carex divulsa,ForestDryPoor
87796,Carex divulsa,ForestDryPoor
87797,Carex divulsa,ForestDryPoor
87798,Carex divulsa,ForestDryPoor
87799,Carex divulsa,ForestDryPoor
87800,Carex divulsa,ForestDryPoor
87801,Carex divulsa,ForestDryPoor
87802,Carex divulsa,ForestDryPoor
87803,Carex divulsa,ForestDryPoor
87804,Carex divulsa,ForestDryPoor
87805,Carex divulsa,ForestDryPoor
87806,Carex divulsa,ForestDryPoor
87807,Carex divulsa,ForestDryPoor
87808,Carex divulsa,ForestDryPoor
87809,Carex divulsa,ForestDryPoor
87810,Carex divulsa,ForestDryPoor
88350,Carex divulsa,ForestDryPoor
88351,Carex divulsa,ForestDryPoor
88352,Carex divulsa,ForestDryPoor
88353,Carex divulsa,ForestDryPoor
88354,Carex divulsa,ForestDryPoor
88355,Carex divulsa,ForestDryPoor
88356,Carex divulsa,ForestDryPoor
88357,Carex divulsa,ForestDryPoor
88358,Carex divulsa,ForestDryPoor
88359,Carex divulsa,ForestDryPoor
88360,Carex divulsa,ForestDryPoor
88361,Carex divulsa,ForestDryPoor
88362,Carex divulsa,ForestDryPoor
88363,Carex divulsa,ForestDryPoor
88364,Carex divulsa,ForestDryPoor
88365,Carex divulsa,ForestDryPoor
88366,Carex divulsa,ForestDryPoor
88367,Carex divulsa,ForestDryPoor
88368,Carex divulsa,ForestDryPoor
88369,Carex divulsa,ForestDryPoor
88370,Carex divulsa,ForestDryPoor
88371,Carex divulsa,ForestDryPoor
88372,Carex divulsa,ForestDryPoor
88373,Carex divulsa,ForestDryPoor
88374,Carex divulsa,ForestDryPoor
88375,Carex divulsa,ForestDryPoor
88376,Carex divulsa,ForestDryPoor
88377,Carex divulsa,ForestDryPoor
88378,Carex divulsa,ForestDryPoor
88379,Carex divulsa,ForestDryPoor
88380,Carex divulsa,ForestDryPoor
88381,Carex divulsa,ForestDryPoor
88382,Carex divulsa,ForestDryPoor
88383,Carex divulsa,ForestDryPoor
88384,Carex divulsa,ForestDryPoor
88385,Carex divulsa,ForestDryPoor
88386,Carex divulsa,ForestDryPoor
88387,Carex divulsa,ForestDryPoor
88388,Carex divulsa,ForestDryPoor
88389,Carex divulsa,ForestDryPoor
88390,Carex divulsa,ForestDryPoor
88391,Carex divulsa,ForestDryPoor
88392,Carex divulsa,ForestDryPoor
88393,Carex divulsa,ForestDryPoor
88394,Carex divulsa,ForestDryPoor
88395,Carex divulsa,ForestDryPoor
88396,Carex divulsa,ForestDryPoor
88397,Carex divulsa,ForestDryPoor
88398,Carex divulsa,ForestDryPoor
88399,Carex divulsa,ForestDryPoor
88400,Carex divulsa,ForestDryPoor
88401,Carex divulsa,ForestDryPoor
88402,Carex divulsa,ForestDryPoor
88403,Carex divulsa,ForestDryPoor
88404,Carex divulsa,ForestDryPoor
88405,Carex divulsa,ForestDryPoor
88406,Carex divulsa,ForestDryPoor
88407,Carex divulsa,ForestDryPoor
88408,Carex divulsa,ForestDryPoor
88949,Carex divulsa,ForestDryPoor
88950,Carex divulsa,ForestDryPoor
88951,Carex divulsa,ForestDryPoor
88952,Carex divulsa,ForestDryPoor
88953,Carex divulsa,ForestDryPoor
88954,Carex divulsa,ForestDryPoor
88955,Carex divulsa,ForestDryPoor
88956,Carex divulsa,ForestDryPoor
88957,Carex divulsa,ForestDryPoor
88958,Carex divulsa,ForestDryPoor
88959,Carex divulsa,ForestDryPoor
88960,Carex divulsa,ForestDryPoor
88961,Carex divulsa,ForestDryPoor
88962,Carex divulsa,ForestDryPoor
88963,Carex divulsa,ForestDryPoor
88964,Carex divulsa,ForestDryPoor
88965,Carex divulsa,ForestDryPoor
88966,Carex divulsa,ForestDryPoor
88967,Carex divulsa,ForestDryPoor
88968,Carex divulsa,ForestDryPoor
88969,Carex divulsa,ForestDryPoor
88970,Carex divulsa,ForestDryPoor
88971,Carex divulsa,ForestDryPoor
88972,Carex divulsa,ForestDryPoor
88973,Carex divulsa,ForestDryPoor
88974,Carex divulsa,ForestDryPoor
88975,Carex divulsa,ForestDryPoor
88976,Carex divulsa,ForestDryPoor
88977,Carex divulsa,ForestDryPoor
88978,Carex divulsa,ForestDryPoor
88979,Carex divulsa,ForestDryPoor
88980,Carex divulsa,ForestDryPoor
88981,Carex divulsa,ForestDryPoor
88982,Carex divulsa,ForestDryPoor
88983,Carex divulsa,ForestDryPoor
88984,Carex divulsa,ForestDryPoor
88985,Carex divulsa,ForestDryPoor
88986,Carex divulsa,ForestDryPoor
88987,Carex divulsa,ForestDryPoor
88988,Carex divulsa,ForestDryPoor
88989,Carex divulsa,ForestDryPoor
88990,Carex divulsa,ForestDryPoor
88991,Carex divulsa,ForestDryPoor
88992,Carex divulsa,ForestDryPoor
88993,Carex divulsa,ForestDryPoor
88994,Carex divulsa,ForestDryPoor
88995,Carex divulsa,ForestDryPoor
88996,Carex divulsa,ForestDryPoor
88997,Carex divulsa,ForestDryPoor
88998,Carex divulsa,ForestDryPoor
88999,Carex divulsa,ForestDryPoor
89000,Carex divulsa,ForestDryPoor
89001,Carex divulsa,ForestDryPoor
89002,Carex divulsa,ForestDryPoor
89003,Carex divulsa,ForestDryPoor
89004,Carex divulsa,ForestDryPoor
89005,Carex divulsa,ForestDryPoor
89006,Carex divulsa,ForestDryPoor
89007,Carex divulsa,ForestDryPoor
89548,Carex divulsa,ForestDryPoor
89549,Carex divulsa,ForestDryPoor
89550,Carex divulsa,ForestDryPoor
89551,Carex divulsa,ForestDryPoor
89552,Carex divulsa,ForestDryPoor
89553,Carex divulsa,ForestDryPoor
89554,Carex divulsa,ForestDryPoor
89555,Carex divulsa,ForestDryPoor
89556,Carex divulsa,ForestDryPoor
89557,Carex divulsa,ForestDryPoor
89558,Carex divulsa,ForestDryPoor
89559,Carex divulsa,ForestDryPoor
89560,Carex divulsa,ForestDryPoor
89561,Carex divulsa,ForestDryPoor
89562,Carex divulsa,ForestDryPoor
89563,Carex divulsa,ForestDryPoor
89564,Carex divulsa,ForestDryPoor
89565,Carex divulsa,ForestDryPoor
89566,Carex divulsa,ForestDryPoor
89567,Carex divulsa,ForestDryPoor
89568,Carex divulsa,ForestDryPoor
89569,Carex divulsa,ForestDryPoor
89570,Carex divulsa,ForestDryPoor
89571,Carex divulsa,ForestDryPoor
89572,Carex divulsa,ForestDryPoor
89573,Carex divulsa,ForestDryPoor
89574,Carex divulsa,ForestDryPoor
89575,Carex divulsa,ForestDryPoor
89576,Carex divulsa,ForestDryPoor
89577,Carex divulsa,ForestDryPoor
89578,Carex divulsa,ForestDryPoor
89579,Carex divulsa,ForestDryPoor
89580,Carex divulsa,ForestDryPoor
89581,Carex divulsa,ForestDryPoor
89582,Carex divulsa,ForestDryPoor
89583,Carex divulsa,ForestDryPoor
89584,Carex divulsa,ForestDryPoor
89585,Carex divulsa,ForestDryPoor
89586,Carex divulsa,ForestDryPoor
89587,Carex divulsa,ForestDryPoor
89588,Carex divulsa,ForestDryPoor
89589,Carex divulsa,ForestDryPoor
89590,Carex divulsa,ForestDryPoor
89591,Carex divulsa,ForestDryPoor
89592,Carex divulsa,ForestDryPoor
89593,Carex divulsa,ForestDryPoor
89594,Carex divulsa,ForestDryPoor
89595,Carex divulsa,ForestDryPoor
89596,Carex divulsa,ForestDryPoor
89597,Carex divulsa,ForestDryPoor
89598,Carex divulsa,ForestDryPoor
89599,Carex divulsa,ForestDryPoor
89600,Carex divulsa,ForestDryPoor
89601,Carex divulsa,ForestDryPoor
89602,Carex divulsa,ForestDryPoor
89603,Carex divulsa,ForestDryPoor
89604,Carex divulsa,ForestDryPoor
89605,Carex divulsa,ForestDryPoor
90147,Carex divulsa,ForestDryPoor
90148,Carex divulsa,ForestDryPoor
90149,Carex divulsa,ForestDryPoor
90150,Carex divulsa,ForestDryPoor
90151,Carex divulsa,ForestDryPoor
90152,Carex divulsa,ForestDryPoor
90153,Carex divulsa,ForestDryPoor
90154,Carex divulsa,ForestDryPoor
90155,Carex divulsa,ForestDryPoor
90156,Carex divulsa,ForestDryPoor
90157,Carex divulsa,ForestDryPoor
90158,Carex divulsa,ForestDryPoor
90159,Carex divulsa,ForestDryPoor
90160,Carex divulsa,ForestDryPoor
90161,Carex divulsa,ForestDryPoor
90162,Carex divulsa,ForestDryPoor
90163,Carex divulsa,ForestDryPoor
90164,Carex divulsa,ForestDryPoor
90165,Carex divulsa,ForestDryPoor
90166,Carex divulsa,ForestDryPoor
90167,Carex divulsa,ForestDryPoor
90168,Carex divulsa,ForestDryPoor
90169,Carex divulsa,ForestDryPoor
90170,Carex divulsa,ForestDryPoor
90171,Carex divulsa,ForestDryPoor
90172,Carex divulsa,ForestDryPoor
90173,Carex divulsa,ForestDryPoor
90174,Carex divulsa,ForestDryPoor
90175,Carex divulsa,ForestDryPoor
90176,Carex divulsa,ForestDryPoor
90177,Carex divulsa,ForestDryPoor
90178,Carex divulsa,ForestDryPoor
90179,Carex divulsa,ForestDryPoor
90180,Carex divulsa,ForestDryPoor
90181,Carex divulsa,ForestDryPoor
90182,Carex divulsa,ForestDryPoor
90183,Carex divulsa,ForestDryPoor
90184,Carex divulsa,ForestDryPoor
90185,Carex divulsa,ForestDryPoor
90186,Carex divulsa,ForestDryPoor
90187,Carex divulsa,ForestDryPoor
90188,Carex divulsa,ForestDryPoor
90189,Carex divulsa,ForestDryPoor
90190,Carex divulsa,ForestDryPoor
90191,Carex divulsa,ForestDryPoor
90192,Carex divulsa,ForestDryPoor
90193,Carex divulsa,ForestDryPoor
90194,Carex divulsa,ForestDryPoor
90195,Carex divulsa,ForestDryPoor
90196,Carex divulsa,ForestDryPoor
90197,Carex divulsa,ForestDryPoor
90198,Carex divulsa,ForestDryPoor
90199,Carex divulsa,ForestDryPoor
90200,Carex divulsa,ForestDryPoor
90201,Carex divulsa,ForestDryPoor
90202,Carex divulsa,ForestDryPoor
90203,Carex divulsa,ForestDryPoor
90746,Carex divulsa,ForestDryPoor
90747,Carex divulsa,ForestDryPoor
90748,Carex divulsa,ForestDryPoor
90749,Carex divulsa,ForestDryPoor
90750,Carex divulsa,ForestDryPoor
90751,Carex divulsa,ForestDryPoor
90752,Carex divulsa,ForestDryPoor
90753,Carex divulsa,ForestDryPoor
90754,Carex divulsa,ForestDryPoor
90755,Carex divulsa,ForestDryPoor
90756,Carex divulsa,ForestDryPoor
90757,Carex divulsa,ForestDryPoor
90758,Carex divulsa,ForestDryPoor
90759,Carex divulsa,ForestDryPoor
90760,Carex divulsa,ForestDryPoor
90761,Carex divulsa,ForestDryPoor
90762,Carex divulsa,ForestDryPoor
90763,Carex divulsa,ForestDryPoor
90764,Carex divulsa,ForestDryPoor
90765,Carex divulsa,ForestDryPoor
90766,Carex divulsa,ForestDryPoor
90767,Carex divulsa,ForestDryPoor
90768,Carex divulsa,ForestDryPoor
90769,Carex divulsa,ForestDryPoor
90770,Carex divulsa,ForestDryPoor
90771,Carex divulsa,ForestDryPoor
90772,Carex divulsa,ForestDryPoor
90773,Carex divulsa,ForestDryPoor
90774,Carex divulsa,ForestDryPoor
90775,Carex divulsa,ForestDryPoor
90776,Carex divulsa,ForestDryPoor
90777,Carex divulsa,ForestDryPoor
90778,Carex divulsa,ForestDryPoor
90779,Carex divulsa,ForestDryPoor
90780,Carex divulsa,ForestDryPoor
90781,Carex divulsa,ForestDryPoor
90782,Carex divulsa,ForestDryPoor
90783,Carex divulsa,ForestDryPoor
90784,Carex divulsa,ForestDryPoor
90785,Carex divulsa,ForestDryPoor
90786,Carex divulsa,ForestDryPoor
90787,Carex divulsa,ForestDryPoor
90788,Carex divulsa,ForestDryPoor
90789,Carex divulsa,ForestDryPoor
90790,Carex divulsa,ForestDryPoor
90791,Carex divulsa,ForestDryPoor
90792,Carex divulsa,ForestDryPoor
90793,Carex divulsa,ForestDryPoor
90794,Carex divulsa,ForestDryPoor
90795,Carex divulsa,ForestDryPoor
90796,Carex divulsa,ForestDryPoor
90797,Carex divulsa,ForestDryPoor
90798,Carex divulsa,ForestDryPoor
90799,Carex divulsa,ForestDryPoor
90800,Carex divulsa,ForestDryPoor
91345,Carex divulsa,ForestDryPoor
91346,Carex divulsa,ForestDryPoor
91347,Carex divulsa,ForestDryPoor
91348,Carex divulsa,ForestDryPoor
91349,Carex divulsa,ForestDryPoor
91350,Carex divulsa,ForestDryPoor
91351,Carex divulsa,ForestDryPoor
91352,Carex divulsa,ForestDryPoor
91353,Carex divulsa,ForestDryPoor
91354,Carex divulsa,ForestDryPoor
91355,Carex divulsa,ForestDryPoor
91356,Carex divulsa,ForestDryPoor
91357,Carex divulsa,ForestDryPoor
91358,Carex divulsa,ForestDryPoor
91359,Carex divulsa,ForestDryPoor
91360,Carex divulsa,ForestDryPoor
91361,Carex divulsa,ForestDryPoor
91362,Carex divulsa,ForestDryPoor
91363,Carex divulsa,ForestDryPoor
91364,Carex divulsa,ForestDryPoor
91365,Carex divulsa,ForestDryPoor
91366,Carex divulsa,ForestDryPoor
91367,Carex divulsa,ForestDryPoor
91368,Carex divulsa,ForestDryPoor
91369,Carex divulsa,ForestDryPoor
91370,Carex divulsa,ForestDryPoor
91371,Carex divulsa,ForestDryPoor
91372,Carex divulsa,ForestDryPoor
91373,Carex divulsa,ForestDryPoor
91374,Carex divulsa,ForestDryPoor
91375,Carex divulsa,ForestDryPoor
91376,Carex divulsa,ForestDryPoor
91377,Carex divulsa,ForestDryPoor
91378,Carex divulsa,ForestDryPoor
91379,Carex divulsa,ForestDryPoor
91380,Carex divulsa,ForestDryPoor
91381,Carex divulsa,ForestDryPoor
91382,Carex divulsa,ForestDryPoor
91383,Carex divulsa,ForestDryPoor
91384,Carex divulsa,ForestDryPoor
91385,Carex divulsa,ForestDryPoor
91386,Carex divulsa,ForestDryPoor
91387,Carex divulsa,ForestDryPoor
91388,Carex divulsa,ForestDryPoor
91389,Carex divulsa,ForestDryPoor
91390,Carex divulsa,ForestDryPoor
91391,Carex divulsa,ForestDryPoor
91392,Carex divulsa,ForestDryPoor
91393,Carex divulsa,ForestDryPoor
91394,Carex divulsa,ForestDryPoor
91395,Carex divulsa,ForestDryPoor
91396,Carex divulsa,ForestDryPoor
91397,Carex divulsa,ForestDryPoor
91398,Carex divulsa,ForestDryPoor
91944,Carex divulsa,ForestDryPoor
91945,Carex divulsa,ForestDryPoor
91946,Carex divulsa,ForestDryPoor
91947,Carex divulsa,ForestDryPoor
91948,Carex divulsa,ForestDryPoor
91949,Carex divulsa,ForestDryPoor
91950,Carex divulsa,ForestDryPoor
91951,Carex divulsa,ForestDryPoor
91952,Carex divulsa,ForestDryPoor
91953,Carex divulsa,ForestDryPoor
91954,Carex divulsa,ForestDryPoor
91955,Carex divulsa,ForestDryPoor
91956,Carex divulsa,ForestDryPoor
91957,Carex divulsa,ForestDryPoor
91958,Carex divulsa,ForestDryPoor
91959,Carex divulsa,ForestDryPoor
91960,Carex divulsa,ForestDryPoor
91961,Carex divulsa,ForestDryPoor
91962,Carex divulsa,ForestDryPoor
91963,Carex divulsa,ForestDryPoor
91964,Carex divulsa,ForestDryPoor
91965,Carex divulsa,ForestDryPoor
91966,Carex divulsa,ForestDryPoor
91967,Carex divulsa,ForestDryPoor
91968,Carex divulsa,ForestDryPoor
91969,Carex divulsa,ForestDryPoor
91970,Carex divulsa,ForestDryPoor
91971,Carex divulsa,ForestDryPoor
91972,Carex divulsa,ForestDryPoor
91973,Carex divulsa,ForestDryPoor
91974,Carex divulsa,ForestDryPoor
91975,Carex divulsa,ForestDryPoor
91976,Carex divulsa,ForestDryPoor
91977,Carex divulsa,ForestDryPoor
91978,Carex divulsa,ForestDryPoor
91979,Carex divulsa,ForestDryPoor
91980,Carex divulsa,ForestDryPoor
91981,Carex divulsa,ForestDryPoor
91982,Carex divulsa,ForestDryPoor
91983,Carex divulsa,ForestDryPoor
91984,Carex divulsa,ForestDryPoor
91985,Carex divulsa,ForestDryPoor
91986,Carex divulsa,ForestDryPoor
91987,Carex divulsa,ForestDryPoor
91988,Carex divulsa,ForestDryPoor
91989,Carex divulsa,ForestDryPoor
91990,Carex divulsa,ForestDryPoor
91991,Carex divulsa,ForestDryPoor
91992,Carex divulsa,ForestDryPoor
91993,Carex divulsa,ForestDryPoor
91994,Carex divulsa,ForestDryPoor
91995,Carex divulsa,ForestDryPoor
91996,Carex divulsa,ForestDryPoor
92543,Carex divulsa,ForestDryPoor
92544,Carex divulsa,ForestDryPoor
92545,Carex divulsa,ForestDryPoor
92546,Carex divulsa,ForestDryPoor
92547,Carex divulsa,ForestDryPoor
92548,Carex divulsa,ForestDryPoor
92549,Carex divulsa,ForestDryPoor
92550,Carex divulsa,ForestDryPoor
92551,Carex divulsa,ForestDryPoor
92552,Carex divulsa,ForestDryPoor
92553,Carex divulsa,ForestDryPoor
92554,Carex divulsa,ForestDryPoor
92555,Carex divulsa,ForestDryPoor
92556,Carex divulsa,ForestDryPoor
92557,Carex divulsa,ForestDryPoor
92558,Carex divulsa,ForestDryPoor
92559,Carex divulsa,ForestDryPoor
92560,Carex divulsa,ForestDryPoor
92561,Carex divulsa,ForestDryPoor
92562,Carex divulsa,ForestDryPoor
92563,Carex divulsa,ForestDryPoor
92564,Carex divulsa,ForestDryPoor
92565,Carex divulsa,ForestDryPoor
92566,Carex divulsa,ForestDryPoor
92567,Carex divulsa,ForestDryPoor
92568,Carex divulsa,ForestDryPoor
92569,Carex divulsa,ForestDryPoor
92570,Carex divulsa,ForestDryPoor
92571,Carex divulsa,ForestDryPoor
92572,Carex divulsa,ForestDryPoor
92573,Carex divulsa,ForestDryPoor
92574,Carex divulsa,ForestDryPoor
92575,Carex divulsa,ForestDryPoor
92576,Carex divulsa,ForestDryPoor
92577,Carex divulsa,ForestDryPoor
92578,Carex divulsa,ForestDryPoor
92579,Carex divulsa,ForestDryPoor
92580,Carex divulsa,ForestDryPoor
92581,Carex divulsa,ForestDryPoor
92582,Carex divulsa,ForestDryPoor
92583,Carex divulsa,ForestDryPoor
92584,Carex divulsa,ForestDryPoor
92585,Carex divulsa,ForestDryPoor
92586,Carex divulsa,ForestDryPoor
92587,Carex divulsa,ForestDryPoor
92588,Carex divulsa,ForestDryPoor
92589,Carex divulsa,ForestDryPoor
92590,Carex divulsa,ForestDryPoor
92591,Carex divulsa,ForestDryPoor
92592,Carex divulsa,ForestDryPoor
92593,Carex divulsa,ForestDryPoor
92594,Carex divulsa,ForestDryPoor
93142,Carex divulsa,ForestDryPoor
93143,Carex divulsa,ForestDryPoor
93144,Carex divulsa,ForestDryPoor
93145,Carex divulsa,ForestDryPoor
93146,Carex divulsa,ForestDryPoor
93147,Carex divulsa,ForestDryPoor
93148,Carex divulsa,ForestDryPoor
93149,Carex divulsa,ForestDryPoor
93150,Carex divulsa,ForestDryPoor
93151,Carex divulsa,ForestDryPoor
93152,Carex divulsa,ForestDryPoor
93153,Carex divulsa,ForestDryPoor
93154,Carex divulsa,ForestDryPoor
93155,Carex divulsa,ForestDryPoor
93156,Carex divulsa,ForestDryPoor
93157,Carex divulsa,ForestDryPoor
93158,Carex divulsa,ForestDryPoor
93159,Carex divulsa,ForestDryPoor
93160,Carex divulsa,ForestDryPoor
93161,Carex divulsa,ForestDryPoor
93162,Carex divulsa,ForestDryPoor
93163,Carex divulsa,ForestDryPoor
93164,Carex divulsa,ForestDryPoor
93165,Carex divulsa,ForestDryPoor
93166,Carex divulsa,ForestDryPoor
93167,Carex divulsa,ForestDryPoor
93168,Carex divulsa,ForestDryPoor
93169,Carex divulsa,ForestDryPoor
93170,Carex divulsa,ForestDryPoor
93171,Carex divulsa,ForestDryPoor
93172,Carex divulsa,ForestDryPoor
93173,Carex divulsa,ForestDryPoor
93174,Carex divulsa,ForestDryPoor
93175,Carex divulsa,ForestDryPoor
93176,Carex divulsa,ForestDryPoor
93177,Carex divulsa,ForestDryPoor
93178,Carex divulsa,ForestDryPoor
93179,Carex divulsa,ForestDryPoor
93180,Carex divulsa,ForestDryPoor
93181,Carex divulsa,ForestDryPoor
93182,Carex divulsa,ForestDryPoor
93183,Carex divulsa,ForestDryPoor
93184,Carex divulsa,ForestDryPoor
93185,Carex divulsa,ForestDryPoor
93186,Carex divulsa,ForestDryPoor
93187,Carex divulsa,ForestDryPoor
93188,Carex divulsa,ForestDryPoor
93189,Carex divulsa,ForestDryPoor
93190,Carex divulsa,ForestDryPoor
93191,Carex divulsa,ForestDryPoor
93192,Carex divulsa,ForestDryPoor
93741,Carex divulsa,ForestDryPoor
93742,Carex divulsa,ForestDryPoor
93743,Carex divulsa,ForestDryPoor
93744,Carex divulsa,ForestDryPoor
93745,Carex divulsa,ForestDryPoor
93746,Carex divulsa,ForestDryPoor
93747,Carex divulsa,ForestDryPoor
93748,Carex divulsa,ForestDryPoor
93749,Carex divulsa,ForestDryPoor
93750,Carex divulsa,ForestDryPoor
93751,Carex divulsa,ForestDryPoor
93752,Carex divulsa,ForestDryPoor
93753,Carex divulsa,ForestDryPoor
93754,Carex divulsa,ForestDryPoor
93755,Carex divulsa,ForestDryPoor
93756,Carex divulsa,ForestDryPoor
93757,Carex divulsa,ForestDryPoor
93758,Carex divulsa,ForestDryPoor
93759,Carex divulsa,ForestDryPoor
93760,Carex divulsa,ForestDryPoor
93761,Carex divulsa,ForestDryPoor
93762,Carex divulsa,ForestDryPoor
93763,Carex divulsa,ForestDryPoor
93764,Carex divulsa,ForestDryPoor
93765,Carex divulsa,ForestDryPoor
93766,Carex divulsa,ForestDryPoor
93767,Carex divulsa,ForestDryPoor
93768,Carex divulsa,ForestDryPoor
93769,Carex divulsa,ForestDryPoor
93770,Carex divulsa,ForestDryPoor
93771,Carex divulsa,ForestDryPoor
93772,Carex divulsa,ForestDryPoor
93773,Carex divulsa,ForestDryPoor
93774,Carex divulsa,ForestDryPoor
93775,Carex divulsa,ForestDryPoor
93776,Carex divulsa,ForestDryPoor
93777,Carex divulsa,ForestDryPoor
93778,Carex divulsa,ForestDryPoor
93779,Carex divulsa,ForestDryPoor
93780,Carex divulsa,ForestDryPoor
93781,Carex divulsa,ForestDryPoor
93782,Carex divulsa,ForestDryPoor
93783,Carex divulsa,ForestDryPoor
93784,Carex divulsa,ForestDryPoor
93785,Carex divulsa,ForestDryPoor
93786,Carex divulsa,ForestDryPoor
93787,Carex divulsa,ForestDryPoor
93788,Carex divulsa,ForestDryPoor
93789,Carex divulsa,ForestDryPoor
94340,Carex divulsa,ForestDryPoor
94341,Carex divulsa,ForestDryPoor
94342,Carex divulsa,ForestDryPoor
94343,Carex divulsa,ForestDryPoor
94344,Carex divulsa,ForestDryPoor
94345,Carex divulsa,ForestDryPoor
94346,Carex divulsa,ForestDryPoor
94347,Carex divulsa,ForestDryPoor
94348,Carex divulsa,ForestDryPoor
94349,Carex divulsa,ForestDryPoor
94350,Carex divulsa,ForestDryPoor
94351,Carex divulsa,ForestDryPoor
94352,Carex divulsa,ForestDryPoor
94353,Carex divulsa,ForestDryPoor
94354,Carex divulsa,ForestDryPoor
94355,Carex divulsa,ForestDryPoor
94356,Carex divulsa,ForestDryPoor
94357,Carex divulsa,ForestDryPoor
94358,Carex divulsa,ForestDryPoor
94359,Carex divulsa,ForestDryPoor
94360,Carex divulsa,ForestDryPoor
94361,Carex divulsa,ForestDryPoor
94362,Carex divulsa,ForestDryPoor
94363,Carex divulsa,ForestDryPoor
94364,Carex divulsa,ForestDryPoor
94365,Carex divulsa,ForestDryPoor
94366,Carex divulsa,ForestDryPoor
94367,Carex divulsa,ForestDryPoor
94368,Carex divulsa,ForestDryPoor
94369,Carex divulsa,ForestDryPoor
94370,Carex divulsa,ForestDryPoor
94371,Carex divulsa,ForestDryPoor
94372,Carex divulsa,ForestDryPoor
94373,Carex divulsa,ForestDryPoor
94374,Carex divulsa,ForestDryPoor
94375,Carex divulsa,ForestDryPoor
94376,Carex divulsa,ForestDryPoor
94377,Carex divulsa,ForestDryPoor
94378,Carex divulsa,ForestDryPoor
94379,Carex divulsa,ForestDryPoor
94380,Carex divulsa,ForestDryPoor
94381,Carex divulsa,ForestDryPoor
94382,Carex divulsa,ForestDryPoor
94383,Carex divulsa,ForestDryPoor
94384,Carex divulsa,ForestDryPoor
94385,Carex divulsa,ForestDryPoor
94386,Carex divulsa,ForestDryPoor
94939,Carex divulsa,ForestDryPoor
94940,Carex divulsa,ForestDryPoor
94941,Carex divulsa,ForestDryPoor
94942,Carex divulsa,ForestDryPoor
94943,Carex divulsa,ForestDryPoor
94944,Carex divulsa,ForestDryPoor
94945,Carex divulsa,ForestDryPoor
94946,Carex divulsa,ForestDryPoor
94947,Carex divulsa,ForestDryPoor
94948,Carex divulsa,ForestDryPoor
94949,Carex divulsa,ForestDryPoor
94950,Carex divulsa,ForestDryPoor
94951,Carex divulsa,ForestDryPoor
94952,Carex divulsa,ForestDryPoor
94953,Carex divulsa,ForestDryPoor
94954,Carex divulsa,ForestDryPoor
94955,Carex divulsa,ForestDryPoor
94956,Carex divulsa,ForestDryPoor
94957,Carex divulsa,ForestDryPoor
94958,Carex divulsa,ForestDryPoor
94959,Carex divulsa,ForestDryPoor
94960,Carex divulsa,ForestDryPoor
94961,Carex divulsa,ForestDryPoor
94962,Carex divulsa,ForestDryPoor
94963,Carex divulsa,ForestDryPoor
94964,Carex divulsa,ForestDryPoor
94965,Carex divulsa,ForestDryPoor
94966,Carex divulsa,ForestDryPoor
94967,Carex divulsa,ForestDryPoor
94968,Carex divulsa,ForestDryPoor
94969,Carex divulsa,ForestDryPoor
94970,Carex divulsa,ForestDryPoor
94971,Carex divulsa,ForestDryPoor
94972,Carex divulsa,ForestDryPoor
94973,Carex divulsa,ForestDryPoor
94974,Carex divulsa,ForestDryPoor
94975,Carex divulsa,ForestDryPoor
94976,Carex divulsa,ForestDryPoor
94977,Carex divulsa,ForestDryPoor
94978,Carex divulsa,ForestDryPoor
94979,Carex divulsa,ForestDryPoor
94980,Carex divulsa,ForestDryPoor
94981,Carex divulsa,ForestDryPoor
94982,Carex divulsa,ForestDryPoor
94983,Carex divulsa,ForestDryPoor
94984,Carex divulsa,ForestDryPoor
95538,Carex divulsa,ForestDryPoor
95539,Carex divulsa,ForestDryPoor
95540,Carex divulsa,ForestDryPoor
95541,Carex divulsa,ForestDryPoor
95542,Carex divulsa,ForestDryPoor
95543,Carex divulsa,ForestDryPoor
95544,Carex divulsa,ForestDryPoor
95545,Carex divulsa,ForestDryPoor
95546,Carex divulsa,ForestDryPoor
95547,Carex divulsa,ForestDryPoor
95548,Carex divulsa,ForestDryPoor
95549,Carex divulsa,ForestDryPoor
95550,Carex divulsa,ForestDryPoor
95551,Carex divulsa,ForestDryPoor
95552,Carex divulsa,ForestDryPoor
95553,Carex divulsa,ForestDryPoor
95554,Carex divulsa,ForestDryPoor
95555,Carex divulsa,ForestDryPoor
95556,Carex divulsa,ForestDryPoor
95557,Carex divulsa,ForestDryPoor
95558,Carex divulsa,ForestDryPoor
95559,Carex divulsa,ForestDryPoor
95560,Carex divulsa,ForestDryPoor
95561,Carex divulsa,ForestDryPoor
95562,Carex divulsa,ForestDryPoor
95563,Carex divulsa,ForestDryPoor
95564,Carex divulsa,ForestDryPoor
95565,Carex divulsa,ForestDryPoor
95566,Carex divulsa,ForestDryPoor
95567,Carex divulsa,ForestDryPoor
95568,Carex divulsa,ForestDryPoor
95569,Carex divulsa,ForestDryPoor
95570,Carex divulsa,ForestDryPoor
95571,Carex divulsa,ForestDryPoor
95572,Carex divulsa,ForestDryPoor
95573,Carex divulsa,ForestDryPoor
95574,Carex divulsa,ForestDryPoor
95575,Carex divulsa,ForestDryPoor
95576,Carex divulsa,ForestDryPoor
95577,Carex divulsa,ForestDryPoor
95578,Carex divulsa,ForestDryPoor
95579,Carex divulsa,ForestDryPoor
95580,Carex divulsa,ForestDryPoor
95581,Carex divulsa,ForestDryPoor
96139,Carex divulsa,ForestDryPoor
96140,Carex divulsa,ForestDryPoor
96141,Carex divulsa,ForestDryPoor
96142,Carex divulsa,ForestDryPoor
96143,Carex divulsa,ForestDryPoor
96144,Carex divulsa,ForestDryPoor
96145,Carex divulsa,ForestDryPoor
96146,Carex divulsa,ForestDryPoor
96147,Carex divulsa,ForestDryPoor
96148,Carex divulsa,ForestDryPoor
96149,Carex divulsa,ForestDryPoor
96150,Carex divulsa,ForestDryPoor
96151,Carex divulsa,ForestDryPoor
96152,Carex divulsa,ForestDryPoor
96153,Carex divulsa,ForestDryPoor
96154,Carex divulsa,ForestDryPoor
96155,Carex divulsa,ForestDryPoor
96156,Carex divulsa,ForestDryPoor
96157,Carex divulsa,ForestDryPoor
96158,Carex divulsa,ForestDryPoor
96159,Carex divulsa,ForestDryPoor
96160,Carex divulsa,ForestDryPoor
96161,Carex divulsa,ForestDryPoor
96162,Carex divulsa,ForestDryPoor
96163,Carex divulsa,ForestDryPoor
96164,Carex divulsa,ForestDryPoor
96165,Carex divulsa,ForestDryPoor
96166,Carex divulsa,ForestDryPoor
96167,Carex divulsa,ForestDryPoor
96168,Carex divulsa,ForestDryPoor
96169,Carex divulsa,ForestDryPoor
96170,Carex divulsa,ForestDryPoor
96171,Carex divulsa,ForestDryPoor
96172,Carex divulsa,ForestDryPoor
96173,Carex divulsa,ForestDryPoor
96174,Carex divulsa,ForestDryPoor
96175,Carex divulsa,ForestDryPoor
96176,Carex divulsa,ForestDryPoor
96177,Carex divulsa,ForestDryPoor
96741,Carex divulsa,ForestDryPoor
96742,Carex divulsa,ForestDryPoor
96743,Carex divulsa,ForestDryPoor
96744,Carex divulsa,ForestDryPoor
96745,Carex divulsa,ForestDryPoor
96746,Carex divulsa,ForestDryPoor
96747,Carex divulsa,ForestDryPoor
96748,Carex divulsa,ForestDryPoor
96749,Carex divulsa,ForestDryPoor
96750,Carex divulsa,ForestDryPoor
96751,Carex divulsa,ForestDryPoor
96752,Carex divulsa,ForestDryPoor
96753,Carex divulsa,ForestDryPoor
96754,Carex divulsa,ForestDryPoor
96755,Carex divulsa,ForestDryPoor
96756,Carex divulsa,ForestDryPoor
96757,Carex divulsa,ForestDryPoor
96758,Carex divulsa,ForestDryPoor
96759,Carex divulsa,ForestDryPoor
96760,Carex divulsa,ForestDryPoor
96761,Carex divulsa,ForestDryPoor
96762,Carex divulsa,ForestDryPoor
96763,Carex divulsa,ForestDryPoor
96764,Carex divulsa,ForestDryPoor
96765,Carex divulsa,ForestDryPoor
96766,Carex divulsa,ForestDryPoor
96767,Carex divulsa,ForestDryPoor
96768,Carex divulsa,ForestDryPoor
96769,Carex divulsa,ForestDryPoor
96770,Carex divulsa,ForestDryPoor
96771,Carex divulsa,ForestDryPoor
96772,Carex divulsa,ForestDryPoor
96773,Carex divulsa,ForestDryPoor
96774,Carex divulsa,ForestDryPoor
97343,Carex divulsa,ForestDryPoor
97344,Carex divulsa,ForestDryPoor
97345,Carex divulsa,ForestDryPoor
97346,Carex divulsa,ForestDryPoor
97347,Carex divulsa,ForestDryPoor
97348,Carex divulsa,ForestDryPoor
97349,Carex divulsa,ForestDryPoor
97350,Carex divulsa,ForestDryPoor
97351,Carex divulsa,ForestDryPoor
97352,Carex divulsa,ForestDryPoor
97353,Carex divulsa,ForestDryPoor
97354,Carex divulsa,ForestDryPoor
97355,Carex divulsa,ForestDryPoor
97356,Carex divulsa,ForestDryPoor
97357,Carex divulsa,ForestDryPoor
97358,Carex divulsa,ForestDryPoor
97359,Carex divulsa,ForestDryPoor
97360,Carex divulsa,ForestDryPoor
97361,Carex divulsa,ForestDryPoor
97362,Carex divulsa,ForestDryPoor
97363,Carex divulsa,ForestDryPoor
97364,Carex divulsa,ForestDryPoor
97365,Carex divulsa,ForestDryPoor
97366,Carex divulsa,ForestDryPoor
97367,Carex divulsa,ForestDryPoor
97368,Carex divulsa,ForestDryPoor
97369,Carex divulsa,ForestDryPoor
97370,Carex divulsa,ForestDryPoor
97946,Carex divulsa,ForestDryPoor
97947,Carex divulsa,ForestDryPoor
97948,Carex divulsa,ForestDryPoor
97949,Carex divulsa,ForestDryPoor
97950,Carex divulsa,ForestDryPoor
97951,Carex divulsa,ForestDryPoor
97952,Carex divulsa,ForestDryPoor
97953,Carex divulsa,ForestDryPoor
97954,Carex divulsa,ForestDryPoor
97955,Carex divulsa,ForestDryPoor
97956,Carex divulsa,ForestDryPoor
97957,Carex divulsa,ForestDryPoor
97958,Carex divulsa,ForestDryPoor
97959,Carex divulsa,ForestDryPoor
97960,Carex divulsa,ForestDryPoor
97961,Carex divulsa,ForestDryPoor
97962,Carex divulsa,ForestDryPoor
97963,Carex divulsa,ForestDryPoor
97964,Carex divulsa,ForestDryPoor
97965,Carex divulsa,ForestDryPoor
98553,Carex divulsa,ForestDryPoor
98554,Carex divulsa,ForestDryPoor
98555,Carex divulsa,ForestDryPoor
98556,Carex divulsa,ForestDryPoor
