278353,Cerastium fontanum,ForestDryPoor
278354,Cerastium fontanum,ForestDryPoor
278355,Cerastium fontanum,ForestDryPoor
278356,Cerastium fontanum,ForestDryPoor
278357,Cerastium fontanum,ForestDryPoor
278358,Cerastium fontanum,ForestDryPoor
278359,Cerastium fontanum,ForestDryPoor
278360,Cerastium fontanum,ForestDryPoor
278361,Cerastium fontanum,ForestDryPoor
278362,Cerastium fontanum,ForestDryPoor
278363,Cerastium fontanum,ForestDryPoor
278364,Cerastium fontanum,ForestDryPoor
278365,Cerastium fontanum,ForestDryPoor
278366,Cerastium fontanum,ForestDryPoor
278367,Cerastium fontanum,ForestDryPoor
278368,Cerastium fontanum,ForestDryPoor
278369,Cerastium fontanum,ForestDryPoor
278370,Cerastium fontanum,ForestDryPoor
278371,Cerastium fontanum,ForestDryPoor
278372,Cerastium fontanum,ForestDryPoor
278952,Cerastium fontanum,ForestDryPoor
278953,Cerastium fontanum,ForestDryPoor
278954,Cerastium fontanum,ForestDryPoor
278955,Cerastium fontanum,ForestDryPoor
278956,Cerastium fontanum,ForestDryPoor
278957,Cerastium fontanum,ForestDryPoor
278958,Cerastium fontanum,ForestDryPoor
278959,Cerastium fontanum,ForestDryPoor
278960,Cerastium fontanum,ForestDryPoor
278961,Cerastium fontanum,ForestDryPoor
278962,Cerastium fontanum,ForestDryPoor
278963,Cerastium fontanum,ForestDryPoor
278964,Cerastium fontanum,ForestDryPoor
278965,Cerastium fontanum,ForestDryPoor
278966,Cerastium fontanum,ForestDryPoor
278967,Cerastium fontanum,ForestDryPoor
278968,Cerastium fontanum,ForestDryPoor
278969,Cerastium fontanum,ForestDryPoor
278970,Cerastium fontanum,ForestDryPoor
278971,Cerastium fontanum,ForestDryPoor
279551,Cerastium fontanum,ForestDryPoor
279552,Cerastium fontanum,ForestDryPoor
279553,Cerastium fontanum,ForestDryPoor
279554,Cerastium fontanum,ForestDryPoor
279555,Cerastium fontanum,ForestDryPoor
279556,Cerastium fontanum,ForestDryPoor
279557,Cerastium fontanum,ForestDryPoor
279558,Cerastium fontanum,ForestDryPoor
279559,Cerastium fontanum,ForestDryPoor
279560,Cerastium fontanum,ForestDryPoor
279561,Cerastium fontanum,ForestDryPoor
279562,Cerastium fontanum,ForestDryPoor
279563,Cerastium fontanum,ForestDryPoor
279564,Cerastium fontanum,ForestDryPoor
279565,Cerastium fontanum,ForestDryPoor
279566,Cerastium fontanum,ForestDryPoor
279567,Cerastium fontanum,ForestDryPoor
279568,Cerastium fontanum,ForestDryPoor
279569,Cerastium fontanum,ForestDryPoor
279570,Cerastium fontanum,ForestDryPoor
280150,Cerastium fontanum,ForestDryPoor
280151,Cerastium fontanum,ForestDryPoor
280152,Cerastium fontanum,ForestDryPoor
280153,Cerastium fontanum,ForestDryPoor
280154,Cerastium fontanum,ForestDryPoor
280155,Cerastium fontanum,ForestDryPoor
280156,Cerastium fontanum,ForestDryPoor
280157,Cerastium fontanum,ForestDryPoor
280158,Cerastium fontanum,ForestDryPoor
280159,Cerastium fontanum,ForestDryPoor
280160,Cerastium fontanum,ForestDryPoor
280161,Cerastium fontanum,ForestDryPoor
280162,Cerastium fontanum,ForestDryPoor
280163,Cerastium fontanum,ForestDryPoor
280164,Cerastium fontanum,ForestDryPoor
280165,Cerastium fontanum,ForestDryPoor
280166,Cerastium fontanum,ForestDryPoor
280167,Cerastium fontanum,ForestDryPoor
280168,Cerastium fontanum,ForestDryPoor
280169,Cerastium fontanum,ForestDryPoor
280749,Cerastium fontanum,ForestDryPoor
280750,Cerastium fontanum,ForestDryPoor
280751,Cerastium fontanum,ForestDryPoor
280752,Cerastium fontanum,ForestDryPoor
280753,Cerastium fontanum,ForestDryPoor
280754,Cerastium fontanum,ForestDryPoor
280755,Cerastium fontanum,ForestDryPoor
280756,Cerastium fontanum,ForestDryPoor
280757,Cerastium fontanum,ForestDryPoor
280758,Cerastium fontanum,ForestDryPoor
280759,Cerastium fontanum,ForestDryPoor
280760,Cerastium fontanum,ForestDryPoor
280761,Cerastium fontanum,ForestDryPoor
280762,Cerastium fontanum,ForestDryPoor
280763,Cerastium fontanum,ForestDryPoor
280764,Cerastium fontanum,ForestDryPoor
280765,Cerastium fontanum,ForestDryPoor
280766,Cerastium fontanum,ForestDryPoor
280767,Cerastium fontanum,ForestDryPoor
280768,Cerastium fontanum,ForestDryPoor
281348,Cerastium fontanum,ForestDryPoor
281349,Cerastium fontanum,ForestDryPoor
281350,Cerastium fontanum,ForestDryPoor
281351,Cerastium fontanum,ForestDryPoor
281352,Cerastium fontanum,ForestDryPoor
281353,Cerastium fontanum,ForestDryPoor
281354,Cerastium fontanum,ForestDryPoor
281355,Cerastium fontanum,ForestDryPoor
281356,Cerastium fontanum,ForestDryPoor
281357,Cerastium fontanum,ForestDryPoor
281358,Cerastium fontanum,ForestDryPoor
281359,Cerastium fontanum,ForestDryPoor
281360,Cerastium fontanum,ForestDryPoor
281361,Cerastium fontanum,ForestDryPoor
281362,Cerastium fontanum,ForestDryPoor
281363,Cerastium fontanum,ForestDryPoor
281364,Cerastium fontanum,ForestDryPoor
281365,Cerastium fontanum,ForestDryPoor
281366,Cerastium fontanum,ForestDryPoor
281367,Cerastium fontanum,ForestDryPoor
281947,Cerastium fontanum,ForestDryPoor
281948,Cerastium fontanum,ForestDryPoor
281949,Cerastium fontanum,ForestDryPoor
281950,Cerastium fontanum,ForestDryPoor
281951,Cerastium fontanum,ForestDryPoor
281952,Cerastium fontanum,ForestDryPoor
281953,Cerastium fontanum,ForestDryPoor
281954,Cerastium fontanum,ForestDryPoor
281955,Cerastium fontanum,ForestDryPoor
281956,Cerastium fontanum,ForestDryPoor
281957,Cerastium fontanum,ForestDryPoor
281958,Cerastium fontanum,ForestDryPoor
281959,Cerastium fontanum,ForestDryPoor
281960,Cerastium fontanum,ForestDryPoor
281961,Cerastium fontanum,ForestDryPoor
281962,Cerastium fontanum,ForestDryPoor
281963,Cerastium fontanum,ForestDryPoor
281964,Cerastium fontanum,ForestDryPoor
281965,Cerastium fontanum,ForestDryPoor
281966,Cerastium fontanum,ForestDryPoor
282546,Cerastium fontanum,ForestDryPoor
282547,Cerastium fontanum,ForestDryPoor
282548,Cerastium fontanum,ForestDryPoor
282549,Cerastium fontanum,ForestDryPoor
282550,Cerastium fontanum,ForestDryPoor
282551,Cerastium fontanum,ForestDryPoor
282552,Cerastium fontanum,ForestDryPoor
282553,Cerastium fontanum,ForestDryPoor
282554,Cerastium fontanum,ForestDryPoor
282555,Cerastium fontanum,ForestDryPoor
282556,Cerastium fontanum,ForestDryPoor
282557,Cerastium fontanum,ForestDryPoor
282558,Cerastium fontanum,ForestDryPoor
282559,Cerastium fontanum,ForestDryPoor
282560,Cerastium fontanum,ForestDryPoor
282561,Cerastium fontanum,ForestDryPoor
282562,Cerastium fontanum,ForestDryPoor
282563,Cerastium fontanum,ForestDryPoor
282564,Cerastium fontanum,ForestDryPoor
282565,Cerastium fontanum,ForestDryPoor
283145,Cerastium fontanum,ForestDryPoor
283146,Cerastium fontanum,ForestDryPoor
283147,Cerastium fontanum,ForestDryPoor
283148,Cerastium fontanum,ForestDryPoor
283149,Cerastium fontanum,ForestDryPoor
283150,Cerastium fontanum,ForestDryPoor
283151,Cerastium fontanum,ForestDryPoor
283152,Cerastium fontanum,ForestDryPoor
283153,Cerastium fontanum,ForestDryPoor
283154,Cerastium fontanum,ForestDryPoor
283155,Cerastium fontanum,ForestDryPoor
283156,Cerastium fontanum,ForestDryPoor
283157,Cerastium fontanum,ForestDryPoor
283158,Cerastium fontanum,ForestDryPoor
283159,Cerastium fontanum,ForestDryPoor
283160,Cerastium fontanum,ForestDryPoor
283161,Cerastium fontanum,ForestDryPoor
283162,Cerastium fontanum,ForestDryPoor
283163,Cerastium fontanum,ForestDryPoor
283164,Cerastium fontanum,ForestDryPoor
283744,Cerastium fontanum,ForestDryPoor
283745,Cerastium fontanum,ForestDryPoor
283746,Cerastium fontanum,ForestDryPoor
283747,Cerastium fontanum,ForestDryPoor
283748,Cerastium fontanum,ForestDryPoor
283749,Cerastium fontanum,ForestDryPoor
283750,Cerastium fontanum,ForestDryPoor
283751,Cerastium fontanum,ForestDryPoor
283752,Cerastium fontanum,ForestDryPoor
283753,Cerastium fontanum,ForestDryPoor
283754,Cerastium fontanum,ForestDryPoor
283755,Cerastium fontanum,ForestDryPoor
283756,Cerastium fontanum,ForestDryPoor
283757,Cerastium fontanum,ForestDryPoor
283758,Cerastium fontanum,ForestDryPoor
283759,Cerastium fontanum,ForestDryPoor
283760,Cerastium fontanum,ForestDryPoor
283761,Cerastium fontanum,ForestDryPoor
283762,Cerastium fontanum,ForestDryPoor
283763,Cerastium fontanum,ForestDryPoor
284343,Cerastium fontanum,ForestDryPoor
284344,Cerastium fontanum,ForestDryPoor
284345,Cerastium fontanum,ForestDryPoor
284346,Cerastium fontanum,ForestDryPoor
284347,Cerastium fontanum,ForestDryPoor
284348,Cerastium fontanum,ForestDryPoor
284349,Cerastium fontanum,ForestDryPoor
284350,Cerastium fontanum,ForestDryPoor
284351,Cerastium fontanum,ForestDryPoor
284352,Cerastium fontanum,ForestDryPoor
284353,Cerastium fontanum,ForestDryPoor
284354,Cerastium fontanum,ForestDryPoor
284355,Cerastium fontanum,ForestDryPoor
284356,Cerastium fontanum,ForestDryPoor
284357,Cerastium fontanum,ForestDryPoor
284358,Cerastium fontanum,ForestDryPoor
284359,Cerastium fontanum,ForestDryPoor
284360,Cerastium fontanum,ForestDryPoor
284361,Cerastium fontanum,ForestDryPoor
284362,Cerastium fontanum,ForestDryPoor
284942,Cerastium fontanum,ForestDryPoor
284943,Cerastium fontanum,ForestDryPoor
284944,Cerastium fontanum,ForestDryPoor
284945,Cerastium fontanum,ForestDryPoor
284946,Cerastium fontanum,ForestDryPoor
284947,Cerastium fontanum,ForestDryPoor
284948,Cerastium fontanum,ForestDryPoor
284949,Cerastium fontanum,ForestDryPoor
284950,Cerastium fontanum,ForestDryPoor
284951,Cerastium fontanum,ForestDryPoor
284952,Cerastium fontanum,ForestDryPoor
284953,Cerastium fontanum,ForestDryPoor
284954,Cerastium fontanum,ForestDryPoor
284955,Cerastium fontanum,ForestDryPoor
284956,Cerastium fontanum,ForestDryPoor
284957,Cerastium fontanum,ForestDryPoor
284958,Cerastium fontanum,ForestDryPoor
284959,Cerastium fontanum,ForestDryPoor
284960,Cerastium fontanum,ForestDryPoor
284961,Cerastium fontanum,ForestDryPoor
285541,Cerastium fontanum,ForestDryPoor
285542,Cerastium fontanum,ForestDryPoor
285543,Cerastium fontanum,ForestDryPoor
285544,Cerastium fontanum,ForestDryPoor
285545,Cerastium fontanum,ForestDryPoor
285546,Cerastium fontanum,ForestDryPoor
285547,Cerastium fontanum,ForestDryPoor
285548,Cerastium fontanum,ForestDryPoor
285549,Cerastium fontanum,ForestDryPoor
285550,Cerastium fontanum,ForestDryPoor
285551,Cerastium fontanum,ForestDryPoor
285552,Cerastium fontanum,ForestDryPoor
285553,Cerastium fontanum,ForestDryPoor
285554,Cerastium fontanum,ForestDryPoor
285555,Cerastium fontanum,ForestDryPoor
285556,Cerastium fontanum,ForestDryPoor
285557,Cerastium fontanum,ForestDryPoor
285558,Cerastium fontanum,ForestDryPoor
285559,Cerastium fontanum,ForestDryPoor
285560,Cerastium fontanum,ForestDryPoor
286140,Cerastium fontanum,ForestDryPoor
286141,Cerastium fontanum,ForestDryPoor
286142,Cerastium fontanum,ForestDryPoor
286143,Cerastium fontanum,ForestDryPoor
286144,Cerastium fontanum,ForestDryPoor
286145,Cerastium fontanum,ForestDryPoor
286146,Cerastium fontanum,ForestDryPoor
286147,Cerastium fontanum,ForestDryPoor
286148,Cerastium fontanum,ForestDryPoor
286149,Cerastium fontanum,ForestDryPoor
286150,Cerastium fontanum,ForestDryPoor
286151,Cerastium fontanum,ForestDryPoor
286152,Cerastium fontanum,ForestDryPoor
286153,Cerastium fontanum,ForestDryPoor
286154,Cerastium fontanum,ForestDryPoor
286155,Cerastium fontanum,ForestDryPoor
286156,Cerastium fontanum,ForestDryPoor
286157,Cerastium fontanum,ForestDryPoor
286158,Cerastium fontanum,ForestDryPoor
286159,Cerastium fontanum,ForestDryPoor
286739,Cerastium fontanum,ForestDryPoor
286740,Cerastium fontanum,ForestDryPoor
286741,Cerastium fontanum,ForestDryPoor
286742,Cerastium fontanum,ForestDryPoor
286743,Cerastium fontanum,ForestDryPoor
286744,Cerastium fontanum,ForestDryPoor
286745,Cerastium fontanum,ForestDryPoor
286746,Cerastium fontanum,ForestDryPoor
286747,Cerastium fontanum,ForestDryPoor
286748,Cerastium fontanum,ForestDryPoor
286749,Cerastium fontanum,ForestDryPoor
286750,Cerastium fontanum,ForestDryPoor
286751,Cerastium fontanum,ForestDryPoor
286752,Cerastium fontanum,ForestDryPoor
286753,Cerastium fontanum,ForestDryPoor
286754,Cerastium fontanum,ForestDryPoor
286755,Cerastium fontanum,ForestDryPoor
286756,Cerastium fontanum,ForestDryPoor
286757,Cerastium fontanum,ForestDryPoor
286758,Cerastium fontanum,ForestDryPoor
287338,Cerastium fontanum,ForestDryPoor
287339,Cerastium fontanum,ForestDryPoor
287340,Cerastium fontanum,ForestDryPoor
287341,Cerastium fontanum,ForestDryPoor
287342,Cerastium fontanum,ForestDryPoor
287343,Cerastium fontanum,ForestDryPoor
287344,Cerastium fontanum,ForestDryPoor
287345,Cerastium fontanum,ForestDryPoor
287346,Cerastium fontanum,ForestDryPoor
287347,Cerastium fontanum,ForestDryPoor
287348,Cerastium fontanum,ForestDryPoor
287349,Cerastium fontanum,ForestDryPoor
287350,Cerastium fontanum,ForestDryPoor
287351,Cerastium fontanum,ForestDryPoor
287352,Cerastium fontanum,ForestDryPoor
287353,Cerastium fontanum,ForestDryPoor
287354,Cerastium fontanum,ForestDryPoor
287355,Cerastium fontanum,ForestDryPoor
287356,Cerastium fontanum,ForestDryPoor
287357,Cerastium fontanum,ForestDryPoor
287937,Cerastium fontanum,ForestDryPoor
287938,Cerastium fontanum,ForestDryPoor
287939,Cerastium fontanum,ForestDryPoor
287940,Cerastium fontanum,ForestDryPoor
287941,Cerastium fontanum,ForestDryPoor
287942,Cerastium fontanum,ForestDryPoor
287943,Cerastium fontanum,ForestDryPoor
287944,Cerastium fontanum,ForestDryPoor
287945,Cerastium fontanum,ForestDryPoor
287946,Cerastium fontanum,ForestDryPoor
287947,Cerastium fontanum,ForestDryPoor
287948,Cerastium fontanum,ForestDryPoor
287949,Cerastium fontanum,ForestDryPoor
287950,Cerastium fontanum,ForestDryPoor
287951,Cerastium fontanum,ForestDryPoor
287952,Cerastium fontanum,ForestDryPoor
287953,Cerastium fontanum,ForestDryPoor
287954,Cerastium fontanum,ForestDryPoor
287955,Cerastium fontanum,ForestDryPoor
287956,Cerastium fontanum,ForestDryPoor
288536,Cerastium fontanum,ForestDryPoor
288537,Cerastium fontanum,ForestDryPoor
288538,Cerastium fontanum,ForestDryPoor
288539,Cerastium fontanum,ForestDryPoor
288540,Cerastium fontanum,ForestDryPoor
288541,Cerastium fontanum,ForestDryPoor
288542,Cerastium fontanum,ForestDryPoor
288543,Cerastium fontanum,ForestDryPoor
288544,Cerastium fontanum,ForestDryPoor
288545,Cerastium fontanum,ForestDryPoor
288546,Cerastium fontanum,ForestDryPoor
288547,Cerastium fontanum,ForestDryPoor
288548,Cerastium fontanum,ForestDryPoor
288549,Cerastium fontanum,ForestDryPoor
288550,Cerastium fontanum,ForestDryPoor
288551,Cerastium fontanum,ForestDryPoor
288552,Cerastium fontanum,ForestDryPoor
288553,Cerastium fontanum,ForestDryPoor
288554,Cerastium fontanum,ForestDryPoor
288555,Cerastium fontanum,ForestDryPoor
289135,Cerastium fontanum,ForestDryPoor
289136,Cerastium fontanum,ForestDryPoor
289137,Cerastium fontanum,ForestDryPoor
289138,Cerastium fontanum,ForestDryPoor
289139,Cerastium fontanum,ForestDryPoor
289140,Cerastium fontanum,ForestDryPoor
289141,Cerastium fontanum,ForestDryPoor
289142,Cerastium fontanum,ForestDryPoor
289143,Cerastium fontanum,ForestDryPoor
289144,Cerastium fontanum,ForestDryPoor
289145,Cerastium fontanum,ForestDryPoor
289146,Cerastium fontanum,ForestDryPoor
289147,Cerastium fontanum,ForestDryPoor
289148,Cerastium fontanum,ForestDryPoor
289149,Cerastium fontanum,ForestDryPoor
289150,Cerastium fontanum,ForestDryPoor
289151,Cerastium fontanum,ForestDryPoor
289152,Cerastium fontanum,ForestDryPoor
289153,Cerastium fontanum,ForestDryPoor
289154,Cerastium fontanum,ForestDryPoor
289734,Cerastium fontanum,ForestDryPoor
289735,Cerastium fontanum,ForestDryPoor
289736,Cerastium fontanum,ForestDryPoor
289737,Cerastium fontanum,ForestDryPoor
289738,Cerastium fontanum,ForestDryPoor
289739,Cerastium fontanum,ForestDryPoor
289740,Cerastium fontanum,ForestDryPoor
289741,Cerastium fontanum,ForestDryPoor
289742,Cerastium fontanum,ForestDryPoor
289743,Cerastium fontanum,ForestDryPoor
289744,Cerastium fontanum,ForestDryPoor
289745,Cerastium fontanum,ForestDryPoor
289746,Cerastium fontanum,ForestDryPoor
289747,Cerastium fontanum,ForestDryPoor
289748,Cerastium fontanum,ForestDryPoor
289749,Cerastium fontanum,ForestDryPoor
289750,Cerastium fontanum,ForestDryPoor
289751,Cerastium fontanum,ForestDryPoor
289752,Cerastium fontanum,ForestDryPoor
289753,Cerastium fontanum,ForestDryPoor
314313,Cerastium fontanum,ForestDryPoor
314314,Cerastium fontanum,ForestDryPoor
314315,Cerastium fontanum,ForestDryPoor
314316,Cerastium fontanum,ForestDryPoor
314317,Cerastium fontanum,ForestDryPoor
314318,Cerastium fontanum,ForestDryPoor
314319,Cerastium fontanum,ForestDryPoor
314320,Cerastium fontanum,ForestDryPoor
314321,Cerastium fontanum,ForestDryPoor
314322,Cerastium fontanum,ForestDryPoor
314323,Cerastium fontanum,ForestDryPoor
314324,Cerastium fontanum,ForestDryPoor
314325,Cerastium fontanum,ForestDryPoor
314326,Cerastium fontanum,ForestDryPoor
314327,Cerastium fontanum,ForestDryPoor
314328,Cerastium fontanum,ForestDryPoor
314329,Cerastium fontanum,ForestDryPoor
314330,Cerastium fontanum,ForestDryPoor
314331,Cerastium fontanum,ForestDryPoor
314332,Cerastium fontanum,ForestDryPoor
314912,Cerastium fontanum,ForestDryPoor
314913,Cerastium fontanum,ForestDryPoor
314914,Cerastium fontanum,ForestDryPoor
314915,Cerastium fontanum,ForestDryPoor
314916,Cerastium fontanum,ForestDryPoor
314917,Cerastium fontanum,ForestDryPoor
314918,Cerastium fontanum,ForestDryPoor
314919,Cerastium fontanum,ForestDryPoor
314920,Cerastium fontanum,ForestDryPoor
314921,Cerastium fontanum,ForestDryPoor
314922,Cerastium fontanum,ForestDryPoor
314923,Cerastium fontanum,ForestDryPoor
314924,Cerastium fontanum,ForestDryPoor
314925,Cerastium fontanum,ForestDryPoor
314926,Cerastium fontanum,ForestDryPoor
314927,Cerastium fontanum,ForestDryPoor
314928,Cerastium fontanum,ForestDryPoor
314929,Cerastium fontanum,ForestDryPoor
314930,Cerastium fontanum,ForestDryPoor
314931,Cerastium fontanum,ForestDryPoor
315511,Cerastium fontanum,ForestDryPoor
315512,Cerastium fontanum,ForestDryPoor
315513,Cerastium fontanum,ForestDryPoor
315514,Cerastium fontanum,ForestDryPoor
315515,Cerastium fontanum,ForestDryPoor
315516,Cerastium fontanum,ForestDryPoor
315517,Cerastium fontanum,ForestDryPoor
315518,Cerastium fontanum,ForestDryPoor
315519,Cerastium fontanum,ForestDryPoor
315520,Cerastium fontanum,ForestDryPoor
315521,Cerastium fontanum,ForestDryPoor
315522,Cerastium fontanum,ForestDryPoor
315523,Cerastium fontanum,ForestDryPoor
315524,Cerastium fontanum,ForestDryPoor
315525,Cerastium fontanum,ForestDryPoor
315526,Cerastium fontanum,ForestDryPoor
315527,Cerastium fontanum,ForestDryPoor
315528,Cerastium fontanum,ForestDryPoor
315529,Cerastium fontanum,ForestDryPoor
315530,Cerastium fontanum,ForestDryPoor
316110,Cerastium fontanum,ForestDryPoor
316111,Cerastium fontanum,ForestDryPoor
316112,Cerastium fontanum,ForestDryPoor
316113,Cerastium fontanum,ForestDryPoor
316114,Cerastium fontanum,ForestDryPoor
316115,Cerastium fontanum,ForestDryPoor
316116,Cerastium fontanum,ForestDryPoor
316117,Cerastium fontanum,ForestDryPoor
316118,Cerastium fontanum,ForestDryPoor
316119,Cerastium fontanum,ForestDryPoor
316120,Cerastium fontanum,ForestDryPoor
316121,Cerastium fontanum,ForestDryPoor
316122,Cerastium fontanum,ForestDryPoor
316123,Cerastium fontanum,ForestDryPoor
316124,Cerastium fontanum,ForestDryPoor
316125,Cerastium fontanum,ForestDryPoor
316126,Cerastium fontanum,ForestDryPoor
316127,Cerastium fontanum,ForestDryPoor
316128,Cerastium fontanum,ForestDryPoor
316129,Cerastium fontanum,ForestDryPoor
316709,Cerastium fontanum,ForestDryPoor
316710,Cerastium fontanum,ForestDryPoor
316711,Cerastium fontanum,ForestDryPoor
316712,Cerastium fontanum,ForestDryPoor
316713,Cerastium fontanum,ForestDryPoor
316714,Cerastium fontanum,ForestDryPoor
316715,Cerastium fontanum,ForestDryPoor
316716,Cerastium fontanum,ForestDryPoor
316717,Cerastium fontanum,ForestDryPoor
316718,Cerastium fontanum,ForestDryPoor
316719,Cerastium fontanum,ForestDryPoor
316720,Cerastium fontanum,ForestDryPoor
316721,Cerastium fontanum,ForestDryPoor
316722,Cerastium fontanum,ForestDryPoor
316723,Cerastium fontanum,ForestDryPoor
316724,Cerastium fontanum,ForestDryPoor
316725,Cerastium fontanum,ForestDryPoor
316726,Cerastium fontanum,ForestDryPoor
316727,Cerastium fontanum,ForestDryPoor
316728,Cerastium fontanum,ForestDryPoor
317308,Cerastium fontanum,ForestDryPoor
317309,Cerastium fontanum,ForestDryPoor
317310,Cerastium fontanum,ForestDryPoor
317311,Cerastium fontanum,ForestDryPoor
317312,Cerastium fontanum,ForestDryPoor
317313,Cerastium fontanum,ForestDryPoor
317314,Cerastium fontanum,ForestDryPoor
317315,Cerastium fontanum,ForestDryPoor
317316,Cerastium fontanum,ForestDryPoor
317317,Cerastium fontanum,ForestDryPoor
317318,Cerastium fontanum,ForestDryPoor
317319,Cerastium fontanum,ForestDryPoor
317320,Cerastium fontanum,ForestDryPoor
317321,Cerastium fontanum,ForestDryPoor
317322,Cerastium fontanum,ForestDryPoor
317323,Cerastium fontanum,ForestDryPoor
317324,Cerastium fontanum,ForestDryPoor
317325,Cerastium fontanum,ForestDryPoor
317326,Cerastium fontanum,ForestDryPoor
317907,Cerastium fontanum,ForestDryPoor
317908,Cerastium fontanum,ForestDryPoor
317909,Cerastium fontanum,ForestDryPoor
317910,Cerastium fontanum,ForestDryPoor
317911,Cerastium fontanum,ForestDryPoor
317912,Cerastium fontanum,ForestDryPoor
317913,Cerastium fontanum,ForestDryPoor
317914,Cerastium fontanum,ForestDryPoor
317915,Cerastium fontanum,ForestDryPoor
317916,Cerastium fontanum,ForestDryPoor
317917,Cerastium fontanum,ForestDryPoor
317918,Cerastium fontanum,ForestDryPoor
317919,Cerastium fontanum,ForestDryPoor
317920,Cerastium fontanum,ForestDryPoor
317921,Cerastium fontanum,ForestDryPoor
317922,Cerastium fontanum,ForestDryPoor
317923,Cerastium fontanum,ForestDryPoor
317924,Cerastium fontanum,ForestDryPoor
317925,Cerastium fontanum,ForestDryPoor
318506,Cerastium fontanum,ForestDryPoor
318507,Cerastium fontanum,ForestDryPoor
318508,Cerastium fontanum,ForestDryPoor
318509,Cerastium fontanum,ForestDryPoor
318510,Cerastium fontanum,ForestDryPoor
318511,Cerastium fontanum,ForestDryPoor
318512,Cerastium fontanum,ForestDryPoor
318513,Cerastium fontanum,ForestDryPoor
318514,Cerastium fontanum,ForestDryPoor
318515,Cerastium fontanum,ForestDryPoor
318516,Cerastium fontanum,ForestDryPoor
318517,Cerastium fontanum,ForestDryPoor
318518,Cerastium fontanum,ForestDryPoor
318519,Cerastium fontanum,ForestDryPoor
318520,Cerastium fontanum,ForestDryPoor
318521,Cerastium fontanum,ForestDryPoor
318522,Cerastium fontanum,ForestDryPoor
318523,Cerastium fontanum,ForestDryPoor
319105,Cerastium fontanum,ForestDryPoor
319106,Cerastium fontanum,ForestDryPoor
319107,Cerastium fontanum,ForestDryPoor
319108,Cerastium fontanum,ForestDryPoor
319109,Cerastium fontanum,ForestDryPoor
319110,Cerastium fontanum,ForestDryPoor
319111,Cerastium fontanum,ForestDryPoor
319112,Cerastium fontanum,ForestDryPoor
319113,Cerastium fontanum,ForestDryPoor
319114,Cerastium fontanum,ForestDryPoor
319115,Cerastium fontanum,ForestDryPoor
319116,Cerastium fontanum,ForestDryPoor
319117,Cerastium fontanum,ForestDryPoor
319118,Cerastium fontanum,ForestDryPoor
319119,Cerastium fontanum,ForestDryPoor
319120,Cerastium fontanum,ForestDryPoor
319704,Cerastium fontanum,ForestDryPoor
319705,Cerastium fontanum,ForestDryPoor
319706,Cerastium fontanum,ForestDryPoor
319707,Cerastium fontanum,ForestDryPoor
319708,Cerastium fontanum,ForestDryPoor
319709,Cerastium fontanum,ForestDryPoor
319710,Cerastium fontanum,ForestDryPoor
319711,Cerastium fontanum,ForestDryPoor
319712,Cerastium fontanum,ForestDryPoor
319713,Cerastium fontanum,ForestDryPoor
319714,Cerastium fontanum,ForestDryPoor
319715,Cerastium fontanum,ForestDryPoor
319716,Cerastium fontanum,ForestDryPoor
319717,Cerastium fontanum,ForestDryPoor
319718,Cerastium fontanum,ForestDryPoor
320303,Cerastium fontanum,ForestDryPoor
320304,Cerastium fontanum,ForestDryPoor
320305,Cerastium fontanum,ForestDryPoor
320306,Cerastium fontanum,ForestDryPoor
320307,Cerastium fontanum,ForestDryPoor
320308,Cerastium fontanum,ForestDryPoor
320309,Cerastium fontanum,ForestDryPoor
320310,Cerastium fontanum,ForestDryPoor
320311,Cerastium fontanum,ForestDryPoor
320312,Cerastium fontanum,ForestDryPoor
320313,Cerastium fontanum,ForestDryPoor
320314,Cerastium fontanum,ForestDryPoor
320315,Cerastium fontanum,ForestDryPoor
320316,Cerastium fontanum,ForestDryPoor
320902,Cerastium fontanum,ForestDryPoor
320903,Cerastium fontanum,ForestDryPoor
320904,Cerastium fontanum,ForestDryPoor
320905,Cerastium fontanum,ForestDryPoor
320906,Cerastium fontanum,ForestDryPoor
320907,Cerastium fontanum,ForestDryPoor
320908,Cerastium fontanum,ForestDryPoor
320909,Cerastium fontanum,ForestDryPoor
320910,Cerastium fontanum,ForestDryPoor
320911,Cerastium fontanum,ForestDryPoor
320912,Cerastium fontanum,ForestDryPoor
320913,Cerastium fontanum,ForestDryPoor
320914,Cerastium fontanum,ForestDryPoor
321501,Cerastium fontanum,ForestDryPoor
321502,Cerastium fontanum,ForestDryPoor
321503,Cerastium fontanum,ForestDryPoor
321504,Cerastium fontanum,ForestDryPoor
321505,Cerastium fontanum,ForestDryPoor
321506,Cerastium fontanum,ForestDryPoor
321507,Cerastium fontanum,ForestDryPoor
321508,Cerastium fontanum,ForestDryPoor
321509,Cerastium fontanum,ForestDryPoor
321510,Cerastium fontanum,ForestDryPoor
321511,Cerastium fontanum,ForestDryPoor
321512,Cerastium fontanum,ForestDryPoor
322100,Cerastium fontanum,ForestDryPoor
322101,Cerastium fontanum,ForestDryPoor
322102,Cerastium fontanum,ForestDryPoor
322103,Cerastium fontanum,ForestDryPoor
322104,Cerastium fontanum,ForestDryPoor
322105,Cerastium fontanum,ForestDryPoor
322106,Cerastium fontanum,ForestDryPoor
322107,Cerastium fontanum,ForestDryPoor
322108,Cerastium fontanum,ForestDryPoor
322109,Cerastium fontanum,ForestDryPoor
322699,Cerastium fontanum,ForestDryPoor
322700,Cerastium fontanum,ForestDryPoor
322701,Cerastium fontanum,ForestDryPoor
322702,Cerastium fontanum,ForestDryPoor
322703,Cerastium fontanum,ForestDryPoor
322704,Cerastium fontanum,ForestDryPoor
322705,Cerastium fontanum,ForestDryPoor
322706,Cerastium fontanum,ForestDryPoor
323298,Cerastium fontanum,ForestDryPoor
323299,Cerastium fontanum,ForestDryPoor
323300,Cerastium fontanum,ForestDryPoor
323301,Cerastium fontanum,ForestDryPoor
323302,Cerastium fontanum,ForestDryPoor
323303,Cerastium fontanum,ForestDryPoor
323304,Cerastium fontanum,ForestDryPoor
323897,Cerastium fontanum,ForestDryPoor
323898,Cerastium fontanum,ForestDryPoor
323899,Cerastium fontanum,ForestDryPoor
323900,Cerastium fontanum,ForestDryPoor
323901,Cerastium fontanum,ForestDryPoor
324496,Cerastium fontanum,ForestDryPoor
324497,Cerastium fontanum,ForestDryPoor
