50673,Chrysosplenium alternifolium,ForestDryPoor
50674,Chrysosplenium alternifolium,ForestDryPoor
50675,Chrysosplenium alternifolium,ForestDryPoor
50676,Chrysosplenium alternifolium,ForestDryPoor
50677,Chrysosplenium alternifolium,ForestDryPoor
50678,Chrysosplenium alternifolium,ForestDryPoor
50679,Chrysosplenium alternifolium,ForestDryPoor
50680,Chrysosplenium alternifolium,ForestDryPoor
50681,Chrysosplenium alternifolium,ForestDryPoor
50682,Chrysosplenium alternifolium,ForestDryPoor
50683,Chrysosplenium alternifolium,ForestDryPoor
50684,Chrysosplenium alternifolium,ForestDryPoor
50685,Chrysosplenium alternifolium,ForestDryPoor
50686,Chrysosplenium alternifolium,ForestDryPoor
50687,Chrysosplenium alternifolium,ForestDryPoor
50688,Chrysosplenium alternifolium,ForestDryPoor
50689,Chrysosplenium alternifolium,ForestDryPoor
50690,Chrysosplenium alternifolium,ForestDryPoor
50691,Chrysosplenium alternifolium,ForestDryPoor
50692,Chrysosplenium alternifolium,ForestDryPoor
51272,Chrysosplenium alternifolium,ForestDryPoor
51273,Chrysosplenium alternifolium,ForestDryPoor
51274,Chrysosplenium alternifolium,ForestDryPoor
51275,Chrysosplenium alternifolium,ForestDryPoor
51276,Chrysosplenium alternifolium,ForestDryPoor
51277,Chrysosplenium alternifolium,ForestDryPoor
51278,Chrysosplenium alternifolium,ForestDryPoor
51279,Chrysosplenium alternifolium,ForestDryPoor
51280,Chrysosplenium alternifolium,ForestDryPoor
51281,Chrysosplenium alternifolium,ForestDryPoor
51282,Chrysosplenium alternifolium,ForestDryPoor
51283,Chrysosplenium alternifolium,ForestDryPoor
51284,Chrysosplenium alternifolium,ForestDryPoor
51285,Chrysosplenium alternifolium,ForestDryPoor
51286,Chrysosplenium alternifolium,ForestDryPoor
51287,Chrysosplenium alternifolium,ForestDryPoor
51288,Chrysosplenium alternifolium,ForestDryPoor
51289,Chrysosplenium alternifolium,ForestDryPoor
51290,Chrysosplenium alternifolium,ForestDryPoor
51291,Chrysosplenium alternifolium,ForestDryPoor
51871,Chrysosplenium alternifolium,ForestDryPoor
51872,Chrysosplenium alternifolium,ForestDryPoor
51873,Chrysosplenium alternifolium,ForestDryPoor
51874,Chrysosplenium alternifolium,ForestDryPoor
51875,Chrysosplenium alternifolium,ForestDryPoor
51876,Chrysosplenium alternifolium,ForestDryPoor
51877,Chrysosplenium alternifolium,ForestDryPoor
51878,Chrysosplenium alternifolium,ForestDryPoor
51879,Chrysosplenium alternifolium,ForestDryPoor
51880,Chrysosplenium alternifolium,ForestDryPoor
51881,Chrysosplenium alternifolium,ForestDryPoor
51882,Chrysosplenium alternifolium,ForestDryPoor
51883,Chrysosplenium alternifolium,ForestDryPoor
51884,Chrysosplenium alternifolium,ForestDryPoor
51885,Chrysosplenium alternifolium,ForestDryPoor
51886,Chrysosplenium alternifolium,ForestDryPoor
51887,Chrysosplenium alternifolium,ForestDryPoor
51888,Chrysosplenium alternifolium,ForestDryPoor
51889,Chrysosplenium alternifolium,ForestDryPoor
51890,Chrysosplenium alternifolium,ForestDryPoor
52470,Chrysosplenium alternifolium,ForestDryPoor
52471,Chrysosplenium alternifolium,ForestDryPoor
52472,Chrysosplenium alternifolium,ForestDryPoor
52473,Chrysosplenium alternifolium,ForestDryPoor
52474,Chrysosplenium alternifolium,ForestDryPoor
52475,Chrysosplenium alternifolium,ForestDryPoor
52476,Chrysosplenium alternifolium,ForestDryPoor
52477,Chrysosplenium alternifolium,ForestDryPoor
52478,Chrysosplenium alternifolium,ForestDryPoor
52479,Chrysosplenium alternifolium,ForestDryPoor
52480,Chrysosplenium alternifolium,ForestDryPoor
52481,Chrysosplenium alternifolium,ForestDryPoor
52482,Chrysosplenium alternifolium,ForestDryPoor
52483,Chrysosplenium alternifolium,ForestDryPoor
52484,Chrysosplenium alternifolium,ForestDryPoor
52485,Chrysosplenium alternifolium,ForestDryPoor
52486,Chrysosplenium alternifolium,ForestDryPoor
52487,Chrysosplenium alternifolium,ForestDryPoor
52488,Chrysosplenium alternifolium,ForestDryPoor
52489,Chrysosplenium alternifolium,ForestDryPoor
53069,Chrysosplenium alternifolium,ForestDryPoor
53070,Chrysosplenium alternifolium,ForestDryPoor
53071,Chrysosplenium alternifolium,ForestDryPoor
53072,Chrysosplenium alternifolium,ForestDryPoor
53073,Chrysosplenium alternifolium,ForestDryPoor
53074,Chrysosplenium alternifolium,ForestDryPoor
53075,Chrysosplenium alternifolium,ForestDryPoor
53076,Chrysosplenium alternifolium,ForestDryPoor
53077,Chrysosplenium alternifolium,ForestDryPoor
53078,Chrysosplenium alternifolium,ForestDryPoor
53079,Chrysosplenium alternifolium,ForestDryPoor
53080,Chrysosplenium alternifolium,ForestDryPoor
53081,Chrysosplenium alternifolium,ForestDryPoor
53082,Chrysosplenium alternifolium,ForestDryPoor
53083,Chrysosplenium alternifolium,ForestDryPoor
53084,Chrysosplenium alternifolium,ForestDryPoor
53085,Chrysosplenium alternifolium,ForestDryPoor
53086,Chrysosplenium alternifolium,ForestDryPoor
53087,Chrysosplenium alternifolium,ForestDryPoor
53088,Chrysosplenium alternifolium,ForestDryPoor
53627,Chrysosplenium alternifolium,ForestDryPoor
53668,Chrysosplenium alternifolium,ForestDryPoor
53669,Chrysosplenium alternifolium,ForestDryPoor
53670,Chrysosplenium alternifolium,ForestDryPoor
53671,Chrysosplenium alternifolium,ForestDryPoor
53672,Chrysosplenium alternifolium,ForestDryPoor
53673,Chrysosplenium alternifolium,ForestDryPoor
53674,Chrysosplenium alternifolium,ForestDryPoor
53675,Chrysosplenium alternifolium,ForestDryPoor
53676,Chrysosplenium alternifolium,ForestDryPoor
53677,Chrysosplenium alternifolium,ForestDryPoor
53678,Chrysosplenium alternifolium,ForestDryPoor
53679,Chrysosplenium alternifolium,ForestDryPoor
53680,Chrysosplenium alternifolium,ForestDryPoor
53681,Chrysosplenium alternifolium,ForestDryPoor
53682,Chrysosplenium alternifolium,ForestDryPoor
53683,Chrysosplenium alternifolium,ForestDryPoor
53684,Chrysosplenium alternifolium,ForestDryPoor
53685,Chrysosplenium alternifolium,ForestDryPoor
53686,Chrysosplenium alternifolium,ForestDryPoor
53687,Chrysosplenium alternifolium,ForestDryPoor
54226,Chrysosplenium alternifolium,ForestDryPoor
54267,Chrysosplenium alternifolium,ForestDryPoor
54268,Chrysosplenium alternifolium,ForestDryPoor
54269,Chrysosplenium alternifolium,ForestDryPoor
54270,Chrysosplenium alternifolium,ForestDryPoor
54271,Chrysosplenium alternifolium,ForestDryPoor
54272,Chrysosplenium alternifolium,ForestDryPoor
54273,Chrysosplenium alternifolium,ForestDryPoor
54274,Chrysosplenium alternifolium,ForestDryPoor
54275,Chrysosplenium alternifolium,ForestDryPoor
54276,Chrysosplenium alternifolium,ForestDryPoor
54277,Chrysosplenium alternifolium,ForestDryPoor
54278,Chrysosplenium alternifolium,ForestDryPoor
54279,Chrysosplenium alternifolium,ForestDryPoor
54280,Chrysosplenium alternifolium,ForestDryPoor
54281,Chrysosplenium alternifolium,ForestDryPoor
54282,Chrysosplenium alternifolium,ForestDryPoor
54283,Chrysosplenium alternifolium,ForestDryPoor
54284,Chrysosplenium alternifolium,ForestDryPoor
54285,Chrysosplenium alternifolium,ForestDryPoor
54286,Chrysosplenium alternifolium,ForestDryPoor
54825,Chrysosplenium alternifolium,ForestDryPoor
54866,Chrysosplenium alternifolium,ForestDryPoor
54867,Chrysosplenium alternifolium,ForestDryPoor
54868,Chrysosplenium alternifolium,ForestDryPoor
54869,Chrysosplenium alternifolium,ForestDryPoor
54870,Chrysosplenium alternifolium,ForestDryPoor
54871,Chrysosplenium alternifolium,ForestDryPoor
54872,Chrysosplenium alternifolium,ForestDryPoor
54873,Chrysosplenium alternifolium,ForestDryPoor
54874,Chrysosplenium alternifolium,ForestDryPoor
54875,Chrysosplenium alternifolium,ForestDryPoor
54876,Chrysosplenium alternifolium,ForestDryPoor
54877,Chrysosplenium alternifolium,ForestDryPoor
54878,Chrysosplenium alternifolium,ForestDryPoor
54879,Chrysosplenium alternifolium,ForestDryPoor
54880,Chrysosplenium alternifolium,ForestDryPoor
54881,Chrysosplenium alternifolium,ForestDryPoor
54882,Chrysosplenium alternifolium,ForestDryPoor
54883,Chrysosplenium alternifolium,ForestDryPoor
54884,Chrysosplenium alternifolium,ForestDryPoor
54885,Chrysosplenium alternifolium,ForestDryPoor
55424,Chrysosplenium alternifolium,ForestDryPoor
55465,Chrysosplenium alternifolium,ForestDryPoor
55466,Chrysosplenium alternifolium,ForestDryPoor
55467,Chrysosplenium alternifolium,ForestDryPoor
55468,Chrysosplenium alternifolium,ForestDryPoor
55469,Chrysosplenium alternifolium,ForestDryPoor
55470,Chrysosplenium alternifolium,ForestDryPoor
55471,Chrysosplenium alternifolium,ForestDryPoor
55472,Chrysosplenium alternifolium,ForestDryPoor
55473,Chrysosplenium alternifolium,ForestDryPoor
55474,Chrysosplenium alternifolium,ForestDryPoor
55475,Chrysosplenium alternifolium,ForestDryPoor
55476,Chrysosplenium alternifolium,ForestDryPoor
55477,Chrysosplenium alternifolium,ForestDryPoor
55478,Chrysosplenium alternifolium,ForestDryPoor
55479,Chrysosplenium alternifolium,ForestDryPoor
55480,Chrysosplenium alternifolium,ForestDryPoor
55481,Chrysosplenium alternifolium,ForestDryPoor
55482,Chrysosplenium alternifolium,ForestDryPoor
55483,Chrysosplenium alternifolium,ForestDryPoor
55484,Chrysosplenium alternifolium,ForestDryPoor
56023,Chrysosplenium alternifolium,ForestDryPoor
56064,Chrysosplenium alternifolium,ForestDryPoor
56065,Chrysosplenium alternifolium,ForestDryPoor
56066,Chrysosplenium alternifolium,ForestDryPoor
56067,Chrysosplenium alternifolium,ForestDryPoor
56068,Chrysosplenium alternifolium,ForestDryPoor
56069,Chrysosplenium alternifolium,ForestDryPoor
56070,Chrysosplenium alternifolium,ForestDryPoor
56071,Chrysosplenium alternifolium,ForestDryPoor
56072,Chrysosplenium alternifolium,ForestDryPoor
56073,Chrysosplenium alternifolium,ForestDryPoor
56074,Chrysosplenium alternifolium,ForestDryPoor
56075,Chrysosplenium alternifolium,ForestDryPoor
56076,Chrysosplenium alternifolium,ForestDryPoor
56077,Chrysosplenium alternifolium,ForestDryPoor
56078,Chrysosplenium alternifolium,ForestDryPoor
56079,Chrysosplenium alternifolium,ForestDryPoor
56080,Chrysosplenium alternifolium,ForestDryPoor
56081,Chrysosplenium alternifolium,ForestDryPoor
56082,Chrysosplenium alternifolium,ForestDryPoor
56083,Chrysosplenium alternifolium,ForestDryPoor
56622,Chrysosplenium alternifolium,ForestDryPoor
56663,Chrysosplenium alternifolium,ForestDryPoor
56664,Chrysosplenium alternifolium,ForestDryPoor
56665,Chrysosplenium alternifolium,ForestDryPoor
56666,Chrysosplenium alternifolium,ForestDryPoor
56667,Chrysosplenium alternifolium,ForestDryPoor
56668,Chrysosplenium alternifolium,ForestDryPoor
56669,Chrysosplenium alternifolium,ForestDryPoor
56670,Chrysosplenium alternifolium,ForestDryPoor
56671,Chrysosplenium alternifolium,ForestDryPoor
56672,Chrysosplenium alternifolium,ForestDryPoor
56673,Chrysosplenium alternifolium,ForestDryPoor
56674,Chrysosplenium alternifolium,ForestDryPoor
56675,Chrysosplenium alternifolium,ForestDryPoor
56676,Chrysosplenium alternifolium,ForestDryPoor
56677,Chrysosplenium alternifolium,ForestDryPoor
56678,Chrysosplenium alternifolium,ForestDryPoor
56679,Chrysosplenium alternifolium,ForestDryPoor
56680,Chrysosplenium alternifolium,ForestDryPoor
56681,Chrysosplenium alternifolium,ForestDryPoor
56682,Chrysosplenium alternifolium,ForestDryPoor
57221,Chrysosplenium alternifolium,ForestDryPoor
57262,Chrysosplenium alternifolium,ForestDryPoor
57263,Chrysosplenium alternifolium,ForestDryPoor
57264,Chrysosplenium alternifolium,ForestDryPoor
57265,Chrysosplenium alternifolium,ForestDryPoor
57266,Chrysosplenium alternifolium,ForestDryPoor
57267,Chrysosplenium alternifolium,ForestDryPoor
57268,Chrysosplenium alternifolium,ForestDryPoor
57269,Chrysosplenium alternifolium,ForestDryPoor
57270,Chrysosplenium alternifolium,ForestDryPoor
57271,Chrysosplenium alternifolium,ForestDryPoor
57272,Chrysosplenium alternifolium,ForestDryPoor
57273,Chrysosplenium alternifolium,ForestDryPoor
57274,Chrysosplenium alternifolium,ForestDryPoor
57275,Chrysosplenium alternifolium,ForestDryPoor
57276,Chrysosplenium alternifolium,ForestDryPoor
57277,Chrysosplenium alternifolium,ForestDryPoor
57278,Chrysosplenium alternifolium,ForestDryPoor
57279,Chrysosplenium alternifolium,ForestDryPoor
57280,Chrysosplenium alternifolium,ForestDryPoor
57281,Chrysosplenium alternifolium,ForestDryPoor
57819,Chrysosplenium alternifolium,ForestDryPoor
57820,Chrysosplenium alternifolium,ForestDryPoor
57861,Chrysosplenium alternifolium,ForestDryPoor
57862,Chrysosplenium alternifolium,ForestDryPoor
57863,Chrysosplenium alternifolium,ForestDryPoor
57864,Chrysosplenium alternifolium,ForestDryPoor
57865,Chrysosplenium alternifolium,ForestDryPoor
57866,Chrysosplenium alternifolium,ForestDryPoor
57867,Chrysosplenium alternifolium,ForestDryPoor
57868,Chrysosplenium alternifolium,ForestDryPoor
57869,Chrysosplenium alternifolium,ForestDryPoor
57870,Chrysosplenium alternifolium,ForestDryPoor
57871,Chrysosplenium alternifolium,ForestDryPoor
57872,Chrysosplenium alternifolium,ForestDryPoor
57873,Chrysosplenium alternifolium,ForestDryPoor
57874,Chrysosplenium alternifolium,ForestDryPoor
57875,Chrysosplenium alternifolium,ForestDryPoor
57876,Chrysosplenium alternifolium,ForestDryPoor
57877,Chrysosplenium alternifolium,ForestDryPoor
57878,Chrysosplenium alternifolium,ForestDryPoor
57879,Chrysosplenium alternifolium,ForestDryPoor
57880,Chrysosplenium alternifolium,ForestDryPoor
58418,Chrysosplenium alternifolium,ForestDryPoor
58419,Chrysosplenium alternifolium,ForestDryPoor
58460,Chrysosplenium alternifolium,ForestDryPoor
58461,Chrysosplenium alternifolium,ForestDryPoor
58462,Chrysosplenium alternifolium,ForestDryPoor
58463,Chrysosplenium alternifolium,ForestDryPoor
58464,Chrysosplenium alternifolium,ForestDryPoor
58465,Chrysosplenium alternifolium,ForestDryPoor
58466,Chrysosplenium alternifolium,ForestDryPoor
58467,Chrysosplenium alternifolium,ForestDryPoor
58468,Chrysosplenium alternifolium,ForestDryPoor
58469,Chrysosplenium alternifolium,ForestDryPoor
58470,Chrysosplenium alternifolium,ForestDryPoor
58471,Chrysosplenium alternifolium,ForestDryPoor
58472,Chrysosplenium alternifolium,ForestDryPoor
58473,Chrysosplenium alternifolium,ForestDryPoor
58474,Chrysosplenium alternifolium,ForestDryPoor
58475,Chrysosplenium alternifolium,ForestDryPoor
58476,Chrysosplenium alternifolium,ForestDryPoor
58477,Chrysosplenium alternifolium,ForestDryPoor
58478,Chrysosplenium alternifolium,ForestDryPoor
58479,Chrysosplenium alternifolium,ForestDryPoor
59017,Chrysosplenium alternifolium,ForestDryPoor
59018,Chrysosplenium alternifolium,ForestDryPoor
59059,Chrysosplenium alternifolium,ForestDryPoor
59060,Chrysosplenium alternifolium,ForestDryPoor
59061,Chrysosplenium alternifolium,ForestDryPoor
59062,Chrysosplenium alternifolium,ForestDryPoor
59063,Chrysosplenium alternifolium,ForestDryPoor
59064,Chrysosplenium alternifolium,ForestDryPoor
59065,Chrysosplenium alternifolium,ForestDryPoor
59066,Chrysosplenium alternifolium,ForestDryPoor
59067,Chrysosplenium alternifolium,ForestDryPoor
59068,Chrysosplenium alternifolium,ForestDryPoor
59069,Chrysosplenium alternifolium,ForestDryPoor
59070,Chrysosplenium alternifolium,ForestDryPoor
59071,Chrysosplenium alternifolium,ForestDryPoor
59072,Chrysosplenium alternifolium,ForestDryPoor
59073,Chrysosplenium alternifolium,ForestDryPoor
59074,Chrysosplenium alternifolium,ForestDryPoor
59075,Chrysosplenium alternifolium,ForestDryPoor
59076,Chrysosplenium alternifolium,ForestDryPoor
59077,Chrysosplenium alternifolium,ForestDryPoor
59078,Chrysosplenium alternifolium,ForestDryPoor
59616,Chrysosplenium alternifolium,ForestDryPoor
59617,Chrysosplenium alternifolium,ForestDryPoor
59658,Chrysosplenium alternifolium,ForestDryPoor
59659,Chrysosplenium alternifolium,ForestDryPoor
59660,Chrysosplenium alternifolium,ForestDryPoor
59661,Chrysosplenium alternifolium,ForestDryPoor
59662,Chrysosplenium alternifolium,ForestDryPoor
59663,Chrysosplenium alternifolium,ForestDryPoor
59664,Chrysosplenium alternifolium,ForestDryPoor
59665,Chrysosplenium alternifolium,ForestDryPoor
59666,Chrysosplenium alternifolium,ForestDryPoor
59667,Chrysosplenium alternifolium,ForestDryPoor
59668,Chrysosplenium alternifolium,ForestDryPoor
59669,Chrysosplenium alternifolium,ForestDryPoor
59670,Chrysosplenium alternifolium,ForestDryPoor
59671,Chrysosplenium alternifolium,ForestDryPoor
59672,Chrysosplenium alternifolium,ForestDryPoor
59673,Chrysosplenium alternifolium,ForestDryPoor
59674,Chrysosplenium alternifolium,ForestDryPoor
59675,Chrysosplenium alternifolium,ForestDryPoor
59676,Chrysosplenium alternifolium,ForestDryPoor
59677,Chrysosplenium alternifolium,ForestDryPoor
60215,Chrysosplenium alternifolium,ForestDryPoor
60216,Chrysosplenium alternifolium,ForestDryPoor
60257,Chrysosplenium alternifolium,ForestDryPoor
60258,Chrysosplenium alternifolium,ForestDryPoor
60259,Chrysosplenium alternifolium,ForestDryPoor
60260,Chrysosplenium alternifolium,ForestDryPoor
60261,Chrysosplenium alternifolium,ForestDryPoor
60262,Chrysosplenium alternifolium,ForestDryPoor
60263,Chrysosplenium alternifolium,ForestDryPoor
60264,Chrysosplenium alternifolium,ForestDryPoor
60265,Chrysosplenium alternifolium,ForestDryPoor
60266,Chrysosplenium alternifolium,ForestDryPoor
60267,Chrysosplenium alternifolium,ForestDryPoor
60268,Chrysosplenium alternifolium,ForestDryPoor
60269,Chrysosplenium alternifolium,ForestDryPoor
60270,Chrysosplenium alternifolium,ForestDryPoor
60271,Chrysosplenium alternifolium,ForestDryPoor
60272,Chrysosplenium alternifolium,ForestDryPoor
60273,Chrysosplenium alternifolium,ForestDryPoor
60274,Chrysosplenium alternifolium,ForestDryPoor
60275,Chrysosplenium alternifolium,ForestDryPoor
60276,Chrysosplenium alternifolium,ForestDryPoor
60814,Chrysosplenium alternifolium,ForestDryPoor
60815,Chrysosplenium alternifolium,ForestDryPoor
60856,Chrysosplenium alternifolium,ForestDryPoor
60857,Chrysosplenium alternifolium,ForestDryPoor
60858,Chrysosplenium alternifolium,ForestDryPoor
60859,Chrysosplenium alternifolium,ForestDryPoor
60860,Chrysosplenium alternifolium,ForestDryPoor
60861,Chrysosplenium alternifolium,ForestDryPoor
60862,Chrysosplenium alternifolium,ForestDryPoor
60863,Chrysosplenium alternifolium,ForestDryPoor
60864,Chrysosplenium alternifolium,ForestDryPoor
60865,Chrysosplenium alternifolium,ForestDryPoor
60866,Chrysosplenium alternifolium,ForestDryPoor
60867,Chrysosplenium alternifolium,ForestDryPoor
60868,Chrysosplenium alternifolium,ForestDryPoor
60869,Chrysosplenium alternifolium,ForestDryPoor
60870,Chrysosplenium alternifolium,ForestDryPoor
60871,Chrysosplenium alternifolium,ForestDryPoor
60872,Chrysosplenium alternifolium,ForestDryPoor
60873,Chrysosplenium alternifolium,ForestDryPoor
60874,Chrysosplenium alternifolium,ForestDryPoor
60875,Chrysosplenium alternifolium,ForestDryPoor
61414,Chrysosplenium alternifolium,ForestDryPoor
61455,Chrysosplenium alternifolium,ForestDryPoor
61456,Chrysosplenium alternifolium,ForestDryPoor
61457,Chrysosplenium alternifolium,ForestDryPoor
61458,Chrysosplenium alternifolium,ForestDryPoor
61459,Chrysosplenium alternifolium,ForestDryPoor
61460,Chrysosplenium alternifolium,ForestDryPoor
61461,Chrysosplenium alternifolium,ForestDryPoor
61462,Chrysosplenium alternifolium,ForestDryPoor
61463,Chrysosplenium alternifolium,ForestDryPoor
61464,Chrysosplenium alternifolium,ForestDryPoor
61465,Chrysosplenium alternifolium,ForestDryPoor
61466,Chrysosplenium alternifolium,ForestDryPoor
61467,Chrysosplenium alternifolium,ForestDryPoor
61468,Chrysosplenium alternifolium,ForestDryPoor
61469,Chrysosplenium alternifolium,ForestDryPoor
61470,Chrysosplenium alternifolium,ForestDryPoor
61471,Chrysosplenium alternifolium,ForestDryPoor
61472,Chrysosplenium alternifolium,ForestDryPoor
61473,Chrysosplenium alternifolium,ForestDryPoor
61474,Chrysosplenium alternifolium,ForestDryPoor
62013,Chrysosplenium alternifolium,ForestDryPoor
62054,Chrysosplenium alternifolium,ForestDryPoor
62055,Chrysosplenium alternifolium,ForestDryPoor
62056,Chrysosplenium alternifolium,ForestDryPoor
62057,Chrysosplenium alternifolium,ForestDryPoor
62058,Chrysosplenium alternifolium,ForestDryPoor
62059,Chrysosplenium alternifolium,ForestDryPoor
62060,Chrysosplenium alternifolium,ForestDryPoor
62061,Chrysosplenium alternifolium,ForestDryPoor
62062,Chrysosplenium alternifolium,ForestDryPoor
62063,Chrysosplenium alternifolium,ForestDryPoor
62064,Chrysosplenium alternifolium,ForestDryPoor
62065,Chrysosplenium alternifolium,ForestDryPoor
62066,Chrysosplenium alternifolium,ForestDryPoor
62067,Chrysosplenium alternifolium,ForestDryPoor
62068,Chrysosplenium alternifolium,ForestDryPoor
62069,Chrysosplenium alternifolium,ForestDryPoor
62070,Chrysosplenium alternifolium,ForestDryPoor
62071,Chrysosplenium alternifolium,ForestDryPoor
62072,Chrysosplenium alternifolium,ForestDryPoor
62073,Chrysosplenium alternifolium,ForestDryPoor
62612,Chrysosplenium alternifolium,ForestDryPoor
62673,Chrysosplenium alternifolium,ForestDryPoor
62674,Chrysosplenium alternifolium,ForestDryPoor
62675,Chrysosplenium alternifolium,ForestDryPoor
62676,Chrysosplenium alternifolium,ForestDryPoor
62677,Chrysosplenium alternifolium,ForestDryPoor
62678,Chrysosplenium alternifolium,ForestDryPoor
62679,Chrysosplenium alternifolium,ForestDryPoor
62680,Chrysosplenium alternifolium,ForestDryPoor
62681,Chrysosplenium alternifolium,ForestDryPoor
62682,Chrysosplenium alternifolium,ForestDryPoor
62683,Chrysosplenium alternifolium,ForestDryPoor
62684,Chrysosplenium alternifolium,ForestDryPoor
62685,Chrysosplenium alternifolium,ForestDryPoor
62686,Chrysosplenium alternifolium,ForestDryPoor
62687,Chrysosplenium alternifolium,ForestDryPoor
62688,Chrysosplenium alternifolium,ForestDryPoor
62689,Chrysosplenium alternifolium,ForestDryPoor
62690,Chrysosplenium alternifolium,ForestDryPoor
62691,Chrysosplenium alternifolium,ForestDryPoor
62692,Chrysosplenium alternifolium,ForestDryPoor
63211,Chrysosplenium alternifolium,ForestDryPoor
63272,Chrysosplenium alternifolium,ForestDryPoor
63273,Chrysosplenium alternifolium,ForestDryPoor
63274,Chrysosplenium alternifolium,ForestDryPoor
63275,Chrysosplenium alternifolium,ForestDryPoor
63276,Chrysosplenium alternifolium,ForestDryPoor
63277,Chrysosplenium alternifolium,ForestDryPoor
63278,Chrysosplenium alternifolium,ForestDryPoor
63279,Chrysosplenium alternifolium,ForestDryPoor
63280,Chrysosplenium alternifolium,ForestDryPoor
63281,Chrysosplenium alternifolium,ForestDryPoor
63282,Chrysosplenium alternifolium,ForestDryPoor
63283,Chrysosplenium alternifolium,ForestDryPoor
63284,Chrysosplenium alternifolium,ForestDryPoor
63285,Chrysosplenium alternifolium,ForestDryPoor
63286,Chrysosplenium alternifolium,ForestDryPoor
63287,Chrysosplenium alternifolium,ForestDryPoor
63288,Chrysosplenium alternifolium,ForestDryPoor
63289,Chrysosplenium alternifolium,ForestDryPoor
63290,Chrysosplenium alternifolium,ForestDryPoor
63291,Chrysosplenium alternifolium,ForestDryPoor
63810,Chrysosplenium alternifolium,ForestDryPoor
63871,Chrysosplenium alternifolium,ForestDryPoor
63872,Chrysosplenium alternifolium,ForestDryPoor
63873,Chrysosplenium alternifolium,ForestDryPoor
63874,Chrysosplenium alternifolium,ForestDryPoor
63875,Chrysosplenium alternifolium,ForestDryPoor
63876,Chrysosplenium alternifolium,ForestDryPoor
63877,Chrysosplenium alternifolium,ForestDryPoor
63878,Chrysosplenium alternifolium,ForestDryPoor
63879,Chrysosplenium alternifolium,ForestDryPoor
63880,Chrysosplenium alternifolium,ForestDryPoor
63881,Chrysosplenium alternifolium,ForestDryPoor
63882,Chrysosplenium alternifolium,ForestDryPoor
63883,Chrysosplenium alternifolium,ForestDryPoor
63884,Chrysosplenium alternifolium,ForestDryPoor
63885,Chrysosplenium alternifolium,ForestDryPoor
63886,Chrysosplenium alternifolium,ForestDryPoor
63887,Chrysosplenium alternifolium,ForestDryPoor
63888,Chrysosplenium alternifolium,ForestDryPoor
63889,Chrysosplenium alternifolium,ForestDryPoor
63890,Chrysosplenium alternifolium,ForestDryPoor
64409,Chrysosplenium alternifolium,ForestDryPoor
64470,Chrysosplenium alternifolium,ForestDryPoor
64471,Chrysosplenium alternifolium,ForestDryPoor
64472,Chrysosplenium alternifolium,ForestDryPoor
64473,Chrysosplenium alternifolium,ForestDryPoor
64474,Chrysosplenium alternifolium,ForestDryPoor
64475,Chrysosplenium alternifolium,ForestDryPoor
64476,Chrysosplenium alternifolium,ForestDryPoor
64477,Chrysosplenium alternifolium,ForestDryPoor
64478,Chrysosplenium alternifolium,ForestDryPoor
64479,Chrysosplenium alternifolium,ForestDryPoor
64480,Chrysosplenium alternifolium,ForestDryPoor
64481,Chrysosplenium alternifolium,ForestDryPoor
64482,Chrysosplenium alternifolium,ForestDryPoor
64483,Chrysosplenium alternifolium,ForestDryPoor
64484,Chrysosplenium alternifolium,ForestDryPoor
64485,Chrysosplenium alternifolium,ForestDryPoor
64486,Chrysosplenium alternifolium,ForestDryPoor
64487,Chrysosplenium alternifolium,ForestDryPoor
64488,Chrysosplenium alternifolium,ForestDryPoor
64489,Chrysosplenium alternifolium,ForestDryPoor
65008,Chrysosplenium alternifolium,ForestDryPoor
65069,Chrysosplenium alternifolium,ForestDryPoor
65070,Chrysosplenium alternifolium,ForestDryPoor
65071,Chrysosplenium alternifolium,ForestDryPoor
65072,Chrysosplenium alternifolium,ForestDryPoor
65073,Chrysosplenium alternifolium,ForestDryPoor
65074,Chrysosplenium alternifolium,ForestDryPoor
65075,Chrysosplenium alternifolium,ForestDryPoor
65076,Chrysosplenium alternifolium,ForestDryPoor
65077,Chrysosplenium alternifolium,ForestDryPoor
65078,Chrysosplenium alternifolium,ForestDryPoor
65079,Chrysosplenium alternifolium,ForestDryPoor
65080,Chrysosplenium alternifolium,ForestDryPoor
65081,Chrysosplenium alternifolium,ForestDryPoor
65082,Chrysosplenium alternifolium,ForestDryPoor
65083,Chrysosplenium alternifolium,ForestDryPoor
65084,Chrysosplenium alternifolium,ForestDryPoor
65085,Chrysosplenium alternifolium,ForestDryPoor
65086,Chrysosplenium alternifolium,ForestDryPoor
65087,Chrysosplenium alternifolium,ForestDryPoor
65088,Chrysosplenium alternifolium,ForestDryPoor
65668,Chrysosplenium alternifolium,ForestDryPoor
65669,Chrysosplenium alternifolium,ForestDryPoor
65670,Chrysosplenium alternifolium,ForestDryPoor
65671,Chrysosplenium alternifolium,ForestDryPoor
65672,Chrysosplenium alternifolium,ForestDryPoor
65673,Chrysosplenium alternifolium,ForestDryPoor
65674,Chrysosplenium alternifolium,ForestDryPoor
65675,Chrysosplenium alternifolium,ForestDryPoor
65676,Chrysosplenium alternifolium,ForestDryPoor
65677,Chrysosplenium alternifolium,ForestDryPoor
65678,Chrysosplenium alternifolium,ForestDryPoor
65679,Chrysosplenium alternifolium,ForestDryPoor
65680,Chrysosplenium alternifolium,ForestDryPoor
65681,Chrysosplenium alternifolium,ForestDryPoor
65682,Chrysosplenium alternifolium,ForestDryPoor
65683,Chrysosplenium alternifolium,ForestDryPoor
65684,Chrysosplenium alternifolium,ForestDryPoor
65685,Chrysosplenium alternifolium,ForestDryPoor
65686,Chrysosplenium alternifolium,ForestDryPoor
65687,Chrysosplenium alternifolium,ForestDryPoor
66267,Chrysosplenium alternifolium,ForestDryPoor
66268,Chrysosplenium alternifolium,ForestDryPoor
66269,Chrysosplenium alternifolium,ForestDryPoor
66270,Chrysosplenium alternifolium,ForestDryPoor
66271,Chrysosplenium alternifolium,ForestDryPoor
66272,Chrysosplenium alternifolium,ForestDryPoor
66273,Chrysosplenium alternifolium,ForestDryPoor
66274,Chrysosplenium alternifolium,ForestDryPoor
66275,Chrysosplenium alternifolium,ForestDryPoor
66276,Chrysosplenium alternifolium,ForestDryPoor
66277,Chrysosplenium alternifolium,ForestDryPoor
66278,Chrysosplenium alternifolium,ForestDryPoor
66279,Chrysosplenium alternifolium,ForestDryPoor
66280,Chrysosplenium alternifolium,ForestDryPoor
66281,Chrysosplenium alternifolium,ForestDryPoor
66282,Chrysosplenium alternifolium,ForestDryPoor
66283,Chrysosplenium alternifolium,ForestDryPoor
66284,Chrysosplenium alternifolium,ForestDryPoor
66285,Chrysosplenium alternifolium,ForestDryPoor
66286,Chrysosplenium alternifolium,ForestDryPoor
66866,Chrysosplenium alternifolium,ForestDryPoor
66867,Chrysosplenium alternifolium,ForestDryPoor
66868,Chrysosplenium alternifolium,ForestDryPoor
66869,Chrysosplenium alternifolium,ForestDryPoor
66870,Chrysosplenium alternifolium,ForestDryPoor
66871,Chrysosplenium alternifolium,ForestDryPoor
66872,Chrysosplenium alternifolium,ForestDryPoor
66873,Chrysosplenium alternifolium,ForestDryPoor
66874,Chrysosplenium alternifolium,ForestDryPoor
66875,Chrysosplenium alternifolium,ForestDryPoor
66876,Chrysosplenium alternifolium,ForestDryPoor
66877,Chrysosplenium alternifolium,ForestDryPoor
66878,Chrysosplenium alternifolium,ForestDryPoor
66879,Chrysosplenium alternifolium,ForestDryPoor
66880,Chrysosplenium alternifolium,ForestDryPoor
66881,Chrysosplenium alternifolium,ForestDryPoor
66882,Chrysosplenium alternifolium,ForestDryPoor
66883,Chrysosplenium alternifolium,ForestDryPoor
66884,Chrysosplenium alternifolium,ForestDryPoor
66885,Chrysosplenium alternifolium,ForestDryPoor
67465,Chrysosplenium alternifolium,ForestDryPoor
67466,Chrysosplenium alternifolium,ForestDryPoor
67467,Chrysosplenium alternifolium,ForestDryPoor
67468,Chrysosplenium alternifolium,ForestDryPoor
67469,Chrysosplenium alternifolium,ForestDryPoor
67470,Chrysosplenium alternifolium,ForestDryPoor
67471,Chrysosplenium alternifolium,ForestDryPoor
67472,Chrysosplenium alternifolium,ForestDryPoor
67473,Chrysosplenium alternifolium,ForestDryPoor
67474,Chrysosplenium alternifolium,ForestDryPoor
67475,Chrysosplenium alternifolium,ForestDryPoor
67476,Chrysosplenium alternifolium,ForestDryPoor
67477,Chrysosplenium alternifolium,ForestDryPoor
67478,Chrysosplenium alternifolium,ForestDryPoor
67479,Chrysosplenium alternifolium,ForestDryPoor
67480,Chrysosplenium alternifolium,ForestDryPoor
67481,Chrysosplenium alternifolium,ForestDryPoor
67482,Chrysosplenium alternifolium,ForestDryPoor
67483,Chrysosplenium alternifolium,ForestDryPoor
67484,Chrysosplenium alternifolium,ForestDryPoor
68064,Chrysosplenium alternifolium,ForestDryPoor
68065,Chrysosplenium alternifolium,ForestDryPoor
68066,Chrysosplenium alternifolium,ForestDryPoor
68067,Chrysosplenium alternifolium,ForestDryPoor
68068,Chrysosplenium alternifolium,ForestDryPoor
68069,Chrysosplenium alternifolium,ForestDryPoor
68070,Chrysosplenium alternifolium,ForestDryPoor
68071,Chrysosplenium alternifolium,ForestDryPoor
68072,Chrysosplenium alternifolium,ForestDryPoor
68073,Chrysosplenium alternifolium,ForestDryPoor
68074,Chrysosplenium alternifolium,ForestDryPoor
68075,Chrysosplenium alternifolium,ForestDryPoor
68076,Chrysosplenium alternifolium,ForestDryPoor
68077,Chrysosplenium alternifolium,ForestDryPoor
68078,Chrysosplenium alternifolium,ForestDryPoor
68079,Chrysosplenium alternifolium,ForestDryPoor
68080,Chrysosplenium alternifolium,ForestDryPoor
68081,Chrysosplenium alternifolium,ForestDryPoor
68082,Chrysosplenium alternifolium,ForestDryPoor
68083,Chrysosplenium alternifolium,ForestDryPoor
68663,Chrysosplenium alternifolium,ForestDryPoor
68664,Chrysosplenium alternifolium,ForestDryPoor
68665,Chrysosplenium alternifolium,ForestDryPoor
68666,Chrysosplenium alternifolium,ForestDryPoor
68667,Chrysosplenium alternifolium,ForestDryPoor
68668,Chrysosplenium alternifolium,ForestDryPoor
68669,Chrysosplenium alternifolium,ForestDryPoor
68670,Chrysosplenium alternifolium,ForestDryPoor
68671,Chrysosplenium alternifolium,ForestDryPoor
68672,Chrysosplenium alternifolium,ForestDryPoor
68673,Chrysosplenium alternifolium,ForestDryPoor
68674,Chrysosplenium alternifolium,ForestDryPoor
68675,Chrysosplenium alternifolium,ForestDryPoor
68676,Chrysosplenium alternifolium,ForestDryPoor
68677,Chrysosplenium alternifolium,ForestDryPoor
68678,Chrysosplenium alternifolium,ForestDryPoor
68679,Chrysosplenium alternifolium,ForestDryPoor
68680,Chrysosplenium alternifolium,ForestDryPoor
68681,Chrysosplenium alternifolium,ForestDryPoor
68682,Chrysosplenium alternifolium,ForestDryPoor
69262,Chrysosplenium alternifolium,ForestDryPoor
69263,Chrysosplenium alternifolium,ForestDryPoor
69264,Chrysosplenium alternifolium,ForestDryPoor
69265,Chrysosplenium alternifolium,ForestDryPoor
69266,Chrysosplenium alternifolium,ForestDryPoor
69267,Chrysosplenium alternifolium,ForestDryPoor
69268,Chrysosplenium alternifolium,ForestDryPoor
69269,Chrysosplenium alternifolium,ForestDryPoor
69270,Chrysosplenium alternifolium,ForestDryPoor
69271,Chrysosplenium alternifolium,ForestDryPoor
69272,Chrysosplenium alternifolium,ForestDryPoor
69273,Chrysosplenium alternifolium,ForestDryPoor
69274,Chrysosplenium alternifolium,ForestDryPoor
69275,Chrysosplenium alternifolium,ForestDryPoor
69276,Chrysosplenium alternifolium,ForestDryPoor
69277,Chrysosplenium alternifolium,ForestDryPoor
69278,Chrysosplenium alternifolium,ForestDryPoor
69279,Chrysosplenium alternifolium,ForestDryPoor
69280,Chrysosplenium alternifolium,ForestDryPoor
69281,Chrysosplenium alternifolium,ForestDryPoor
69861,Chrysosplenium alternifolium,ForestDryPoor
69862,Chrysosplenium alternifolium,ForestDryPoor
69863,Chrysosplenium alternifolium,ForestDryPoor
69864,Chrysosplenium alternifolium,ForestDryPoor
69865,Chrysosplenium alternifolium,ForestDryPoor
69866,Chrysosplenium alternifolium,ForestDryPoor
69867,Chrysosplenium alternifolium,ForestDryPoor
69868,Chrysosplenium alternifolium,ForestDryPoor
69869,Chrysosplenium alternifolium,ForestDryPoor
69870,Chrysosplenium alternifolium,ForestDryPoor
69871,Chrysosplenium alternifolium,ForestDryPoor
69872,Chrysosplenium alternifolium,ForestDryPoor
69873,Chrysosplenium alternifolium,ForestDryPoor
69874,Chrysosplenium alternifolium,ForestDryPoor
69875,Chrysosplenium alternifolium,ForestDryPoor
69876,Chrysosplenium alternifolium,ForestDryPoor
69877,Chrysosplenium alternifolium,ForestDryPoor
69878,Chrysosplenium alternifolium,ForestDryPoor
69879,Chrysosplenium alternifolium,ForestDryPoor
69880,Chrysosplenium alternifolium,ForestDryPoor
70460,Chrysosplenium alternifolium,ForestDryPoor
70461,Chrysosplenium alternifolium,ForestDryPoor
70462,Chrysosplenium alternifolium,ForestDryPoor
70463,Chrysosplenium alternifolium,ForestDryPoor
70464,Chrysosplenium alternifolium,ForestDryPoor
70465,Chrysosplenium alternifolium,ForestDryPoor
70466,Chrysosplenium alternifolium,ForestDryPoor
70467,Chrysosplenium alternifolium,ForestDryPoor
70468,Chrysosplenium alternifolium,ForestDryPoor
70469,Chrysosplenium alternifolium,ForestDryPoor
70470,Chrysosplenium alternifolium,ForestDryPoor
70471,Chrysosplenium alternifolium,ForestDryPoor
70472,Chrysosplenium alternifolium,ForestDryPoor
70473,Chrysosplenium alternifolium,ForestDryPoor
70474,Chrysosplenium alternifolium,ForestDryPoor
70475,Chrysosplenium alternifolium,ForestDryPoor
70476,Chrysosplenium alternifolium,ForestDryPoor
70477,Chrysosplenium alternifolium,ForestDryPoor
70478,Chrysosplenium alternifolium,ForestDryPoor
70479,Chrysosplenium alternifolium,ForestDryPoor
71059,Chrysosplenium alternifolium,ForestDryPoor
71060,Chrysosplenium alternifolium,ForestDryPoor
71061,Chrysosplenium alternifolium,ForestDryPoor
71062,Chrysosplenium alternifolium,ForestDryPoor
71063,Chrysosplenium alternifolium,ForestDryPoor
71064,Chrysosplenium alternifolium,ForestDryPoor
71065,Chrysosplenium alternifolium,ForestDryPoor
71066,Chrysosplenium alternifolium,ForestDryPoor
71067,Chrysosplenium alternifolium,ForestDryPoor
71068,Chrysosplenium alternifolium,ForestDryPoor
71069,Chrysosplenium alternifolium,ForestDryPoor
71070,Chrysosplenium alternifolium,ForestDryPoor
71071,Chrysosplenium alternifolium,ForestDryPoor
71072,Chrysosplenium alternifolium,ForestDryPoor
71073,Chrysosplenium alternifolium,ForestDryPoor
71074,Chrysosplenium alternifolium,ForestDryPoor
71075,Chrysosplenium alternifolium,ForestDryPoor
71076,Chrysosplenium alternifolium,ForestDryPoor
71077,Chrysosplenium alternifolium,ForestDryPoor
71078,Chrysosplenium alternifolium,ForestDryPoor
71658,Chrysosplenium alternifolium,ForestDryPoor
71659,Chrysosplenium alternifolium,ForestDryPoor
71660,Chrysosplenium alternifolium,ForestDryPoor
71661,Chrysosplenium alternifolium,ForestDryPoor
71662,Chrysosplenium alternifolium,ForestDryPoor
71663,Chrysosplenium alternifolium,ForestDryPoor
71664,Chrysosplenium alternifolium,ForestDryPoor
71665,Chrysosplenium alternifolium,ForestDryPoor
71666,Chrysosplenium alternifolium,ForestDryPoor
71667,Chrysosplenium alternifolium,ForestDryPoor
71668,Chrysosplenium alternifolium,ForestDryPoor
71669,Chrysosplenium alternifolium,ForestDryPoor
71670,Chrysosplenium alternifolium,ForestDryPoor
71671,Chrysosplenium alternifolium,ForestDryPoor
71672,Chrysosplenium alternifolium,ForestDryPoor
71673,Chrysosplenium alternifolium,ForestDryPoor
71674,Chrysosplenium alternifolium,ForestDryPoor
71675,Chrysosplenium alternifolium,ForestDryPoor
71676,Chrysosplenium alternifolium,ForestDryPoor
71677,Chrysosplenium alternifolium,ForestDryPoor
72257,Chrysosplenium alternifolium,ForestDryPoor
72258,Chrysosplenium alternifolium,ForestDryPoor
72259,Chrysosplenium alternifolium,ForestDryPoor
72260,Chrysosplenium alternifolium,ForestDryPoor
72261,Chrysosplenium alternifolium,ForestDryPoor
72262,Chrysosplenium alternifolium,ForestDryPoor
72263,Chrysosplenium alternifolium,ForestDryPoor
72264,Chrysosplenium alternifolium,ForestDryPoor
72265,Chrysosplenium alternifolium,ForestDryPoor
72266,Chrysosplenium alternifolium,ForestDryPoor
72267,Chrysosplenium alternifolium,ForestDryPoor
72268,Chrysosplenium alternifolium,ForestDryPoor
72269,Chrysosplenium alternifolium,ForestDryPoor
72270,Chrysosplenium alternifolium,ForestDryPoor
72271,Chrysosplenium alternifolium,ForestDryPoor
72272,Chrysosplenium alternifolium,ForestDryPoor
72273,Chrysosplenium alternifolium,ForestDryPoor
72274,Chrysosplenium alternifolium,ForestDryPoor
72275,Chrysosplenium alternifolium,ForestDryPoor
72276,Chrysosplenium alternifolium,ForestDryPoor
72856,Chrysosplenium alternifolium,ForestDryPoor
72857,Chrysosplenium alternifolium,ForestDryPoor
72858,Chrysosplenium alternifolium,ForestDryPoor
72859,Chrysosplenium alternifolium,ForestDryPoor
72860,Chrysosplenium alternifolium,ForestDryPoor
72861,Chrysosplenium alternifolium,ForestDryPoor
72862,Chrysosplenium alternifolium,ForestDryPoor
72863,Chrysosplenium alternifolium,ForestDryPoor
72864,Chrysosplenium alternifolium,ForestDryPoor
72865,Chrysosplenium alternifolium,ForestDryPoor
72866,Chrysosplenium alternifolium,ForestDryPoor
72867,Chrysosplenium alternifolium,ForestDryPoor
72868,Chrysosplenium alternifolium,ForestDryPoor
72869,Chrysosplenium alternifolium,ForestDryPoor
72870,Chrysosplenium alternifolium,ForestDryPoor
72871,Chrysosplenium alternifolium,ForestDryPoor
72872,Chrysosplenium alternifolium,ForestDryPoor
72873,Chrysosplenium alternifolium,ForestDryPoor
72874,Chrysosplenium alternifolium,ForestDryPoor
72875,Chrysosplenium alternifolium,ForestDryPoor
73455,Chrysosplenium alternifolium,ForestDryPoor
73456,Chrysosplenium alternifolium,ForestDryPoor
73457,Chrysosplenium alternifolium,ForestDryPoor
73458,Chrysosplenium alternifolium,ForestDryPoor
73459,Chrysosplenium alternifolium,ForestDryPoor
73460,Chrysosplenium alternifolium,ForestDryPoor
73461,Chrysosplenium alternifolium,ForestDryPoor
73462,Chrysosplenium alternifolium,ForestDryPoor
73463,Chrysosplenium alternifolium,ForestDryPoor
73464,Chrysosplenium alternifolium,ForestDryPoor
73465,Chrysosplenium alternifolium,ForestDryPoor
73466,Chrysosplenium alternifolium,ForestDryPoor
73467,Chrysosplenium alternifolium,ForestDryPoor
73468,Chrysosplenium alternifolium,ForestDryPoor
73469,Chrysosplenium alternifolium,ForestDryPoor
73470,Chrysosplenium alternifolium,ForestDryPoor
73471,Chrysosplenium alternifolium,ForestDryPoor
73472,Chrysosplenium alternifolium,ForestDryPoor
73473,Chrysosplenium alternifolium,ForestDryPoor
73474,Chrysosplenium alternifolium,ForestDryPoor
74054,Chrysosplenium alternifolium,ForestDryPoor
74055,Chrysosplenium alternifolium,ForestDryPoor
74056,Chrysosplenium alternifolium,ForestDryPoor
74057,Chrysosplenium alternifolium,ForestDryPoor
74058,Chrysosplenium alternifolium,ForestDryPoor
74059,Chrysosplenium alternifolium,ForestDryPoor
74060,Chrysosplenium alternifolium,ForestDryPoor
74061,Chrysosplenium alternifolium,ForestDryPoor
74062,Chrysosplenium alternifolium,ForestDryPoor
74063,Chrysosplenium alternifolium,ForestDryPoor
74064,Chrysosplenium alternifolium,ForestDryPoor
74065,Chrysosplenium alternifolium,ForestDryPoor
74066,Chrysosplenium alternifolium,ForestDryPoor
74067,Chrysosplenium alternifolium,ForestDryPoor
74068,Chrysosplenium alternifolium,ForestDryPoor
74069,Chrysosplenium alternifolium,ForestDryPoor
74070,Chrysosplenium alternifolium,ForestDryPoor
74071,Chrysosplenium alternifolium,ForestDryPoor
74072,Chrysosplenium alternifolium,ForestDryPoor
74073,Chrysosplenium alternifolium,ForestDryPoor
74598,Chrysosplenium alternifolium,ForestDryPoor
74599,Chrysosplenium alternifolium,ForestDryPoor
74600,Chrysosplenium alternifolium,ForestDryPoor
74601,Chrysosplenium alternifolium,ForestDryPoor
74602,Chrysosplenium alternifolium,ForestDryPoor
74603,Chrysosplenium alternifolium,ForestDryPoor
74604,Chrysosplenium alternifolium,ForestDryPoor
74605,Chrysosplenium alternifolium,ForestDryPoor
74606,Chrysosplenium alternifolium,ForestDryPoor
74607,Chrysosplenium alternifolium,ForestDryPoor
74608,Chrysosplenium alternifolium,ForestDryPoor
74609,Chrysosplenium alternifolium,ForestDryPoor
74610,Chrysosplenium alternifolium,ForestDryPoor
74611,Chrysosplenium alternifolium,ForestDryPoor
74612,Chrysosplenium alternifolium,ForestDryPoor
74653,Chrysosplenium alternifolium,ForestDryPoor
74654,Chrysosplenium alternifolium,ForestDryPoor
74655,Chrysosplenium alternifolium,ForestDryPoor
74656,Chrysosplenium alternifolium,ForestDryPoor
74657,Chrysosplenium alternifolium,ForestDryPoor
74658,Chrysosplenium alternifolium,ForestDryPoor
74659,Chrysosplenium alternifolium,ForestDryPoor
74660,Chrysosplenium alternifolium,ForestDryPoor
74661,Chrysosplenium alternifolium,ForestDryPoor
74662,Chrysosplenium alternifolium,ForestDryPoor
74663,Chrysosplenium alternifolium,ForestDryPoor
74664,Chrysosplenium alternifolium,ForestDryPoor
74665,Chrysosplenium alternifolium,ForestDryPoor
74666,Chrysosplenium alternifolium,ForestDryPoor
74667,Chrysosplenium alternifolium,ForestDryPoor
74668,Chrysosplenium alternifolium,ForestDryPoor
74669,Chrysosplenium alternifolium,ForestDryPoor
74670,Chrysosplenium alternifolium,ForestDryPoor
74671,Chrysosplenium alternifolium,ForestDryPoor
74672,Chrysosplenium alternifolium,ForestDryPoor
75198,Chrysosplenium alternifolium,ForestDryPoor
75199,Chrysosplenium alternifolium,ForestDryPoor
75200,Chrysosplenium alternifolium,ForestDryPoor
75201,Chrysosplenium alternifolium,ForestDryPoor
75202,Chrysosplenium alternifolium,ForestDryPoor
75203,Chrysosplenium alternifolium,ForestDryPoor
75204,Chrysosplenium alternifolium,ForestDryPoor
75205,Chrysosplenium alternifolium,ForestDryPoor
75206,Chrysosplenium alternifolium,ForestDryPoor
75207,Chrysosplenium alternifolium,ForestDryPoor
75208,Chrysosplenium alternifolium,ForestDryPoor
75209,Chrysosplenium alternifolium,ForestDryPoor
75210,Chrysosplenium alternifolium,ForestDryPoor
75211,Chrysosplenium alternifolium,ForestDryPoor
75252,Chrysosplenium alternifolium,ForestDryPoor
75253,Chrysosplenium alternifolium,ForestDryPoor
75254,Chrysosplenium alternifolium,ForestDryPoor
75255,Chrysosplenium alternifolium,ForestDryPoor
75256,Chrysosplenium alternifolium,ForestDryPoor
75257,Chrysosplenium alternifolium,ForestDryPoor
75258,Chrysosplenium alternifolium,ForestDryPoor
75259,Chrysosplenium alternifolium,ForestDryPoor
75260,Chrysosplenium alternifolium,ForestDryPoor
75261,Chrysosplenium alternifolium,ForestDryPoor
75262,Chrysosplenium alternifolium,ForestDryPoor
75263,Chrysosplenium alternifolium,ForestDryPoor
75264,Chrysosplenium alternifolium,ForestDryPoor
75265,Chrysosplenium alternifolium,ForestDryPoor
75266,Chrysosplenium alternifolium,ForestDryPoor
75267,Chrysosplenium alternifolium,ForestDryPoor
75268,Chrysosplenium alternifolium,ForestDryPoor
75269,Chrysosplenium alternifolium,ForestDryPoor
75270,Chrysosplenium alternifolium,ForestDryPoor
75271,Chrysosplenium alternifolium,ForestDryPoor
75798,Chrysosplenium alternifolium,ForestDryPoor
75799,Chrysosplenium alternifolium,ForestDryPoor
75800,Chrysosplenium alternifolium,ForestDryPoor
75801,Chrysosplenium alternifolium,ForestDryPoor
75802,Chrysosplenium alternifolium,ForestDryPoor
75803,Chrysosplenium alternifolium,ForestDryPoor
75804,Chrysosplenium alternifolium,ForestDryPoor
75805,Chrysosplenium alternifolium,ForestDryPoor
75806,Chrysosplenium alternifolium,ForestDryPoor
75807,Chrysosplenium alternifolium,ForestDryPoor
75808,Chrysosplenium alternifolium,ForestDryPoor
75809,Chrysosplenium alternifolium,ForestDryPoor
75810,Chrysosplenium alternifolium,ForestDryPoor
75851,Chrysosplenium alternifolium,ForestDryPoor
75852,Chrysosplenium alternifolium,ForestDryPoor
75853,Chrysosplenium alternifolium,ForestDryPoor
75854,Chrysosplenium alternifolium,ForestDryPoor
75855,Chrysosplenium alternifolium,ForestDryPoor
75856,Chrysosplenium alternifolium,ForestDryPoor
75857,Chrysosplenium alternifolium,ForestDryPoor
75858,Chrysosplenium alternifolium,ForestDryPoor
75859,Chrysosplenium alternifolium,ForestDryPoor
75860,Chrysosplenium alternifolium,ForestDryPoor
75861,Chrysosplenium alternifolium,ForestDryPoor
75862,Chrysosplenium alternifolium,ForestDryPoor
75863,Chrysosplenium alternifolium,ForestDryPoor
75864,Chrysosplenium alternifolium,ForestDryPoor
75865,Chrysosplenium alternifolium,ForestDryPoor
75866,Chrysosplenium alternifolium,ForestDryPoor
75867,Chrysosplenium alternifolium,ForestDryPoor
75868,Chrysosplenium alternifolium,ForestDryPoor
75869,Chrysosplenium alternifolium,ForestDryPoor
75870,Chrysosplenium alternifolium,ForestDryPoor
76397,Chrysosplenium alternifolium,ForestDryPoor
76398,Chrysosplenium alternifolium,ForestDryPoor
76399,Chrysosplenium alternifolium,ForestDryPoor
76400,Chrysosplenium alternifolium,ForestDryPoor
76401,Chrysosplenium alternifolium,ForestDryPoor
76402,Chrysosplenium alternifolium,ForestDryPoor
76403,Chrysosplenium alternifolium,ForestDryPoor
76404,Chrysosplenium alternifolium,ForestDryPoor
76405,Chrysosplenium alternifolium,ForestDryPoor
76406,Chrysosplenium alternifolium,ForestDryPoor
76407,Chrysosplenium alternifolium,ForestDryPoor
76408,Chrysosplenium alternifolium,ForestDryPoor
76409,Chrysosplenium alternifolium,ForestDryPoor
76450,Chrysosplenium alternifolium,ForestDryPoor
76451,Chrysosplenium alternifolium,ForestDryPoor
76452,Chrysosplenium alternifolium,ForestDryPoor
76453,Chrysosplenium alternifolium,ForestDryPoor
76454,Chrysosplenium alternifolium,ForestDryPoor
76455,Chrysosplenium alternifolium,ForestDryPoor
76456,Chrysosplenium alternifolium,ForestDryPoor
76457,Chrysosplenium alternifolium,ForestDryPoor
76458,Chrysosplenium alternifolium,ForestDryPoor
76459,Chrysosplenium alternifolium,ForestDryPoor
76460,Chrysosplenium alternifolium,ForestDryPoor
76461,Chrysosplenium alternifolium,ForestDryPoor
76462,Chrysosplenium alternifolium,ForestDryPoor
76463,Chrysosplenium alternifolium,ForestDryPoor
76464,Chrysosplenium alternifolium,ForestDryPoor
76465,Chrysosplenium alternifolium,ForestDryPoor
76466,Chrysosplenium alternifolium,ForestDryPoor
76467,Chrysosplenium alternifolium,ForestDryPoor
76468,Chrysosplenium alternifolium,ForestDryPoor
76469,Chrysosplenium alternifolium,ForestDryPoor
76997,Chrysosplenium alternifolium,ForestDryPoor
76998,Chrysosplenium alternifolium,ForestDryPoor
76999,Chrysosplenium alternifolium,ForestDryPoor
77000,Chrysosplenium alternifolium,ForestDryPoor
77001,Chrysosplenium alternifolium,ForestDryPoor
77002,Chrysosplenium alternifolium,ForestDryPoor
77003,Chrysosplenium alternifolium,ForestDryPoor
77004,Chrysosplenium alternifolium,ForestDryPoor
77005,Chrysosplenium alternifolium,ForestDryPoor
77006,Chrysosplenium alternifolium,ForestDryPoor
77007,Chrysosplenium alternifolium,ForestDryPoor
77008,Chrysosplenium alternifolium,ForestDryPoor
77049,Chrysosplenium alternifolium,ForestDryPoor
77050,Chrysosplenium alternifolium,ForestDryPoor
77051,Chrysosplenium alternifolium,ForestDryPoor
77052,Chrysosplenium alternifolium,ForestDryPoor
77053,Chrysosplenium alternifolium,ForestDryPoor
77054,Chrysosplenium alternifolium,ForestDryPoor
77055,Chrysosplenium alternifolium,ForestDryPoor
77056,Chrysosplenium alternifolium,ForestDryPoor
77057,Chrysosplenium alternifolium,ForestDryPoor
77058,Chrysosplenium alternifolium,ForestDryPoor
77059,Chrysosplenium alternifolium,ForestDryPoor
77060,Chrysosplenium alternifolium,ForestDryPoor
77061,Chrysosplenium alternifolium,ForestDryPoor
77062,Chrysosplenium alternifolium,ForestDryPoor
77063,Chrysosplenium alternifolium,ForestDryPoor
77064,Chrysosplenium alternifolium,ForestDryPoor
77065,Chrysosplenium alternifolium,ForestDryPoor
77066,Chrysosplenium alternifolium,ForestDryPoor
77067,Chrysosplenium alternifolium,ForestDryPoor
77068,Chrysosplenium alternifolium,ForestDryPoor
77597,Chrysosplenium alternifolium,ForestDryPoor
77598,Chrysosplenium alternifolium,ForestDryPoor
77599,Chrysosplenium alternifolium,ForestDryPoor
77600,Chrysosplenium alternifolium,ForestDryPoor
77601,Chrysosplenium alternifolium,ForestDryPoor
77602,Chrysosplenium alternifolium,ForestDryPoor
77603,Chrysosplenium alternifolium,ForestDryPoor
77604,Chrysosplenium alternifolium,ForestDryPoor
77605,Chrysosplenium alternifolium,ForestDryPoor
77606,Chrysosplenium alternifolium,ForestDryPoor
77607,Chrysosplenium alternifolium,ForestDryPoor
77648,Chrysosplenium alternifolium,ForestDryPoor
77649,Chrysosplenium alternifolium,ForestDryPoor
77650,Chrysosplenium alternifolium,ForestDryPoor
77651,Chrysosplenium alternifolium,ForestDryPoor
77652,Chrysosplenium alternifolium,ForestDryPoor
77653,Chrysosplenium alternifolium,ForestDryPoor
77654,Chrysosplenium alternifolium,ForestDryPoor
77655,Chrysosplenium alternifolium,ForestDryPoor
77656,Chrysosplenium alternifolium,ForestDryPoor
77657,Chrysosplenium alternifolium,ForestDryPoor
77658,Chrysosplenium alternifolium,ForestDryPoor
77659,Chrysosplenium alternifolium,ForestDryPoor
77660,Chrysosplenium alternifolium,ForestDryPoor
77661,Chrysosplenium alternifolium,ForestDryPoor
77662,Chrysosplenium alternifolium,ForestDryPoor
77663,Chrysosplenium alternifolium,ForestDryPoor
77664,Chrysosplenium alternifolium,ForestDryPoor
77665,Chrysosplenium alternifolium,ForestDryPoor
77666,Chrysosplenium alternifolium,ForestDryPoor
77667,Chrysosplenium alternifolium,ForestDryPoor
78197,Chrysosplenium alternifolium,ForestDryPoor
78198,Chrysosplenium alternifolium,ForestDryPoor
78199,Chrysosplenium alternifolium,ForestDryPoor
78200,Chrysosplenium alternifolium,ForestDryPoor
78201,Chrysosplenium alternifolium,ForestDryPoor
78202,Chrysosplenium alternifolium,ForestDryPoor
78203,Chrysosplenium alternifolium,ForestDryPoor
78204,Chrysosplenium alternifolium,ForestDryPoor
78205,Chrysosplenium alternifolium,ForestDryPoor
78206,Chrysosplenium alternifolium,ForestDryPoor
78247,Chrysosplenium alternifolium,ForestDryPoor
78248,Chrysosplenium alternifolium,ForestDryPoor
78249,Chrysosplenium alternifolium,ForestDryPoor
78250,Chrysosplenium alternifolium,ForestDryPoor
78251,Chrysosplenium alternifolium,ForestDryPoor
78252,Chrysosplenium alternifolium,ForestDryPoor
78253,Chrysosplenium alternifolium,ForestDryPoor
78254,Chrysosplenium alternifolium,ForestDryPoor
78255,Chrysosplenium alternifolium,ForestDryPoor
78256,Chrysosplenium alternifolium,ForestDryPoor
78257,Chrysosplenium alternifolium,ForestDryPoor
78258,Chrysosplenium alternifolium,ForestDryPoor
78259,Chrysosplenium alternifolium,ForestDryPoor
78260,Chrysosplenium alternifolium,ForestDryPoor
78261,Chrysosplenium alternifolium,ForestDryPoor
78262,Chrysosplenium alternifolium,ForestDryPoor
78263,Chrysosplenium alternifolium,ForestDryPoor
78264,Chrysosplenium alternifolium,ForestDryPoor
78265,Chrysosplenium alternifolium,ForestDryPoor
78266,Chrysosplenium alternifolium,ForestDryPoor
78796,Chrysosplenium alternifolium,ForestDryPoor
78797,Chrysosplenium alternifolium,ForestDryPoor
78798,Chrysosplenium alternifolium,ForestDryPoor
78799,Chrysosplenium alternifolium,ForestDryPoor
78800,Chrysosplenium alternifolium,ForestDryPoor
78801,Chrysosplenium alternifolium,ForestDryPoor
78802,Chrysosplenium alternifolium,ForestDryPoor
78803,Chrysosplenium alternifolium,ForestDryPoor
78804,Chrysosplenium alternifolium,ForestDryPoor
78805,Chrysosplenium alternifolium,ForestDryPoor
78846,Chrysosplenium alternifolium,ForestDryPoor
78847,Chrysosplenium alternifolium,ForestDryPoor
78848,Chrysosplenium alternifolium,ForestDryPoor
78849,Chrysosplenium alternifolium,ForestDryPoor
78850,Chrysosplenium alternifolium,ForestDryPoor
78851,Chrysosplenium alternifolium,ForestDryPoor
78852,Chrysosplenium alternifolium,ForestDryPoor
78853,Chrysosplenium alternifolium,ForestDryPoor
78854,Chrysosplenium alternifolium,ForestDryPoor
78855,Chrysosplenium alternifolium,ForestDryPoor
78856,Chrysosplenium alternifolium,ForestDryPoor
78857,Chrysosplenium alternifolium,ForestDryPoor
78858,Chrysosplenium alternifolium,ForestDryPoor
78859,Chrysosplenium alternifolium,ForestDryPoor
78860,Chrysosplenium alternifolium,ForestDryPoor
78861,Chrysosplenium alternifolium,ForestDryPoor
78862,Chrysosplenium alternifolium,ForestDryPoor
78863,Chrysosplenium alternifolium,ForestDryPoor
78864,Chrysosplenium alternifolium,ForestDryPoor
78865,Chrysosplenium alternifolium,ForestDryPoor
79396,Chrysosplenium alternifolium,ForestDryPoor
79397,Chrysosplenium alternifolium,ForestDryPoor
79398,Chrysosplenium alternifolium,ForestDryPoor
79399,Chrysosplenium alternifolium,ForestDryPoor
79400,Chrysosplenium alternifolium,ForestDryPoor
79401,Chrysosplenium alternifolium,ForestDryPoor
79402,Chrysosplenium alternifolium,ForestDryPoor
79403,Chrysosplenium alternifolium,ForestDryPoor
79404,Chrysosplenium alternifolium,ForestDryPoor
79445,Chrysosplenium alternifolium,ForestDryPoor
79446,Chrysosplenium alternifolium,ForestDryPoor
79447,Chrysosplenium alternifolium,ForestDryPoor
79448,Chrysosplenium alternifolium,ForestDryPoor
79449,Chrysosplenium alternifolium,ForestDryPoor
79450,Chrysosplenium alternifolium,ForestDryPoor
79451,Chrysosplenium alternifolium,ForestDryPoor
79452,Chrysosplenium alternifolium,ForestDryPoor
79453,Chrysosplenium alternifolium,ForestDryPoor
79454,Chrysosplenium alternifolium,ForestDryPoor
79455,Chrysosplenium alternifolium,ForestDryPoor
79456,Chrysosplenium alternifolium,ForestDryPoor
79457,Chrysosplenium alternifolium,ForestDryPoor
79458,Chrysosplenium alternifolium,ForestDryPoor
79459,Chrysosplenium alternifolium,ForestDryPoor
79460,Chrysosplenium alternifolium,ForestDryPoor
79461,Chrysosplenium alternifolium,ForestDryPoor
79462,Chrysosplenium alternifolium,ForestDryPoor
79463,Chrysosplenium alternifolium,ForestDryPoor
79464,Chrysosplenium alternifolium,ForestDryPoor
79996,Chrysosplenium alternifolium,ForestDryPoor
79997,Chrysosplenium alternifolium,ForestDryPoor
79998,Chrysosplenium alternifolium,ForestDryPoor
79999,Chrysosplenium alternifolium,ForestDryPoor
80000,Chrysosplenium alternifolium,ForestDryPoor
80001,Chrysosplenium alternifolium,ForestDryPoor
80002,Chrysosplenium alternifolium,ForestDryPoor
80003,Chrysosplenium alternifolium,ForestDryPoor
80044,Chrysosplenium alternifolium,ForestDryPoor
80045,Chrysosplenium alternifolium,ForestDryPoor
80046,Chrysosplenium alternifolium,ForestDryPoor
80047,Chrysosplenium alternifolium,ForestDryPoor
80048,Chrysosplenium alternifolium,ForestDryPoor
80049,Chrysosplenium alternifolium,ForestDryPoor
80050,Chrysosplenium alternifolium,ForestDryPoor
80051,Chrysosplenium alternifolium,ForestDryPoor
80052,Chrysosplenium alternifolium,ForestDryPoor
80053,Chrysosplenium alternifolium,ForestDryPoor
80054,Chrysosplenium alternifolium,ForestDryPoor
80055,Chrysosplenium alternifolium,ForestDryPoor
80056,Chrysosplenium alternifolium,ForestDryPoor
80057,Chrysosplenium alternifolium,ForestDryPoor
80058,Chrysosplenium alternifolium,ForestDryPoor
80059,Chrysosplenium alternifolium,ForestDryPoor
80060,Chrysosplenium alternifolium,ForestDryPoor
80061,Chrysosplenium alternifolium,ForestDryPoor
80062,Chrysosplenium alternifolium,ForestDryPoor
80063,Chrysosplenium alternifolium,ForestDryPoor
80596,Chrysosplenium alternifolium,ForestDryPoor
80597,Chrysosplenium alternifolium,ForestDryPoor
80598,Chrysosplenium alternifolium,ForestDryPoor
80599,Chrysosplenium alternifolium,ForestDryPoor
80600,Chrysosplenium alternifolium,ForestDryPoor
80601,Chrysosplenium alternifolium,ForestDryPoor
80602,Chrysosplenium alternifolium,ForestDryPoor
80643,Chrysosplenium alternifolium,ForestDryPoor
80644,Chrysosplenium alternifolium,ForestDryPoor
80645,Chrysosplenium alternifolium,ForestDryPoor
80646,Chrysosplenium alternifolium,ForestDryPoor
80647,Chrysosplenium alternifolium,ForestDryPoor
80648,Chrysosplenium alternifolium,ForestDryPoor
80649,Chrysosplenium alternifolium,ForestDryPoor
80650,Chrysosplenium alternifolium,ForestDryPoor
80651,Chrysosplenium alternifolium,ForestDryPoor
80652,Chrysosplenium alternifolium,ForestDryPoor
80653,Chrysosplenium alternifolium,ForestDryPoor
80654,Chrysosplenium alternifolium,ForestDryPoor
80655,Chrysosplenium alternifolium,ForestDryPoor
80656,Chrysosplenium alternifolium,ForestDryPoor
80657,Chrysosplenium alternifolium,ForestDryPoor
80658,Chrysosplenium alternifolium,ForestDryPoor
80659,Chrysosplenium alternifolium,ForestDryPoor
80660,Chrysosplenium alternifolium,ForestDryPoor
80661,Chrysosplenium alternifolium,ForestDryPoor
80662,Chrysosplenium alternifolium,ForestDryPoor
81196,Chrysosplenium alternifolium,ForestDryPoor
81197,Chrysosplenium alternifolium,ForestDryPoor
81198,Chrysosplenium alternifolium,ForestDryPoor
81199,Chrysosplenium alternifolium,ForestDryPoor
81200,Chrysosplenium alternifolium,ForestDryPoor
81201,Chrysosplenium alternifolium,ForestDryPoor
81242,Chrysosplenium alternifolium,ForestDryPoor
81243,Chrysosplenium alternifolium,ForestDryPoor
81244,Chrysosplenium alternifolium,ForestDryPoor
81245,Chrysosplenium alternifolium,ForestDryPoor
81246,Chrysosplenium alternifolium,ForestDryPoor
81247,Chrysosplenium alternifolium,ForestDryPoor
81248,Chrysosplenium alternifolium,ForestDryPoor
81249,Chrysosplenium alternifolium,ForestDryPoor
81250,Chrysosplenium alternifolium,ForestDryPoor
81251,Chrysosplenium alternifolium,ForestDryPoor
81252,Chrysosplenium alternifolium,ForestDryPoor
81253,Chrysosplenium alternifolium,ForestDryPoor
81254,Chrysosplenium alternifolium,ForestDryPoor
81255,Chrysosplenium alternifolium,ForestDryPoor
81256,Chrysosplenium alternifolium,ForestDryPoor
81257,Chrysosplenium alternifolium,ForestDryPoor
81258,Chrysosplenium alternifolium,ForestDryPoor
81259,Chrysosplenium alternifolium,ForestDryPoor
81260,Chrysosplenium alternifolium,ForestDryPoor
81261,Chrysosplenium alternifolium,ForestDryPoor
81796,Chrysosplenium alternifolium,ForestDryPoor
81797,Chrysosplenium alternifolium,ForestDryPoor
81798,Chrysosplenium alternifolium,ForestDryPoor
81799,Chrysosplenium alternifolium,ForestDryPoor
81800,Chrysosplenium alternifolium,ForestDryPoor
81841,Chrysosplenium alternifolium,ForestDryPoor
81842,Chrysosplenium alternifolium,ForestDryPoor
81843,Chrysosplenium alternifolium,ForestDryPoor
81844,Chrysosplenium alternifolium,ForestDryPoor
81845,Chrysosplenium alternifolium,ForestDryPoor
81846,Chrysosplenium alternifolium,ForestDryPoor
81847,Chrysosplenium alternifolium,ForestDryPoor
81848,Chrysosplenium alternifolium,ForestDryPoor
81849,Chrysosplenium alternifolium,ForestDryPoor
81850,Chrysosplenium alternifolium,ForestDryPoor
81851,Chrysosplenium alternifolium,ForestDryPoor
81852,Chrysosplenium alternifolium,ForestDryPoor
81853,Chrysosplenium alternifolium,ForestDryPoor
81854,Chrysosplenium alternifolium,ForestDryPoor
81855,Chrysosplenium alternifolium,ForestDryPoor
81856,Chrysosplenium alternifolium,ForestDryPoor
81857,Chrysosplenium alternifolium,ForestDryPoor
81858,Chrysosplenium alternifolium,ForestDryPoor
81859,Chrysosplenium alternifolium,ForestDryPoor
81860,Chrysosplenium alternifolium,ForestDryPoor
82397,Chrysosplenium alternifolium,ForestDryPoor
82398,Chrysosplenium alternifolium,ForestDryPoor
82399,Chrysosplenium alternifolium,ForestDryPoor
82440,Chrysosplenium alternifolium,ForestDryPoor
82441,Chrysosplenium alternifolium,ForestDryPoor
82442,Chrysosplenium alternifolium,ForestDryPoor
82443,Chrysosplenium alternifolium,ForestDryPoor
82444,Chrysosplenium alternifolium,ForestDryPoor
82445,Chrysosplenium alternifolium,ForestDryPoor
82446,Chrysosplenium alternifolium,ForestDryPoor
82447,Chrysosplenium alternifolium,ForestDryPoor
82448,Chrysosplenium alternifolium,ForestDryPoor
82449,Chrysosplenium alternifolium,ForestDryPoor
82450,Chrysosplenium alternifolium,ForestDryPoor
82451,Chrysosplenium alternifolium,ForestDryPoor
82452,Chrysosplenium alternifolium,ForestDryPoor
82453,Chrysosplenium alternifolium,ForestDryPoor
82454,Chrysosplenium alternifolium,ForestDryPoor
82455,Chrysosplenium alternifolium,ForestDryPoor
82456,Chrysosplenium alternifolium,ForestDryPoor
82457,Chrysosplenium alternifolium,ForestDryPoor
82458,Chrysosplenium alternifolium,ForestDryPoor
82459,Chrysosplenium alternifolium,ForestDryPoor
82997,Chrysosplenium alternifolium,ForestDryPoor
82998,Chrysosplenium alternifolium,ForestDryPoor
83039,Chrysosplenium alternifolium,ForestDryPoor
83040,Chrysosplenium alternifolium,ForestDryPoor
83041,Chrysosplenium alternifolium,ForestDryPoor
83042,Chrysosplenium alternifolium,ForestDryPoor
83043,Chrysosplenium alternifolium,ForestDryPoor
83044,Chrysosplenium alternifolium,ForestDryPoor
83045,Chrysosplenium alternifolium,ForestDryPoor
83046,Chrysosplenium alternifolium,ForestDryPoor
83047,Chrysosplenium alternifolium,ForestDryPoor
83048,Chrysosplenium alternifolium,ForestDryPoor
83049,Chrysosplenium alternifolium,ForestDryPoor
83050,Chrysosplenium alternifolium,ForestDryPoor
83051,Chrysosplenium alternifolium,ForestDryPoor
83052,Chrysosplenium alternifolium,ForestDryPoor
83053,Chrysosplenium alternifolium,ForestDryPoor
83054,Chrysosplenium alternifolium,ForestDryPoor
83055,Chrysosplenium alternifolium,ForestDryPoor
83056,Chrysosplenium alternifolium,ForestDryPoor
83057,Chrysosplenium alternifolium,ForestDryPoor
83597,Chrysosplenium alternifolium,ForestDryPoor
83638,Chrysosplenium alternifolium,ForestDryPoor
83639,Chrysosplenium alternifolium,ForestDryPoor
83640,Chrysosplenium alternifolium,ForestDryPoor
83641,Chrysosplenium alternifolium,ForestDryPoor
83642,Chrysosplenium alternifolium,ForestDryPoor
83643,Chrysosplenium alternifolium,ForestDryPoor
83644,Chrysosplenium alternifolium,ForestDryPoor
83645,Chrysosplenium alternifolium,ForestDryPoor
83646,Chrysosplenium alternifolium,ForestDryPoor
83647,Chrysosplenium alternifolium,ForestDryPoor
83648,Chrysosplenium alternifolium,ForestDryPoor
83649,Chrysosplenium alternifolium,ForestDryPoor
83650,Chrysosplenium alternifolium,ForestDryPoor
83651,Chrysosplenium alternifolium,ForestDryPoor
83652,Chrysosplenium alternifolium,ForestDryPoor
83653,Chrysosplenium alternifolium,ForestDryPoor
83654,Chrysosplenium alternifolium,ForestDryPoor
83655,Chrysosplenium alternifolium,ForestDryPoor
84237,Chrysosplenium alternifolium,ForestDryPoor
84238,Chrysosplenium alternifolium,ForestDryPoor
84239,Chrysosplenium alternifolium,ForestDryPoor
84240,Chrysosplenium alternifolium,ForestDryPoor
84241,Chrysosplenium alternifolium,ForestDryPoor
84242,Chrysosplenium alternifolium,ForestDryPoor
84243,Chrysosplenium alternifolium,ForestDryPoor
84244,Chrysosplenium alternifolium,ForestDryPoor
84245,Chrysosplenium alternifolium,ForestDryPoor
84246,Chrysosplenium alternifolium,ForestDryPoor
84247,Chrysosplenium alternifolium,ForestDryPoor
84248,Chrysosplenium alternifolium,ForestDryPoor
84249,Chrysosplenium alternifolium,ForestDryPoor
84250,Chrysosplenium alternifolium,ForestDryPoor
84251,Chrysosplenium alternifolium,ForestDryPoor
84252,Chrysosplenium alternifolium,ForestDryPoor
84836,Chrysosplenium alternifolium,ForestDryPoor
84837,Chrysosplenium alternifolium,ForestDryPoor
84838,Chrysosplenium alternifolium,ForestDryPoor
84839,Chrysosplenium alternifolium,ForestDryPoor
84840,Chrysosplenium alternifolium,ForestDryPoor
84841,Chrysosplenium alternifolium,ForestDryPoor
84842,Chrysosplenium alternifolium,ForestDryPoor
84843,Chrysosplenium alternifolium,ForestDryPoor
84844,Chrysosplenium alternifolium,ForestDryPoor
84845,Chrysosplenium alternifolium,ForestDryPoor
84846,Chrysosplenium alternifolium,ForestDryPoor
84847,Chrysosplenium alternifolium,ForestDryPoor
84848,Chrysosplenium alternifolium,ForestDryPoor
84849,Chrysosplenium alternifolium,ForestDryPoor
85435,Chrysosplenium alternifolium,ForestDryPoor
85436,Chrysosplenium alternifolium,ForestDryPoor
85437,Chrysosplenium alternifolium,ForestDryPoor
85438,Chrysosplenium alternifolium,ForestDryPoor
85439,Chrysosplenium alternifolium,ForestDryPoor
85440,Chrysosplenium alternifolium,ForestDryPoor
85441,Chrysosplenium alternifolium,ForestDryPoor
85442,Chrysosplenium alternifolium,ForestDryPoor
85443,Chrysosplenium alternifolium,ForestDryPoor
85444,Chrysosplenium alternifolium,ForestDryPoor
85445,Chrysosplenium alternifolium,ForestDryPoor
85446,Chrysosplenium alternifolium,ForestDryPoor
85447,Chrysosplenium alternifolium,ForestDryPoor
86034,Chrysosplenium alternifolium,ForestDryPoor
86035,Chrysosplenium alternifolium,ForestDryPoor
86036,Chrysosplenium alternifolium,ForestDryPoor
86037,Chrysosplenium alternifolium,ForestDryPoor
86038,Chrysosplenium alternifolium,ForestDryPoor
86039,Chrysosplenium alternifolium,ForestDryPoor
86040,Chrysosplenium alternifolium,ForestDryPoor
86041,Chrysosplenium alternifolium,ForestDryPoor
86042,Chrysosplenium alternifolium,ForestDryPoor
86043,Chrysosplenium alternifolium,ForestDryPoor
86044,Chrysosplenium alternifolium,ForestDryPoor
86601,Chrysosplenium alternifolium,ForestDryPoor
86602,Chrysosplenium alternifolium,ForestDryPoor
86603,Chrysosplenium alternifolium,ForestDryPoor
86604,Chrysosplenium alternifolium,ForestDryPoor
86605,Chrysosplenium alternifolium,ForestDryPoor
86606,Chrysosplenium alternifolium,ForestDryPoor
86607,Chrysosplenium alternifolium,ForestDryPoor
86608,Chrysosplenium alternifolium,ForestDryPoor
86609,Chrysosplenium alternifolium,ForestDryPoor
86610,Chrysosplenium alternifolium,ForestDryPoor
86611,Chrysosplenium alternifolium,ForestDryPoor
86612,Chrysosplenium alternifolium,ForestDryPoor
86613,Chrysosplenium alternifolium,ForestDryPoor
86614,Chrysosplenium alternifolium,ForestDryPoor
86615,Chrysosplenium alternifolium,ForestDryPoor
86616,Chrysosplenium alternifolium,ForestDryPoor
86617,Chrysosplenium alternifolium,ForestDryPoor
86618,Chrysosplenium alternifolium,ForestDryPoor
86619,Chrysosplenium alternifolium,ForestDryPoor
86620,Chrysosplenium alternifolium,ForestDryPoor
86621,Chrysosplenium alternifolium,ForestDryPoor
86622,Chrysosplenium alternifolium,ForestDryPoor
86623,Chrysosplenium alternifolium,ForestDryPoor
86624,Chrysosplenium alternifolium,ForestDryPoor
86625,Chrysosplenium alternifolium,ForestDryPoor
86626,Chrysosplenium alternifolium,ForestDryPoor
86627,Chrysosplenium alternifolium,ForestDryPoor
86628,Chrysosplenium alternifolium,ForestDryPoor
86629,Chrysosplenium alternifolium,ForestDryPoor
86630,Chrysosplenium alternifolium,ForestDryPoor
86631,Chrysosplenium alternifolium,ForestDryPoor
86632,Chrysosplenium alternifolium,ForestDryPoor
87202,Chrysosplenium alternifolium,ForestDryPoor
87203,Chrysosplenium alternifolium,ForestDryPoor
87204,Chrysosplenium alternifolium,ForestDryPoor
87205,Chrysosplenium alternifolium,ForestDryPoor
87206,Chrysosplenium alternifolium,ForestDryPoor
87207,Chrysosplenium alternifolium,ForestDryPoor
87208,Chrysosplenium alternifolium,ForestDryPoor
87209,Chrysosplenium alternifolium,ForestDryPoor
87210,Chrysosplenium alternifolium,ForestDryPoor
87211,Chrysosplenium alternifolium,ForestDryPoor
87212,Chrysosplenium alternifolium,ForestDryPoor
87213,Chrysosplenium alternifolium,ForestDryPoor
87214,Chrysosplenium alternifolium,ForestDryPoor
87215,Chrysosplenium alternifolium,ForestDryPoor
87216,Chrysosplenium alternifolium,ForestDryPoor
87217,Chrysosplenium alternifolium,ForestDryPoor
87218,Chrysosplenium alternifolium,ForestDryPoor
87219,Chrysosplenium alternifolium,ForestDryPoor
87220,Chrysosplenium alternifolium,ForestDryPoor
87221,Chrysosplenium alternifolium,ForestDryPoor
87222,Chrysosplenium alternifolium,ForestDryPoor
87223,Chrysosplenium alternifolium,ForestDryPoor
87224,Chrysosplenium alternifolium,ForestDryPoor
87225,Chrysosplenium alternifolium,ForestDryPoor
87226,Chrysosplenium alternifolium,ForestDryPoor
87227,Chrysosplenium alternifolium,ForestDryPoor
87228,Chrysosplenium alternifolium,ForestDryPoor
87229,Chrysosplenium alternifolium,ForestDryPoor
87230,Chrysosplenium alternifolium,ForestDryPoor
87231,Chrysosplenium alternifolium,ForestDryPoor
87804,Chrysosplenium alternifolium,ForestDryPoor
87805,Chrysosplenium alternifolium,ForestDryPoor
87806,Chrysosplenium alternifolium,ForestDryPoor
87807,Chrysosplenium alternifolium,ForestDryPoor
87808,Chrysosplenium alternifolium,ForestDryPoor
87809,Chrysosplenium alternifolium,ForestDryPoor
87810,Chrysosplenium alternifolium,ForestDryPoor
87811,Chrysosplenium alternifolium,ForestDryPoor
87812,Chrysosplenium alternifolium,ForestDryPoor
87813,Chrysosplenium alternifolium,ForestDryPoor
87814,Chrysosplenium alternifolium,ForestDryPoor
87815,Chrysosplenium alternifolium,ForestDryPoor
87816,Chrysosplenium alternifolium,ForestDryPoor
87817,Chrysosplenium alternifolium,ForestDryPoor
87818,Chrysosplenium alternifolium,ForestDryPoor
87819,Chrysosplenium alternifolium,ForestDryPoor
87820,Chrysosplenium alternifolium,ForestDryPoor
87821,Chrysosplenium alternifolium,ForestDryPoor
87822,Chrysosplenium alternifolium,ForestDryPoor
87823,Chrysosplenium alternifolium,ForestDryPoor
87824,Chrysosplenium alternifolium,ForestDryPoor
87825,Chrysosplenium alternifolium,ForestDryPoor
87826,Chrysosplenium alternifolium,ForestDryPoor
87827,Chrysosplenium alternifolium,ForestDryPoor
87828,Chrysosplenium alternifolium,ForestDryPoor
87829,Chrysosplenium alternifolium,ForestDryPoor
87830,Chrysosplenium alternifolium,ForestDryPoor
88407,Chrysosplenium alternifolium,ForestDryPoor
88408,Chrysosplenium alternifolium,ForestDryPoor
88409,Chrysosplenium alternifolium,ForestDryPoor
88410,Chrysosplenium alternifolium,ForestDryPoor
88411,Chrysosplenium alternifolium,ForestDryPoor
88412,Chrysosplenium alternifolium,ForestDryPoor
88413,Chrysosplenium alternifolium,ForestDryPoor
88414,Chrysosplenium alternifolium,ForestDryPoor
88415,Chrysosplenium alternifolium,ForestDryPoor
88416,Chrysosplenium alternifolium,ForestDryPoor
88417,Chrysosplenium alternifolium,ForestDryPoor
88418,Chrysosplenium alternifolium,ForestDryPoor
88419,Chrysosplenium alternifolium,ForestDryPoor
88420,Chrysosplenium alternifolium,ForestDryPoor
88421,Chrysosplenium alternifolium,ForestDryPoor
88422,Chrysosplenium alternifolium,ForestDryPoor
88423,Chrysosplenium alternifolium,ForestDryPoor
88424,Chrysosplenium alternifolium,ForestDryPoor
88425,Chrysosplenium alternifolium,ForestDryPoor
88426,Chrysosplenium alternifolium,ForestDryPoor
88427,Chrysosplenium alternifolium,ForestDryPoor
88428,Chrysosplenium alternifolium,ForestDryPoor
88429,Chrysosplenium alternifolium,ForestDryPoor
89010,Chrysosplenium alternifolium,ForestDryPoor
89011,Chrysosplenium alternifolium,ForestDryPoor
89012,Chrysosplenium alternifolium,ForestDryPoor
89013,Chrysosplenium alternifolium,ForestDryPoor
89014,Chrysosplenium alternifolium,ForestDryPoor
89015,Chrysosplenium alternifolium,ForestDryPoor
89016,Chrysosplenium alternifolium,ForestDryPoor
89017,Chrysosplenium alternifolium,ForestDryPoor
89018,Chrysosplenium alternifolium,ForestDryPoor
89019,Chrysosplenium alternifolium,ForestDryPoor
89020,Chrysosplenium alternifolium,ForestDryPoor
89021,Chrysosplenium alternifolium,ForestDryPoor
89022,Chrysosplenium alternifolium,ForestDryPoor
89023,Chrysosplenium alternifolium,ForestDryPoor
