302053,Cicuta virosa,ForestDryPoor
302054,Cicuta virosa,ForestDryPoor
302055,Cicuta virosa,ForestDryPoor
302056,Cicuta virosa,ForestDryPoor
302057,Cicuta virosa,ForestDryPoor
302058,Cicuta virosa,ForestDryPoor
302059,Cicuta virosa,ForestDryPoor
302060,Cicuta virosa,ForestDryPoor
302061,Cicuta virosa,ForestDryPoor
302062,Cicuta virosa,ForestDryPoor
302063,Cicuta virosa,ForestDryPoor
302064,Cicuta virosa,ForestDryPoor
302065,Cicuta virosa,ForestDryPoor
302066,Cicuta virosa,ForestDryPoor
302067,Cicuta virosa,ForestDryPoor
302068,Cicuta virosa,ForestDryPoor
302069,Cicuta virosa,ForestDryPoor
302070,Cicuta virosa,ForestDryPoor
302071,Cicuta virosa,ForestDryPoor
302072,Cicuta virosa,ForestDryPoor
302652,Cicuta virosa,ForestDryPoor
302653,Cicuta virosa,ForestDryPoor
302654,Cicuta virosa,ForestDryPoor
302655,Cicuta virosa,ForestDryPoor
302656,Cicuta virosa,ForestDryPoor
302657,Cicuta virosa,ForestDryPoor
302658,Cicuta virosa,ForestDryPoor
302659,Cicuta virosa,ForestDryPoor
302660,Cicuta virosa,ForestDryPoor
302661,Cicuta virosa,ForestDryPoor
302662,Cicuta virosa,ForestDryPoor
302663,Cicuta virosa,ForestDryPoor
302664,Cicuta virosa,ForestDryPoor
302665,Cicuta virosa,ForestDryPoor
302666,Cicuta virosa,ForestDryPoor
302667,Cicuta virosa,ForestDryPoor
302668,Cicuta virosa,ForestDryPoor
302669,Cicuta virosa,ForestDryPoor
302670,Cicuta virosa,ForestDryPoor
302671,Cicuta virosa,ForestDryPoor
303251,Cicuta virosa,ForestDryPoor
303252,Cicuta virosa,ForestDryPoor
303253,Cicuta virosa,ForestDryPoor
303254,Cicuta virosa,ForestDryPoor
303255,Cicuta virosa,ForestDryPoor
303256,Cicuta virosa,ForestDryPoor
303257,Cicuta virosa,ForestDryPoor
303258,Cicuta virosa,ForestDryPoor
303259,Cicuta virosa,ForestDryPoor
303260,Cicuta virosa,ForestDryPoor
303261,Cicuta virosa,ForestDryPoor
303262,Cicuta virosa,ForestDryPoor
303263,Cicuta virosa,ForestDryPoor
303264,Cicuta virosa,ForestDryPoor
303265,Cicuta virosa,ForestDryPoor
303266,Cicuta virosa,ForestDryPoor
303267,Cicuta virosa,ForestDryPoor
303268,Cicuta virosa,ForestDryPoor
303269,Cicuta virosa,ForestDryPoor
303270,Cicuta virosa,ForestDryPoor
303850,Cicuta virosa,ForestDryPoor
303851,Cicuta virosa,ForestDryPoor
303852,Cicuta virosa,ForestDryPoor
303853,Cicuta virosa,ForestDryPoor
303854,Cicuta virosa,ForestDryPoor
303855,Cicuta virosa,ForestDryPoor
303856,Cicuta virosa,ForestDryPoor
303857,Cicuta virosa,ForestDryPoor
303858,Cicuta virosa,ForestDryPoor
303859,Cicuta virosa,ForestDryPoor
303860,Cicuta virosa,ForestDryPoor
303861,Cicuta virosa,ForestDryPoor
303862,Cicuta virosa,ForestDryPoor
303863,Cicuta virosa,ForestDryPoor
303864,Cicuta virosa,ForestDryPoor
303865,Cicuta virosa,ForestDryPoor
303866,Cicuta virosa,ForestDryPoor
303867,Cicuta virosa,ForestDryPoor
303868,Cicuta virosa,ForestDryPoor
304449,Cicuta virosa,ForestDryPoor
304450,Cicuta virosa,ForestDryPoor
304451,Cicuta virosa,ForestDryPoor
304452,Cicuta virosa,ForestDryPoor
304453,Cicuta virosa,ForestDryPoor
304454,Cicuta virosa,ForestDryPoor
304455,Cicuta virosa,ForestDryPoor
304456,Cicuta virosa,ForestDryPoor
304457,Cicuta virosa,ForestDryPoor
304458,Cicuta virosa,ForestDryPoor
304459,Cicuta virosa,ForestDryPoor
304460,Cicuta virosa,ForestDryPoor
304461,Cicuta virosa,ForestDryPoor
304462,Cicuta virosa,ForestDryPoor
304463,Cicuta virosa,ForestDryPoor
304464,Cicuta virosa,ForestDryPoor
304465,Cicuta virosa,ForestDryPoor
304466,Cicuta virosa,ForestDryPoor
304467,Cicuta virosa,ForestDryPoor
305048,Cicuta virosa,ForestDryPoor
305049,Cicuta virosa,ForestDryPoor
305050,Cicuta virosa,ForestDryPoor
305051,Cicuta virosa,ForestDryPoor
305052,Cicuta virosa,ForestDryPoor
305053,Cicuta virosa,ForestDryPoor
305054,Cicuta virosa,ForestDryPoor
305055,Cicuta virosa,ForestDryPoor
305056,Cicuta virosa,ForestDryPoor
305057,Cicuta virosa,ForestDryPoor
305058,Cicuta virosa,ForestDryPoor
305059,Cicuta virosa,ForestDryPoor
305060,Cicuta virosa,ForestDryPoor
305061,Cicuta virosa,ForestDryPoor
305062,Cicuta virosa,ForestDryPoor
305063,Cicuta virosa,ForestDryPoor
305064,Cicuta virosa,ForestDryPoor
305065,Cicuta virosa,ForestDryPoor
305647,Cicuta virosa,ForestDryPoor
305648,Cicuta virosa,ForestDryPoor
305649,Cicuta virosa,ForestDryPoor
305650,Cicuta virosa,ForestDryPoor
305651,Cicuta virosa,ForestDryPoor
305652,Cicuta virosa,ForestDryPoor
305653,Cicuta virosa,ForestDryPoor
305654,Cicuta virosa,ForestDryPoor
305655,Cicuta virosa,ForestDryPoor
305656,Cicuta virosa,ForestDryPoor
305657,Cicuta virosa,ForestDryPoor
305658,Cicuta virosa,ForestDryPoor
305659,Cicuta virosa,ForestDryPoor
305660,Cicuta virosa,ForestDryPoor
305661,Cicuta virosa,ForestDryPoor
305662,Cicuta virosa,ForestDryPoor
305663,Cicuta virosa,ForestDryPoor
306246,Cicuta virosa,ForestDryPoor
306247,Cicuta virosa,ForestDryPoor
306248,Cicuta virosa,ForestDryPoor
306249,Cicuta virosa,ForestDryPoor
306250,Cicuta virosa,ForestDryPoor
306251,Cicuta virosa,ForestDryPoor
306252,Cicuta virosa,ForestDryPoor
306253,Cicuta virosa,ForestDryPoor
306254,Cicuta virosa,ForestDryPoor
306255,Cicuta virosa,ForestDryPoor
306256,Cicuta virosa,ForestDryPoor
306257,Cicuta virosa,ForestDryPoor
306258,Cicuta virosa,ForestDryPoor
306259,Cicuta virosa,ForestDryPoor
306260,Cicuta virosa,ForestDryPoor
306261,Cicuta virosa,ForestDryPoor
306845,Cicuta virosa,ForestDryPoor
306846,Cicuta virosa,ForestDryPoor
306847,Cicuta virosa,ForestDryPoor
306848,Cicuta virosa,ForestDryPoor
306849,Cicuta virosa,ForestDryPoor
306850,Cicuta virosa,ForestDryPoor
306851,Cicuta virosa,ForestDryPoor
306852,Cicuta virosa,ForestDryPoor
306853,Cicuta virosa,ForestDryPoor
306854,Cicuta virosa,ForestDryPoor
306855,Cicuta virosa,ForestDryPoor
306856,Cicuta virosa,ForestDryPoor
306857,Cicuta virosa,ForestDryPoor
306858,Cicuta virosa,ForestDryPoor
306859,Cicuta virosa,ForestDryPoor
306860,Cicuta virosa,ForestDryPoor
307444,Cicuta virosa,ForestDryPoor
307445,Cicuta virosa,ForestDryPoor
307446,Cicuta virosa,ForestDryPoor
307447,Cicuta virosa,ForestDryPoor
307448,Cicuta virosa,ForestDryPoor
307449,Cicuta virosa,ForestDryPoor
307450,Cicuta virosa,ForestDryPoor
307451,Cicuta virosa,ForestDryPoor
307452,Cicuta virosa,ForestDryPoor
307453,Cicuta virosa,ForestDryPoor
307454,Cicuta virosa,ForestDryPoor
307455,Cicuta virosa,ForestDryPoor
307456,Cicuta virosa,ForestDryPoor
307457,Cicuta virosa,ForestDryPoor
307458,Cicuta virosa,ForestDryPoor
308043,Cicuta virosa,ForestDryPoor
308044,Cicuta virosa,ForestDryPoor
308045,Cicuta virosa,ForestDryPoor
308046,Cicuta virosa,ForestDryPoor
308047,Cicuta virosa,ForestDryPoor
308048,Cicuta virosa,ForestDryPoor
308049,Cicuta virosa,ForestDryPoor
308050,Cicuta virosa,ForestDryPoor
308051,Cicuta virosa,ForestDryPoor
308052,Cicuta virosa,ForestDryPoor
308053,Cicuta virosa,ForestDryPoor
308054,Cicuta virosa,ForestDryPoor
308055,Cicuta virosa,ForestDryPoor
308056,Cicuta virosa,ForestDryPoor
308642,Cicuta virosa,ForestDryPoor
308643,Cicuta virosa,ForestDryPoor
308644,Cicuta virosa,ForestDryPoor
308645,Cicuta virosa,ForestDryPoor
308646,Cicuta virosa,ForestDryPoor
308647,Cicuta virosa,ForestDryPoor
308648,Cicuta virosa,ForestDryPoor
308649,Cicuta virosa,ForestDryPoor
308650,Cicuta virosa,ForestDryPoor
308651,Cicuta virosa,ForestDryPoor
308652,Cicuta virosa,ForestDryPoor
308653,Cicuta virosa,ForestDryPoor
308654,Cicuta virosa,ForestDryPoor
309241,Cicuta virosa,ForestDryPoor
309242,Cicuta virosa,ForestDryPoor
309243,Cicuta virosa,ForestDryPoor
309244,Cicuta virosa,ForestDryPoor
309245,Cicuta virosa,ForestDryPoor
309246,Cicuta virosa,ForestDryPoor
309247,Cicuta virosa,ForestDryPoor
309248,Cicuta virosa,ForestDryPoor
309249,Cicuta virosa,ForestDryPoor
309250,Cicuta virosa,ForestDryPoor
309251,Cicuta virosa,ForestDryPoor
309252,Cicuta virosa,ForestDryPoor
309840,Cicuta virosa,ForestDryPoor
309841,Cicuta virosa,ForestDryPoor
309842,Cicuta virosa,ForestDryPoor
309843,Cicuta virosa,ForestDryPoor
309844,Cicuta virosa,ForestDryPoor
309845,Cicuta virosa,ForestDryPoor
309846,Cicuta virosa,ForestDryPoor
309847,Cicuta virosa,ForestDryPoor
309848,Cicuta virosa,ForestDryPoor
309849,Cicuta virosa,ForestDryPoor
309850,Cicuta virosa,ForestDryPoor
310439,Cicuta virosa,ForestDryPoor
310440,Cicuta virosa,ForestDryPoor
310441,Cicuta virosa,ForestDryPoor
310442,Cicuta virosa,ForestDryPoor
310443,Cicuta virosa,ForestDryPoor
310444,Cicuta virosa,ForestDryPoor
310445,Cicuta virosa,ForestDryPoor
310446,Cicuta virosa,ForestDryPoor
310447,Cicuta virosa,ForestDryPoor
310448,Cicuta virosa,ForestDryPoor
311038,Cicuta virosa,ForestDryPoor
311039,Cicuta virosa,ForestDryPoor
311040,Cicuta virosa,ForestDryPoor
311041,Cicuta virosa,ForestDryPoor
311042,Cicuta virosa,ForestDryPoor
311043,Cicuta virosa,ForestDryPoor
311044,Cicuta virosa,ForestDryPoor
311045,Cicuta virosa,ForestDryPoor
311046,Cicuta virosa,ForestDryPoor
311637,Cicuta virosa,ForestDryPoor
311638,Cicuta virosa,ForestDryPoor
311639,Cicuta virosa,ForestDryPoor
311640,Cicuta virosa,ForestDryPoor
311641,Cicuta virosa,ForestDryPoor
311642,Cicuta virosa,ForestDryPoor
311643,Cicuta virosa,ForestDryPoor
311644,Cicuta virosa,ForestDryPoor
312236,Cicuta virosa,ForestDryPoor
312237,Cicuta virosa,ForestDryPoor
312238,Cicuta virosa,ForestDryPoor
312239,Cicuta virosa,ForestDryPoor
312240,Cicuta virosa,ForestDryPoor
312241,Cicuta virosa,ForestDryPoor
312835,Cicuta virosa,ForestDryPoor
312836,Cicuta virosa,ForestDryPoor
312837,Cicuta virosa,ForestDryPoor
312838,Cicuta virosa,ForestDryPoor
312839,Cicuta virosa,ForestDryPoor
313434,Cicuta virosa,ForestDryPoor
313435,Cicuta virosa,ForestDryPoor
313436,Cicuta virosa,ForestDryPoor
314013,Cicuta virosa,ForestDryPoor
314014,Cicuta virosa,ForestDryPoor
314015,Cicuta virosa,ForestDryPoor
314016,Cicuta virosa,ForestDryPoor
314017,Cicuta virosa,ForestDryPoor
314018,Cicuta virosa,ForestDryPoor
314019,Cicuta virosa,ForestDryPoor
314020,Cicuta virosa,ForestDryPoor
314021,Cicuta virosa,ForestDryPoor
314022,Cicuta virosa,ForestDryPoor
314023,Cicuta virosa,ForestDryPoor
314024,Cicuta virosa,ForestDryPoor
314025,Cicuta virosa,ForestDryPoor
314026,Cicuta virosa,ForestDryPoor
314027,Cicuta virosa,ForestDryPoor
314028,Cicuta virosa,ForestDryPoor
314029,Cicuta virosa,ForestDryPoor
314030,Cicuta virosa,ForestDryPoor
314031,Cicuta virosa,ForestDryPoor
314032,Cicuta virosa,ForestDryPoor
314033,Cicuta virosa,ForestDryPoor
314034,Cicuta virosa,ForestDryPoor
314612,Cicuta virosa,ForestDryPoor
314613,Cicuta virosa,ForestDryPoor
314614,Cicuta virosa,ForestDryPoor
314615,Cicuta virosa,ForestDryPoor
314616,Cicuta virosa,ForestDryPoor
314617,Cicuta virosa,ForestDryPoor
314618,Cicuta virosa,ForestDryPoor
314619,Cicuta virosa,ForestDryPoor
314620,Cicuta virosa,ForestDryPoor
314621,Cicuta virosa,ForestDryPoor
314622,Cicuta virosa,ForestDryPoor
314623,Cicuta virosa,ForestDryPoor
314624,Cicuta virosa,ForestDryPoor
314625,Cicuta virosa,ForestDryPoor
314626,Cicuta virosa,ForestDryPoor
314627,Cicuta virosa,ForestDryPoor
314628,Cicuta virosa,ForestDryPoor
314629,Cicuta virosa,ForestDryPoor
314630,Cicuta virosa,ForestDryPoor
314631,Cicuta virosa,ForestDryPoor
315211,Cicuta virosa,ForestDryPoor
315212,Cicuta virosa,ForestDryPoor
315213,Cicuta virosa,ForestDryPoor
315214,Cicuta virosa,ForestDryPoor
315215,Cicuta virosa,ForestDryPoor
315216,Cicuta virosa,ForestDryPoor
315217,Cicuta virosa,ForestDryPoor
315218,Cicuta virosa,ForestDryPoor
315219,Cicuta virosa,ForestDryPoor
315220,Cicuta virosa,ForestDryPoor
315221,Cicuta virosa,ForestDryPoor
315222,Cicuta virosa,ForestDryPoor
315223,Cicuta virosa,ForestDryPoor
315224,Cicuta virosa,ForestDryPoor
315225,Cicuta virosa,ForestDryPoor
315226,Cicuta virosa,ForestDryPoor
315227,Cicuta virosa,ForestDryPoor
315228,Cicuta virosa,ForestDryPoor
315810,Cicuta virosa,ForestDryPoor
315811,Cicuta virosa,ForestDryPoor
315812,Cicuta virosa,ForestDryPoor
315813,Cicuta virosa,ForestDryPoor
315814,Cicuta virosa,ForestDryPoor
315815,Cicuta virosa,ForestDryPoor
315816,Cicuta virosa,ForestDryPoor
315817,Cicuta virosa,ForestDryPoor
315818,Cicuta virosa,ForestDryPoor
315819,Cicuta virosa,ForestDryPoor
315820,Cicuta virosa,ForestDryPoor
315821,Cicuta virosa,ForestDryPoor
315822,Cicuta virosa,ForestDryPoor
315823,Cicuta virosa,ForestDryPoor
315824,Cicuta virosa,ForestDryPoor
316409,Cicuta virosa,ForestDryPoor
316410,Cicuta virosa,ForestDryPoor
316411,Cicuta virosa,ForestDryPoor
316412,Cicuta virosa,ForestDryPoor
316413,Cicuta virosa,ForestDryPoor
316414,Cicuta virosa,ForestDryPoor
316415,Cicuta virosa,ForestDryPoor
316416,Cicuta virosa,ForestDryPoor
316417,Cicuta virosa,ForestDryPoor
316418,Cicuta virosa,ForestDryPoor
316419,Cicuta virosa,ForestDryPoor
316420,Cicuta virosa,ForestDryPoor
316421,Cicuta virosa,ForestDryPoor
317008,Cicuta virosa,ForestDryPoor
317009,Cicuta virosa,ForestDryPoor
317010,Cicuta virosa,ForestDryPoor
317011,Cicuta virosa,ForestDryPoor
317012,Cicuta virosa,ForestDryPoor
317013,Cicuta virosa,ForestDryPoor
317014,Cicuta virosa,ForestDryPoor
317015,Cicuta virosa,ForestDryPoor
317016,Cicuta virosa,ForestDryPoor
317607,Cicuta virosa,ForestDryPoor
317608,Cicuta virosa,ForestDryPoor
317609,Cicuta virosa,ForestDryPoor
317610,Cicuta virosa,ForestDryPoor
317611,Cicuta virosa,ForestDryPoor
