50673,Climacium dendroides,ForestDryPoor
50674,Climacium dendroides,ForestDryPoor
50675,Climacium dendroides,ForestDryPoor
50676,Climacium dendroides,ForestDryPoor
50677,Climacium dendroides,ForestDryPoor
50678,Climacium dendroides,ForestDryPoor
50679,Climacium dendroides,ForestDryPoor
50680,Climacium dendroides,ForestDryPoor
50681,Climacium dendroides,ForestDryPoor
50682,Climacium dendroides,ForestDryPoor
50683,Climacium dendroides,ForestDryPoor
50684,Climacium dendroides,ForestDryPoor
50685,Climacium dendroides,ForestDryPoor
50686,Climacium dendroides,ForestDryPoor
50687,Climacium dendroides,ForestDryPoor
50688,Climacium dendroides,ForestDryPoor
50689,Climacium dendroides,ForestDryPoor
50690,Climacium dendroides,ForestDryPoor
50691,Climacium dendroides,ForestDryPoor
50692,Climacium dendroides,ForestDryPoor
51272,Climacium dendroides,ForestDryPoor
51273,Climacium dendroides,ForestDryPoor
51274,Climacium dendroides,ForestDryPoor
51275,Climacium dendroides,ForestDryPoor
51276,Climacium dendroides,ForestDryPoor
51277,Climacium dendroides,ForestDryPoor
51278,Climacium dendroides,ForestDryPoor
51279,Climacium dendroides,ForestDryPoor
51280,Climacium dendroides,ForestDryPoor
51281,Climacium dendroides,ForestDryPoor
51282,Climacium dendroides,ForestDryPoor
51283,Climacium dendroides,ForestDryPoor
51284,Climacium dendroides,ForestDryPoor
51285,Climacium dendroides,ForestDryPoor
51286,Climacium dendroides,ForestDryPoor
51287,Climacium dendroides,ForestDryPoor
51288,Climacium dendroides,ForestDryPoor
51289,Climacium dendroides,ForestDryPoor
51290,Climacium dendroides,ForestDryPoor
51291,Climacium dendroides,ForestDryPoor
51871,Climacium dendroides,ForestDryPoor
51872,Climacium dendroides,ForestDryPoor
51873,Climacium dendroides,ForestDryPoor
51874,Climacium dendroides,ForestDryPoor
51875,Climacium dendroides,ForestDryPoor
51876,Climacium dendroides,ForestDryPoor
51877,Climacium dendroides,ForestDryPoor
51878,Climacium dendroides,ForestDryPoor
51879,Climacium dendroides,ForestDryPoor
51880,Climacium dendroides,ForestDryPoor
51881,Climacium dendroides,ForestDryPoor
51882,Climacium dendroides,ForestDryPoor
51883,Climacium dendroides,ForestDryPoor
51884,Climacium dendroides,ForestDryPoor
51885,Climacium dendroides,ForestDryPoor
51886,Climacium dendroides,ForestDryPoor
51887,Climacium dendroides,ForestDryPoor
51888,Climacium dendroides,ForestDryPoor
51889,Climacium dendroides,ForestDryPoor
51890,Climacium dendroides,ForestDryPoor
52470,Climacium dendroides,ForestDryPoor
52471,Climacium dendroides,ForestDryPoor
52472,Climacium dendroides,ForestDryPoor
52473,Climacium dendroides,ForestDryPoor
52474,Climacium dendroides,ForestDryPoor
52475,Climacium dendroides,ForestDryPoor
52476,Climacium dendroides,ForestDryPoor
52477,Climacium dendroides,ForestDryPoor
52478,Climacium dendroides,ForestDryPoor
52479,Climacium dendroides,ForestDryPoor
52480,Climacium dendroides,ForestDryPoor
52481,Climacium dendroides,ForestDryPoor
52482,Climacium dendroides,ForestDryPoor
52483,Climacium dendroides,ForestDryPoor
52484,Climacium dendroides,ForestDryPoor
52485,Climacium dendroides,ForestDryPoor
52486,Climacium dendroides,ForestDryPoor
52487,Climacium dendroides,ForestDryPoor
52488,Climacium dendroides,ForestDryPoor
52489,Climacium dendroides,ForestDryPoor
53069,Climacium dendroides,ForestDryPoor
53070,Climacium dendroides,ForestDryPoor
53071,Climacium dendroides,ForestDryPoor
53072,Climacium dendroides,ForestDryPoor
53073,Climacium dendroides,ForestDryPoor
53074,Climacium dendroides,ForestDryPoor
53075,Climacium dendroides,ForestDryPoor
53076,Climacium dendroides,ForestDryPoor
53077,Climacium dendroides,ForestDryPoor
53078,Climacium dendroides,ForestDryPoor
53079,Climacium dendroides,ForestDryPoor
53080,Climacium dendroides,ForestDryPoor
53081,Climacium dendroides,ForestDryPoor
53082,Climacium dendroides,ForestDryPoor
53083,Climacium dendroides,ForestDryPoor
53084,Climacium dendroides,ForestDryPoor
53085,Climacium dendroides,ForestDryPoor
53086,Climacium dendroides,ForestDryPoor
53087,Climacium dendroides,ForestDryPoor
53088,Climacium dendroides,ForestDryPoor
53668,Climacium dendroides,ForestDryPoor
53669,Climacium dendroides,ForestDryPoor
53670,Climacium dendroides,ForestDryPoor
53671,Climacium dendroides,ForestDryPoor
53672,Climacium dendroides,ForestDryPoor
53673,Climacium dendroides,ForestDryPoor
53674,Climacium dendroides,ForestDryPoor
53675,Climacium dendroides,ForestDryPoor
53676,Climacium dendroides,ForestDryPoor
53677,Climacium dendroides,ForestDryPoor
53678,Climacium dendroides,ForestDryPoor
53679,Climacium dendroides,ForestDryPoor
53680,Climacium dendroides,ForestDryPoor
53681,Climacium dendroides,ForestDryPoor
53682,Climacium dendroides,ForestDryPoor
53683,Climacium dendroides,ForestDryPoor
53684,Climacium dendroides,ForestDryPoor
53685,Climacium dendroides,ForestDryPoor
53686,Climacium dendroides,ForestDryPoor
53687,Climacium dendroides,ForestDryPoor
54267,Climacium dendroides,ForestDryPoor
54268,Climacium dendroides,ForestDryPoor
54269,Climacium dendroides,ForestDryPoor
54270,Climacium dendroides,ForestDryPoor
54271,Climacium dendroides,ForestDryPoor
54272,Climacium dendroides,ForestDryPoor
54273,Climacium dendroides,ForestDryPoor
54274,Climacium dendroides,ForestDryPoor
54275,Climacium dendroides,ForestDryPoor
54276,Climacium dendroides,ForestDryPoor
54277,Climacium dendroides,ForestDryPoor
54278,Climacium dendroides,ForestDryPoor
54279,Climacium dendroides,ForestDryPoor
54280,Climacium dendroides,ForestDryPoor
54281,Climacium dendroides,ForestDryPoor
54282,Climacium dendroides,ForestDryPoor
54283,Climacium dendroides,ForestDryPoor
54284,Climacium dendroides,ForestDryPoor
54285,Climacium dendroides,ForestDryPoor
54286,Climacium dendroides,ForestDryPoor
54866,Climacium dendroides,ForestDryPoor
54867,Climacium dendroides,ForestDryPoor
54868,Climacium dendroides,ForestDryPoor
54869,Climacium dendroides,ForestDryPoor
54870,Climacium dendroides,ForestDryPoor
54871,Climacium dendroides,ForestDryPoor
54872,Climacium dendroides,ForestDryPoor
54873,Climacium dendroides,ForestDryPoor
54874,Climacium dendroides,ForestDryPoor
54875,Climacium dendroides,ForestDryPoor
54876,Climacium dendroides,ForestDryPoor
54877,Climacium dendroides,ForestDryPoor
54878,Climacium dendroides,ForestDryPoor
54879,Climacium dendroides,ForestDryPoor
54880,Climacium dendroides,ForestDryPoor
54881,Climacium dendroides,ForestDryPoor
54882,Climacium dendroides,ForestDryPoor
54883,Climacium dendroides,ForestDryPoor
54884,Climacium dendroides,ForestDryPoor
54885,Climacium dendroides,ForestDryPoor
55465,Climacium dendroides,ForestDryPoor
55466,Climacium dendroides,ForestDryPoor
55467,Climacium dendroides,ForestDryPoor
55468,Climacium dendroides,ForestDryPoor
55469,Climacium dendroides,ForestDryPoor
55470,Climacium dendroides,ForestDryPoor
55471,Climacium dendroides,ForestDryPoor
55472,Climacium dendroides,ForestDryPoor
55473,Climacium dendroides,ForestDryPoor
55474,Climacium dendroides,ForestDryPoor
55475,Climacium dendroides,ForestDryPoor
55476,Climacium dendroides,ForestDryPoor
55477,Climacium dendroides,ForestDryPoor
55478,Climacium dendroides,ForestDryPoor
55479,Climacium dendroides,ForestDryPoor
55480,Climacium dendroides,ForestDryPoor
55481,Climacium dendroides,ForestDryPoor
55482,Climacium dendroides,ForestDryPoor
55483,Climacium dendroides,ForestDryPoor
55484,Climacium dendroides,ForestDryPoor
56064,Climacium dendroides,ForestDryPoor
56065,Climacium dendroides,ForestDryPoor
56066,Climacium dendroides,ForestDryPoor
56067,Climacium dendroides,ForestDryPoor
56068,Climacium dendroides,ForestDryPoor
56069,Climacium dendroides,ForestDryPoor
56070,Climacium dendroides,ForestDryPoor
56071,Climacium dendroides,ForestDryPoor
56072,Climacium dendroides,ForestDryPoor
56073,Climacium dendroides,ForestDryPoor
56074,Climacium dendroides,ForestDryPoor
56075,Climacium dendroides,ForestDryPoor
56076,Climacium dendroides,ForestDryPoor
56077,Climacium dendroides,ForestDryPoor
56078,Climacium dendroides,ForestDryPoor
56079,Climacium dendroides,ForestDryPoor
56080,Climacium dendroides,ForestDryPoor
56081,Climacium dendroides,ForestDryPoor
56082,Climacium dendroides,ForestDryPoor
56083,Climacium dendroides,ForestDryPoor
56663,Climacium dendroides,ForestDryPoor
56664,Climacium dendroides,ForestDryPoor
56665,Climacium dendroides,ForestDryPoor
56666,Climacium dendroides,ForestDryPoor
56667,Climacium dendroides,ForestDryPoor
56668,Climacium dendroides,ForestDryPoor
56669,Climacium dendroides,ForestDryPoor
56670,Climacium dendroides,ForestDryPoor
56671,Climacium dendroides,ForestDryPoor
56672,Climacium dendroides,ForestDryPoor
56673,Climacium dendroides,ForestDryPoor
56674,Climacium dendroides,ForestDryPoor
56675,Climacium dendroides,ForestDryPoor
56676,Climacium dendroides,ForestDryPoor
56677,Climacium dendroides,ForestDryPoor
56678,Climacium dendroides,ForestDryPoor
56679,Climacium dendroides,ForestDryPoor
56680,Climacium dendroides,ForestDryPoor
56681,Climacium dendroides,ForestDryPoor
56682,Climacium dendroides,ForestDryPoor
57262,Climacium dendroides,ForestDryPoor
57263,Climacium dendroides,ForestDryPoor
57264,Climacium dendroides,ForestDryPoor
57265,Climacium dendroides,ForestDryPoor
57266,Climacium dendroides,ForestDryPoor
57267,Climacium dendroides,ForestDryPoor
57268,Climacium dendroides,ForestDryPoor
57269,Climacium dendroides,ForestDryPoor
57270,Climacium dendroides,ForestDryPoor
57271,Climacium dendroides,ForestDryPoor
57272,Climacium dendroides,ForestDryPoor
57273,Climacium dendroides,ForestDryPoor
57274,Climacium dendroides,ForestDryPoor
57275,Climacium dendroides,ForestDryPoor
57276,Climacium dendroides,ForestDryPoor
57277,Climacium dendroides,ForestDryPoor
57278,Climacium dendroides,ForestDryPoor
57279,Climacium dendroides,ForestDryPoor
57280,Climacium dendroides,ForestDryPoor
57281,Climacium dendroides,ForestDryPoor
57861,Climacium dendroides,ForestDryPoor
57862,Climacium dendroides,ForestDryPoor
57863,Climacium dendroides,ForestDryPoor
57864,Climacium dendroides,ForestDryPoor
57865,Climacium dendroides,ForestDryPoor
57866,Climacium dendroides,ForestDryPoor
57867,Climacium dendroides,ForestDryPoor
57868,Climacium dendroides,ForestDryPoor
57869,Climacium dendroides,ForestDryPoor
57870,Climacium dendroides,ForestDryPoor
57871,Climacium dendroides,ForestDryPoor
57872,Climacium dendroides,ForestDryPoor
57873,Climacium dendroides,ForestDryPoor
57874,Climacium dendroides,ForestDryPoor
57875,Climacium dendroides,ForestDryPoor
57876,Climacium dendroides,ForestDryPoor
57877,Climacium dendroides,ForestDryPoor
57878,Climacium dendroides,ForestDryPoor
57879,Climacium dendroides,ForestDryPoor
57880,Climacium dendroides,ForestDryPoor
58460,Climacium dendroides,ForestDryPoor
58461,Climacium dendroides,ForestDryPoor
58462,Climacium dendroides,ForestDryPoor
58463,Climacium dendroides,ForestDryPoor
58464,Climacium dendroides,ForestDryPoor
58465,Climacium dendroides,ForestDryPoor
58466,Climacium dendroides,ForestDryPoor
58467,Climacium dendroides,ForestDryPoor
58468,Climacium dendroides,ForestDryPoor
58469,Climacium dendroides,ForestDryPoor
58470,Climacium dendroides,ForestDryPoor
58471,Climacium dendroides,ForestDryPoor
58472,Climacium dendroides,ForestDryPoor
58473,Climacium dendroides,ForestDryPoor
58474,Climacium dendroides,ForestDryPoor
58475,Climacium dendroides,ForestDryPoor
58476,Climacium dendroides,ForestDryPoor
58477,Climacium dendroides,ForestDryPoor
58478,Climacium dendroides,ForestDryPoor
58479,Climacium dendroides,ForestDryPoor
59059,Climacium dendroides,ForestDryPoor
59060,Climacium dendroides,ForestDryPoor
59061,Climacium dendroides,ForestDryPoor
59062,Climacium dendroides,ForestDryPoor
59063,Climacium dendroides,ForestDryPoor
59064,Climacium dendroides,ForestDryPoor
59065,Climacium dendroides,ForestDryPoor
59066,Climacium dendroides,ForestDryPoor
59067,Climacium dendroides,ForestDryPoor
59068,Climacium dendroides,ForestDryPoor
59069,Climacium dendroides,ForestDryPoor
59070,Climacium dendroides,ForestDryPoor
59071,Climacium dendroides,ForestDryPoor
59072,Climacium dendroides,ForestDryPoor
59073,Climacium dendroides,ForestDryPoor
59074,Climacium dendroides,ForestDryPoor
59075,Climacium dendroides,ForestDryPoor
59076,Climacium dendroides,ForestDryPoor
59077,Climacium dendroides,ForestDryPoor
59078,Climacium dendroides,ForestDryPoor
59658,Climacium dendroides,ForestDryPoor
59659,Climacium dendroides,ForestDryPoor
59660,Climacium dendroides,ForestDryPoor
59661,Climacium dendroides,ForestDryPoor
59662,Climacium dendroides,ForestDryPoor
59663,Climacium dendroides,ForestDryPoor
59664,Climacium dendroides,ForestDryPoor
59665,Climacium dendroides,ForestDryPoor
59666,Climacium dendroides,ForestDryPoor
59667,Climacium dendroides,ForestDryPoor
59668,Climacium dendroides,ForestDryPoor
59669,Climacium dendroides,ForestDryPoor
59670,Climacium dendroides,ForestDryPoor
59671,Climacium dendroides,ForestDryPoor
59672,Climacium dendroides,ForestDryPoor
59673,Climacium dendroides,ForestDryPoor
59674,Climacium dendroides,ForestDryPoor
59675,Climacium dendroides,ForestDryPoor
59676,Climacium dendroides,ForestDryPoor
59677,Climacium dendroides,ForestDryPoor
60257,Climacium dendroides,ForestDryPoor
60258,Climacium dendroides,ForestDryPoor
60259,Climacium dendroides,ForestDryPoor
60260,Climacium dendroides,ForestDryPoor
60261,Climacium dendroides,ForestDryPoor
60262,Climacium dendroides,ForestDryPoor
60263,Climacium dendroides,ForestDryPoor
60264,Climacium dendroides,ForestDryPoor
60265,Climacium dendroides,ForestDryPoor
60266,Climacium dendroides,ForestDryPoor
60267,Climacium dendroides,ForestDryPoor
60268,Climacium dendroides,ForestDryPoor
60269,Climacium dendroides,ForestDryPoor
60270,Climacium dendroides,ForestDryPoor
60271,Climacium dendroides,ForestDryPoor
60272,Climacium dendroides,ForestDryPoor
60273,Climacium dendroides,ForestDryPoor
60274,Climacium dendroides,ForestDryPoor
60275,Climacium dendroides,ForestDryPoor
60276,Climacium dendroides,ForestDryPoor
60856,Climacium dendroides,ForestDryPoor
60857,Climacium dendroides,ForestDryPoor
60858,Climacium dendroides,ForestDryPoor
60859,Climacium dendroides,ForestDryPoor
60860,Climacium dendroides,ForestDryPoor
60861,Climacium dendroides,ForestDryPoor
60862,Climacium dendroides,ForestDryPoor
60863,Climacium dendroides,ForestDryPoor
60864,Climacium dendroides,ForestDryPoor
60865,Climacium dendroides,ForestDryPoor
60866,Climacium dendroides,ForestDryPoor
60867,Climacium dendroides,ForestDryPoor
60868,Climacium dendroides,ForestDryPoor
60869,Climacium dendroides,ForestDryPoor
60870,Climacium dendroides,ForestDryPoor
60871,Climacium dendroides,ForestDryPoor
60872,Climacium dendroides,ForestDryPoor
60873,Climacium dendroides,ForestDryPoor
60874,Climacium dendroides,ForestDryPoor
60875,Climacium dendroides,ForestDryPoor
61455,Climacium dendroides,ForestDryPoor
61456,Climacium dendroides,ForestDryPoor
61457,Climacium dendroides,ForestDryPoor
61458,Climacium dendroides,ForestDryPoor
61459,Climacium dendroides,ForestDryPoor
61460,Climacium dendroides,ForestDryPoor
61461,Climacium dendroides,ForestDryPoor
61462,Climacium dendroides,ForestDryPoor
61463,Climacium dendroides,ForestDryPoor
61464,Climacium dendroides,ForestDryPoor
61465,Climacium dendroides,ForestDryPoor
61466,Climacium dendroides,ForestDryPoor
61467,Climacium dendroides,ForestDryPoor
61468,Climacium dendroides,ForestDryPoor
61469,Climacium dendroides,ForestDryPoor
61470,Climacium dendroides,ForestDryPoor
61471,Climacium dendroides,ForestDryPoor
61472,Climacium dendroides,ForestDryPoor
61473,Climacium dendroides,ForestDryPoor
61474,Climacium dendroides,ForestDryPoor
62054,Climacium dendroides,ForestDryPoor
62055,Climacium dendroides,ForestDryPoor
62056,Climacium dendroides,ForestDryPoor
62057,Climacium dendroides,ForestDryPoor
62058,Climacium dendroides,ForestDryPoor
62059,Climacium dendroides,ForestDryPoor
62060,Climacium dendroides,ForestDryPoor
62061,Climacium dendroides,ForestDryPoor
62062,Climacium dendroides,ForestDryPoor
62063,Climacium dendroides,ForestDryPoor
62064,Climacium dendroides,ForestDryPoor
62065,Climacium dendroides,ForestDryPoor
62066,Climacium dendroides,ForestDryPoor
62067,Climacium dendroides,ForestDryPoor
62068,Climacium dendroides,ForestDryPoor
62069,Climacium dendroides,ForestDryPoor
62070,Climacium dendroides,ForestDryPoor
62071,Climacium dendroides,ForestDryPoor
62072,Climacium dendroides,ForestDryPoor
62073,Climacium dendroides,ForestDryPoor
62673,Climacium dendroides,ForestDryPoor
62674,Climacium dendroides,ForestDryPoor
62675,Climacium dendroides,ForestDryPoor
62676,Climacium dendroides,ForestDryPoor
62677,Climacium dendroides,ForestDryPoor
62678,Climacium dendroides,ForestDryPoor
62679,Climacium dendroides,ForestDryPoor
62680,Climacium dendroides,ForestDryPoor
62681,Climacium dendroides,ForestDryPoor
62682,Climacium dendroides,ForestDryPoor
62683,Climacium dendroides,ForestDryPoor
62684,Climacium dendroides,ForestDryPoor
62685,Climacium dendroides,ForestDryPoor
62686,Climacium dendroides,ForestDryPoor
62687,Climacium dendroides,ForestDryPoor
62688,Climacium dendroides,ForestDryPoor
62689,Climacium dendroides,ForestDryPoor
62690,Climacium dendroides,ForestDryPoor
62691,Climacium dendroides,ForestDryPoor
62692,Climacium dendroides,ForestDryPoor
63272,Climacium dendroides,ForestDryPoor
63273,Climacium dendroides,ForestDryPoor
63274,Climacium dendroides,ForestDryPoor
63275,Climacium dendroides,ForestDryPoor
63276,Climacium dendroides,ForestDryPoor
63277,Climacium dendroides,ForestDryPoor
63278,Climacium dendroides,ForestDryPoor
63279,Climacium dendroides,ForestDryPoor
63280,Climacium dendroides,ForestDryPoor
63281,Climacium dendroides,ForestDryPoor
63282,Climacium dendroides,ForestDryPoor
63283,Climacium dendroides,ForestDryPoor
63284,Climacium dendroides,ForestDryPoor
63285,Climacium dendroides,ForestDryPoor
63286,Climacium dendroides,ForestDryPoor
63287,Climacium dendroides,ForestDryPoor
63288,Climacium dendroides,ForestDryPoor
63289,Climacium dendroides,ForestDryPoor
63290,Climacium dendroides,ForestDryPoor
63291,Climacium dendroides,ForestDryPoor
63871,Climacium dendroides,ForestDryPoor
63872,Climacium dendroides,ForestDryPoor
63873,Climacium dendroides,ForestDryPoor
63874,Climacium dendroides,ForestDryPoor
63875,Climacium dendroides,ForestDryPoor
63876,Climacium dendroides,ForestDryPoor
63877,Climacium dendroides,ForestDryPoor
63878,Climacium dendroides,ForestDryPoor
63879,Climacium dendroides,ForestDryPoor
63880,Climacium dendroides,ForestDryPoor
63881,Climacium dendroides,ForestDryPoor
63882,Climacium dendroides,ForestDryPoor
63883,Climacium dendroides,ForestDryPoor
63884,Climacium dendroides,ForestDryPoor
63885,Climacium dendroides,ForestDryPoor
63886,Climacium dendroides,ForestDryPoor
63887,Climacium dendroides,ForestDryPoor
63888,Climacium dendroides,ForestDryPoor
63889,Climacium dendroides,ForestDryPoor
63890,Climacium dendroides,ForestDryPoor
64470,Climacium dendroides,ForestDryPoor
64471,Climacium dendroides,ForestDryPoor
64472,Climacium dendroides,ForestDryPoor
64473,Climacium dendroides,ForestDryPoor
64474,Climacium dendroides,ForestDryPoor
64475,Climacium dendroides,ForestDryPoor
64476,Climacium dendroides,ForestDryPoor
64477,Climacium dendroides,ForestDryPoor
64478,Climacium dendroides,ForestDryPoor
64479,Climacium dendroides,ForestDryPoor
64480,Climacium dendroides,ForestDryPoor
64481,Climacium dendroides,ForestDryPoor
64482,Climacium dendroides,ForestDryPoor
64483,Climacium dendroides,ForestDryPoor
64484,Climacium dendroides,ForestDryPoor
64485,Climacium dendroides,ForestDryPoor
64486,Climacium dendroides,ForestDryPoor
64487,Climacium dendroides,ForestDryPoor
64488,Climacium dendroides,ForestDryPoor
64489,Climacium dendroides,ForestDryPoor
65069,Climacium dendroides,ForestDryPoor
65070,Climacium dendroides,ForestDryPoor
65071,Climacium dendroides,ForestDryPoor
65072,Climacium dendroides,ForestDryPoor
65073,Climacium dendroides,ForestDryPoor
65074,Climacium dendroides,ForestDryPoor
65075,Climacium dendroides,ForestDryPoor
65076,Climacium dendroides,ForestDryPoor
65077,Climacium dendroides,ForestDryPoor
65078,Climacium dendroides,ForestDryPoor
65079,Climacium dendroides,ForestDryPoor
65080,Climacium dendroides,ForestDryPoor
65081,Climacium dendroides,ForestDryPoor
65082,Climacium dendroides,ForestDryPoor
65083,Climacium dendroides,ForestDryPoor
65084,Climacium dendroides,ForestDryPoor
65085,Climacium dendroides,ForestDryPoor
65086,Climacium dendroides,ForestDryPoor
65087,Climacium dendroides,ForestDryPoor
65088,Climacium dendroides,ForestDryPoor
65668,Climacium dendroides,ForestDryPoor
65669,Climacium dendroides,ForestDryPoor
65670,Climacium dendroides,ForestDryPoor
65671,Climacium dendroides,ForestDryPoor
65672,Climacium dendroides,ForestDryPoor
65673,Climacium dendroides,ForestDryPoor
65674,Climacium dendroides,ForestDryPoor
65675,Climacium dendroides,ForestDryPoor
65676,Climacium dendroides,ForestDryPoor
65677,Climacium dendroides,ForestDryPoor
65678,Climacium dendroides,ForestDryPoor
65679,Climacium dendroides,ForestDryPoor
65680,Climacium dendroides,ForestDryPoor
65681,Climacium dendroides,ForestDryPoor
65682,Climacium dendroides,ForestDryPoor
65683,Climacium dendroides,ForestDryPoor
65684,Climacium dendroides,ForestDryPoor
65685,Climacium dendroides,ForestDryPoor
65686,Climacium dendroides,ForestDryPoor
65687,Climacium dendroides,ForestDryPoor
66267,Climacium dendroides,ForestDryPoor
66268,Climacium dendroides,ForestDryPoor
66269,Climacium dendroides,ForestDryPoor
66270,Climacium dendroides,ForestDryPoor
66271,Climacium dendroides,ForestDryPoor
66272,Climacium dendroides,ForestDryPoor
66273,Climacium dendroides,ForestDryPoor
66274,Climacium dendroides,ForestDryPoor
66275,Climacium dendroides,ForestDryPoor
66276,Climacium dendroides,ForestDryPoor
66277,Climacium dendroides,ForestDryPoor
66278,Climacium dendroides,ForestDryPoor
66279,Climacium dendroides,ForestDryPoor
66280,Climacium dendroides,ForestDryPoor
66281,Climacium dendroides,ForestDryPoor
66282,Climacium dendroides,ForestDryPoor
66283,Climacium dendroides,ForestDryPoor
66284,Climacium dendroides,ForestDryPoor
66285,Climacium dendroides,ForestDryPoor
66286,Climacium dendroides,ForestDryPoor
66866,Climacium dendroides,ForestDryPoor
66867,Climacium dendroides,ForestDryPoor
66868,Climacium dendroides,ForestDryPoor
66869,Climacium dendroides,ForestDryPoor
66870,Climacium dendroides,ForestDryPoor
66871,Climacium dendroides,ForestDryPoor
66872,Climacium dendroides,ForestDryPoor
66873,Climacium dendroides,ForestDryPoor
66874,Climacium dendroides,ForestDryPoor
66875,Climacium dendroides,ForestDryPoor
66876,Climacium dendroides,ForestDryPoor
66877,Climacium dendroides,ForestDryPoor
66878,Climacium dendroides,ForestDryPoor
66879,Climacium dendroides,ForestDryPoor
66880,Climacium dendroides,ForestDryPoor
66881,Climacium dendroides,ForestDryPoor
66882,Climacium dendroides,ForestDryPoor
66883,Climacium dendroides,ForestDryPoor
66884,Climacium dendroides,ForestDryPoor
66885,Climacium dendroides,ForestDryPoor
67465,Climacium dendroides,ForestDryPoor
67466,Climacium dendroides,ForestDryPoor
67467,Climacium dendroides,ForestDryPoor
67468,Climacium dendroides,ForestDryPoor
67469,Climacium dendroides,ForestDryPoor
67470,Climacium dendroides,ForestDryPoor
67471,Climacium dendroides,ForestDryPoor
67472,Climacium dendroides,ForestDryPoor
67473,Climacium dendroides,ForestDryPoor
67474,Climacium dendroides,ForestDryPoor
67475,Climacium dendroides,ForestDryPoor
67476,Climacium dendroides,ForestDryPoor
67477,Climacium dendroides,ForestDryPoor
67478,Climacium dendroides,ForestDryPoor
67479,Climacium dendroides,ForestDryPoor
67480,Climacium dendroides,ForestDryPoor
67481,Climacium dendroides,ForestDryPoor
67482,Climacium dendroides,ForestDryPoor
67483,Climacium dendroides,ForestDryPoor
67484,Climacium dendroides,ForestDryPoor
68064,Climacium dendroides,ForestDryPoor
68065,Climacium dendroides,ForestDryPoor
68066,Climacium dendroides,ForestDryPoor
68067,Climacium dendroides,ForestDryPoor
68068,Climacium dendroides,ForestDryPoor
68069,Climacium dendroides,ForestDryPoor
68070,Climacium dendroides,ForestDryPoor
68071,Climacium dendroides,ForestDryPoor
68072,Climacium dendroides,ForestDryPoor
68073,Climacium dendroides,ForestDryPoor
68074,Climacium dendroides,ForestDryPoor
68075,Climacium dendroides,ForestDryPoor
68076,Climacium dendroides,ForestDryPoor
68077,Climacium dendroides,ForestDryPoor
68078,Climacium dendroides,ForestDryPoor
68079,Climacium dendroides,ForestDryPoor
68080,Climacium dendroides,ForestDryPoor
68081,Climacium dendroides,ForestDryPoor
68082,Climacium dendroides,ForestDryPoor
68083,Climacium dendroides,ForestDryPoor
68663,Climacium dendroides,ForestDryPoor
68664,Climacium dendroides,ForestDryPoor
68665,Climacium dendroides,ForestDryPoor
68666,Climacium dendroides,ForestDryPoor
68667,Climacium dendroides,ForestDryPoor
68668,Climacium dendroides,ForestDryPoor
68669,Climacium dendroides,ForestDryPoor
68670,Climacium dendroides,ForestDryPoor
68671,Climacium dendroides,ForestDryPoor
68672,Climacium dendroides,ForestDryPoor
68673,Climacium dendroides,ForestDryPoor
68674,Climacium dendroides,ForestDryPoor
68675,Climacium dendroides,ForestDryPoor
68676,Climacium dendroides,ForestDryPoor
68677,Climacium dendroides,ForestDryPoor
68678,Climacium dendroides,ForestDryPoor
68679,Climacium dendroides,ForestDryPoor
68680,Climacium dendroides,ForestDryPoor
68681,Climacium dendroides,ForestDryPoor
68682,Climacium dendroides,ForestDryPoor
69262,Climacium dendroides,ForestDryPoor
69263,Climacium dendroides,ForestDryPoor
69264,Climacium dendroides,ForestDryPoor
69265,Climacium dendroides,ForestDryPoor
69266,Climacium dendroides,ForestDryPoor
69267,Climacium dendroides,ForestDryPoor
69268,Climacium dendroides,ForestDryPoor
69269,Climacium dendroides,ForestDryPoor
69270,Climacium dendroides,ForestDryPoor
69271,Climacium dendroides,ForestDryPoor
69272,Climacium dendroides,ForestDryPoor
69273,Climacium dendroides,ForestDryPoor
69274,Climacium dendroides,ForestDryPoor
69275,Climacium dendroides,ForestDryPoor
69276,Climacium dendroides,ForestDryPoor
69277,Climacium dendroides,ForestDryPoor
69278,Climacium dendroides,ForestDryPoor
69279,Climacium dendroides,ForestDryPoor
69280,Climacium dendroides,ForestDryPoor
69281,Climacium dendroides,ForestDryPoor
69861,Climacium dendroides,ForestDryPoor
69862,Climacium dendroides,ForestDryPoor
69863,Climacium dendroides,ForestDryPoor
69864,Climacium dendroides,ForestDryPoor
69865,Climacium dendroides,ForestDryPoor
69866,Climacium dendroides,ForestDryPoor
69867,Climacium dendroides,ForestDryPoor
69868,Climacium dendroides,ForestDryPoor
69869,Climacium dendroides,ForestDryPoor
69870,Climacium dendroides,ForestDryPoor
69871,Climacium dendroides,ForestDryPoor
69872,Climacium dendroides,ForestDryPoor
69873,Climacium dendroides,ForestDryPoor
69874,Climacium dendroides,ForestDryPoor
69875,Climacium dendroides,ForestDryPoor
69876,Climacium dendroides,ForestDryPoor
69877,Climacium dendroides,ForestDryPoor
69878,Climacium dendroides,ForestDryPoor
69879,Climacium dendroides,ForestDryPoor
69880,Climacium dendroides,ForestDryPoor
70460,Climacium dendroides,ForestDryPoor
70461,Climacium dendroides,ForestDryPoor
70462,Climacium dendroides,ForestDryPoor
70463,Climacium dendroides,ForestDryPoor
70464,Climacium dendroides,ForestDryPoor
70465,Climacium dendroides,ForestDryPoor
70466,Climacium dendroides,ForestDryPoor
70467,Climacium dendroides,ForestDryPoor
70468,Climacium dendroides,ForestDryPoor
70469,Climacium dendroides,ForestDryPoor
70470,Climacium dendroides,ForestDryPoor
70471,Climacium dendroides,ForestDryPoor
70472,Climacium dendroides,ForestDryPoor
70473,Climacium dendroides,ForestDryPoor
70474,Climacium dendroides,ForestDryPoor
70475,Climacium dendroides,ForestDryPoor
70476,Climacium dendroides,ForestDryPoor
70477,Climacium dendroides,ForestDryPoor
70478,Climacium dendroides,ForestDryPoor
70479,Climacium dendroides,ForestDryPoor
71059,Climacium dendroides,ForestDryPoor
71060,Climacium dendroides,ForestDryPoor
71061,Climacium dendroides,ForestDryPoor
71062,Climacium dendroides,ForestDryPoor
71063,Climacium dendroides,ForestDryPoor
71064,Climacium dendroides,ForestDryPoor
71065,Climacium dendroides,ForestDryPoor
71066,Climacium dendroides,ForestDryPoor
71067,Climacium dendroides,ForestDryPoor
71068,Climacium dendroides,ForestDryPoor
71069,Climacium dendroides,ForestDryPoor
71070,Climacium dendroides,ForestDryPoor
71071,Climacium dendroides,ForestDryPoor
71072,Climacium dendroides,ForestDryPoor
71073,Climacium dendroides,ForestDryPoor
71074,Climacium dendroides,ForestDryPoor
71075,Climacium dendroides,ForestDryPoor
71076,Climacium dendroides,ForestDryPoor
71077,Climacium dendroides,ForestDryPoor
71078,Climacium dendroides,ForestDryPoor
71658,Climacium dendroides,ForestDryPoor
71659,Climacium dendroides,ForestDryPoor
71660,Climacium dendroides,ForestDryPoor
71661,Climacium dendroides,ForestDryPoor
71662,Climacium dendroides,ForestDryPoor
71663,Climacium dendroides,ForestDryPoor
71664,Climacium dendroides,ForestDryPoor
71665,Climacium dendroides,ForestDryPoor
71666,Climacium dendroides,ForestDryPoor
71667,Climacium dendroides,ForestDryPoor
71668,Climacium dendroides,ForestDryPoor
71669,Climacium dendroides,ForestDryPoor
71670,Climacium dendroides,ForestDryPoor
71671,Climacium dendroides,ForestDryPoor
71672,Climacium dendroides,ForestDryPoor
71673,Climacium dendroides,ForestDryPoor
71674,Climacium dendroides,ForestDryPoor
71675,Climacium dendroides,ForestDryPoor
71676,Climacium dendroides,ForestDryPoor
71677,Climacium dendroides,ForestDryPoor
72257,Climacium dendroides,ForestDryPoor
72258,Climacium dendroides,ForestDryPoor
72259,Climacium dendroides,ForestDryPoor
72260,Climacium dendroides,ForestDryPoor
72261,Climacium dendroides,ForestDryPoor
72262,Climacium dendroides,ForestDryPoor
72263,Climacium dendroides,ForestDryPoor
72264,Climacium dendroides,ForestDryPoor
72265,Climacium dendroides,ForestDryPoor
72266,Climacium dendroides,ForestDryPoor
72267,Climacium dendroides,ForestDryPoor
72268,Climacium dendroides,ForestDryPoor
72269,Climacium dendroides,ForestDryPoor
72270,Climacium dendroides,ForestDryPoor
72271,Climacium dendroides,ForestDryPoor
72272,Climacium dendroides,ForestDryPoor
72273,Climacium dendroides,ForestDryPoor
72274,Climacium dendroides,ForestDryPoor
72275,Climacium dendroides,ForestDryPoor
72276,Climacium dendroides,ForestDryPoor
72856,Climacium dendroides,ForestDryPoor
72857,Climacium dendroides,ForestDryPoor
72858,Climacium dendroides,ForestDryPoor
72859,Climacium dendroides,ForestDryPoor
72860,Climacium dendroides,ForestDryPoor
72861,Climacium dendroides,ForestDryPoor
72862,Climacium dendroides,ForestDryPoor
72863,Climacium dendroides,ForestDryPoor
72864,Climacium dendroides,ForestDryPoor
72865,Climacium dendroides,ForestDryPoor
72866,Climacium dendroides,ForestDryPoor
72867,Climacium dendroides,ForestDryPoor
72868,Climacium dendroides,ForestDryPoor
72869,Climacium dendroides,ForestDryPoor
72870,Climacium dendroides,ForestDryPoor
72871,Climacium dendroides,ForestDryPoor
72872,Climacium dendroides,ForestDryPoor
72873,Climacium dendroides,ForestDryPoor
72874,Climacium dendroides,ForestDryPoor
72875,Climacium dendroides,ForestDryPoor
73455,Climacium dendroides,ForestDryPoor
73456,Climacium dendroides,ForestDryPoor
73457,Climacium dendroides,ForestDryPoor
73458,Climacium dendroides,ForestDryPoor
73459,Climacium dendroides,ForestDryPoor
73460,Climacium dendroides,ForestDryPoor
73461,Climacium dendroides,ForestDryPoor
73462,Climacium dendroides,ForestDryPoor
73463,Climacium dendroides,ForestDryPoor
73464,Climacium dendroides,ForestDryPoor
73465,Climacium dendroides,ForestDryPoor
73466,Climacium dendroides,ForestDryPoor
73467,Climacium dendroides,ForestDryPoor
73468,Climacium dendroides,ForestDryPoor
73469,Climacium dendroides,ForestDryPoor
73470,Climacium dendroides,ForestDryPoor
73471,Climacium dendroides,ForestDryPoor
73472,Climacium dendroides,ForestDryPoor
73473,Climacium dendroides,ForestDryPoor
73474,Climacium dendroides,ForestDryPoor
74054,Climacium dendroides,ForestDryPoor
74055,Climacium dendroides,ForestDryPoor
74056,Climacium dendroides,ForestDryPoor
74057,Climacium dendroides,ForestDryPoor
74058,Climacium dendroides,ForestDryPoor
74059,Climacium dendroides,ForestDryPoor
74060,Climacium dendroides,ForestDryPoor
74061,Climacium dendroides,ForestDryPoor
74062,Climacium dendroides,ForestDryPoor
74063,Climacium dendroides,ForestDryPoor
74064,Climacium dendroides,ForestDryPoor
74065,Climacium dendroides,ForestDryPoor
74066,Climacium dendroides,ForestDryPoor
74067,Climacium dendroides,ForestDryPoor
74068,Climacium dendroides,ForestDryPoor
74069,Climacium dendroides,ForestDryPoor
74070,Climacium dendroides,ForestDryPoor
74071,Climacium dendroides,ForestDryPoor
74072,Climacium dendroides,ForestDryPoor
74073,Climacium dendroides,ForestDryPoor
74600,Climacium dendroides,ForestDryPoor
74601,Climacium dendroides,ForestDryPoor
74602,Climacium dendroides,ForestDryPoor
74603,Climacium dendroides,ForestDryPoor
74604,Climacium dendroides,ForestDryPoor
74605,Climacium dendroides,ForestDryPoor
74606,Climacium dendroides,ForestDryPoor
74607,Climacium dendroides,ForestDryPoor
74608,Climacium dendroides,ForestDryPoor
74609,Climacium dendroides,ForestDryPoor
74610,Climacium dendroides,ForestDryPoor
74611,Climacium dendroides,ForestDryPoor
74612,Climacium dendroides,ForestDryPoor
74653,Climacium dendroides,ForestDryPoor
74654,Climacium dendroides,ForestDryPoor
74655,Climacium dendroides,ForestDryPoor
74656,Climacium dendroides,ForestDryPoor
74657,Climacium dendroides,ForestDryPoor
74658,Climacium dendroides,ForestDryPoor
74659,Climacium dendroides,ForestDryPoor
74660,Climacium dendroides,ForestDryPoor
74661,Climacium dendroides,ForestDryPoor
74662,Climacium dendroides,ForestDryPoor
74663,Climacium dendroides,ForestDryPoor
74664,Climacium dendroides,ForestDryPoor
74665,Climacium dendroides,ForestDryPoor
74666,Climacium dendroides,ForestDryPoor
74667,Climacium dendroides,ForestDryPoor
74668,Climacium dendroides,ForestDryPoor
74669,Climacium dendroides,ForestDryPoor
74670,Climacium dendroides,ForestDryPoor
74671,Climacium dendroides,ForestDryPoor
74672,Climacium dendroides,ForestDryPoor
75200,Climacium dendroides,ForestDryPoor
75201,Climacium dendroides,ForestDryPoor
75202,Climacium dendroides,ForestDryPoor
75203,Climacium dendroides,ForestDryPoor
75204,Climacium dendroides,ForestDryPoor
75205,Climacium dendroides,ForestDryPoor
75206,Climacium dendroides,ForestDryPoor
75207,Climacium dendroides,ForestDryPoor
75208,Climacium dendroides,ForestDryPoor
75209,Climacium dendroides,ForestDryPoor
75210,Climacium dendroides,ForestDryPoor
75211,Climacium dendroides,ForestDryPoor
75252,Climacium dendroides,ForestDryPoor
75253,Climacium dendroides,ForestDryPoor
75254,Climacium dendroides,ForestDryPoor
75255,Climacium dendroides,ForestDryPoor
75256,Climacium dendroides,ForestDryPoor
75257,Climacium dendroides,ForestDryPoor
75258,Climacium dendroides,ForestDryPoor
75259,Climacium dendroides,ForestDryPoor
75260,Climacium dendroides,ForestDryPoor
75261,Climacium dendroides,ForestDryPoor
75262,Climacium dendroides,ForestDryPoor
75263,Climacium dendroides,ForestDryPoor
75264,Climacium dendroides,ForestDryPoor
75265,Climacium dendroides,ForestDryPoor
75266,Climacium dendroides,ForestDryPoor
75267,Climacium dendroides,ForestDryPoor
75268,Climacium dendroides,ForestDryPoor
75269,Climacium dendroides,ForestDryPoor
75270,Climacium dendroides,ForestDryPoor
75271,Climacium dendroides,ForestDryPoor
75800,Climacium dendroides,ForestDryPoor
75801,Climacium dendroides,ForestDryPoor
75802,Climacium dendroides,ForestDryPoor
75803,Climacium dendroides,ForestDryPoor
75804,Climacium dendroides,ForestDryPoor
75805,Climacium dendroides,ForestDryPoor
75806,Climacium dendroides,ForestDryPoor
75807,Climacium dendroides,ForestDryPoor
75808,Climacium dendroides,ForestDryPoor
75809,Climacium dendroides,ForestDryPoor
75810,Climacium dendroides,ForestDryPoor
75851,Climacium dendroides,ForestDryPoor
75852,Climacium dendroides,ForestDryPoor
75853,Climacium dendroides,ForestDryPoor
75854,Climacium dendroides,ForestDryPoor
75855,Climacium dendroides,ForestDryPoor
75856,Climacium dendroides,ForestDryPoor
75857,Climacium dendroides,ForestDryPoor
75858,Climacium dendroides,ForestDryPoor
75859,Climacium dendroides,ForestDryPoor
75860,Climacium dendroides,ForestDryPoor
75861,Climacium dendroides,ForestDryPoor
75862,Climacium dendroides,ForestDryPoor
75863,Climacium dendroides,ForestDryPoor
75864,Climacium dendroides,ForestDryPoor
75865,Climacium dendroides,ForestDryPoor
75866,Climacium dendroides,ForestDryPoor
75867,Climacium dendroides,ForestDryPoor
75868,Climacium dendroides,ForestDryPoor
75869,Climacium dendroides,ForestDryPoor
75870,Climacium dendroides,ForestDryPoor
76399,Climacium dendroides,ForestDryPoor
76400,Climacium dendroides,ForestDryPoor
76401,Climacium dendroides,ForestDryPoor
76402,Climacium dendroides,ForestDryPoor
76403,Climacium dendroides,ForestDryPoor
76404,Climacium dendroides,ForestDryPoor
76405,Climacium dendroides,ForestDryPoor
76406,Climacium dendroides,ForestDryPoor
76407,Climacium dendroides,ForestDryPoor
76408,Climacium dendroides,ForestDryPoor
76409,Climacium dendroides,ForestDryPoor
76450,Climacium dendroides,ForestDryPoor
76451,Climacium dendroides,ForestDryPoor
76452,Climacium dendroides,ForestDryPoor
76453,Climacium dendroides,ForestDryPoor
76454,Climacium dendroides,ForestDryPoor
76455,Climacium dendroides,ForestDryPoor
76456,Climacium dendroides,ForestDryPoor
76457,Climacium dendroides,ForestDryPoor
76458,Climacium dendroides,ForestDryPoor
76459,Climacium dendroides,ForestDryPoor
76460,Climacium dendroides,ForestDryPoor
76461,Climacium dendroides,ForestDryPoor
76462,Climacium dendroides,ForestDryPoor
76463,Climacium dendroides,ForestDryPoor
76464,Climacium dendroides,ForestDryPoor
76465,Climacium dendroides,ForestDryPoor
76466,Climacium dendroides,ForestDryPoor
76467,Climacium dendroides,ForestDryPoor
76468,Climacium dendroides,ForestDryPoor
76469,Climacium dendroides,ForestDryPoor
76999,Climacium dendroides,ForestDryPoor
77000,Climacium dendroides,ForestDryPoor
77001,Climacium dendroides,ForestDryPoor
77002,Climacium dendroides,ForestDryPoor
77003,Climacium dendroides,ForestDryPoor
77004,Climacium dendroides,ForestDryPoor
77005,Climacium dendroides,ForestDryPoor
77006,Climacium dendroides,ForestDryPoor
77007,Climacium dendroides,ForestDryPoor
77008,Climacium dendroides,ForestDryPoor
77049,Climacium dendroides,ForestDryPoor
77050,Climacium dendroides,ForestDryPoor
77051,Climacium dendroides,ForestDryPoor
77052,Climacium dendroides,ForestDryPoor
77053,Climacium dendroides,ForestDryPoor
77054,Climacium dendroides,ForestDryPoor
77055,Climacium dendroides,ForestDryPoor
77056,Climacium dendroides,ForestDryPoor
77057,Climacium dendroides,ForestDryPoor
77058,Climacium dendroides,ForestDryPoor
77059,Climacium dendroides,ForestDryPoor
77060,Climacium dendroides,ForestDryPoor
77061,Climacium dendroides,ForestDryPoor
77062,Climacium dendroides,ForestDryPoor
77063,Climacium dendroides,ForestDryPoor
77064,Climacium dendroides,ForestDryPoor
77065,Climacium dendroides,ForestDryPoor
77066,Climacium dendroides,ForestDryPoor
77067,Climacium dendroides,ForestDryPoor
77068,Climacium dendroides,ForestDryPoor
77598,Climacium dendroides,ForestDryPoor
77599,Climacium dendroides,ForestDryPoor
77600,Climacium dendroides,ForestDryPoor
77601,Climacium dendroides,ForestDryPoor
77602,Climacium dendroides,ForestDryPoor
77603,Climacium dendroides,ForestDryPoor
77604,Climacium dendroides,ForestDryPoor
77605,Climacium dendroides,ForestDryPoor
77606,Climacium dendroides,ForestDryPoor
77607,Climacium dendroides,ForestDryPoor
77648,Climacium dendroides,ForestDryPoor
77649,Climacium dendroides,ForestDryPoor
77650,Climacium dendroides,ForestDryPoor
77651,Climacium dendroides,ForestDryPoor
77652,Climacium dendroides,ForestDryPoor
77653,Climacium dendroides,ForestDryPoor
77654,Climacium dendroides,ForestDryPoor
77655,Climacium dendroides,ForestDryPoor
77656,Climacium dendroides,ForestDryPoor
77657,Climacium dendroides,ForestDryPoor
77658,Climacium dendroides,ForestDryPoor
77659,Climacium dendroides,ForestDryPoor
77660,Climacium dendroides,ForestDryPoor
77661,Climacium dendroides,ForestDryPoor
77662,Climacium dendroides,ForestDryPoor
77663,Climacium dendroides,ForestDryPoor
77664,Climacium dendroides,ForestDryPoor
77665,Climacium dendroides,ForestDryPoor
77666,Climacium dendroides,ForestDryPoor
77667,Climacium dendroides,ForestDryPoor
78198,Climacium dendroides,ForestDryPoor
78199,Climacium dendroides,ForestDryPoor
78200,Climacium dendroides,ForestDryPoor
78201,Climacium dendroides,ForestDryPoor
78202,Climacium dendroides,ForestDryPoor
78203,Climacium dendroides,ForestDryPoor
78204,Climacium dendroides,ForestDryPoor
78205,Climacium dendroides,ForestDryPoor
78206,Climacium dendroides,ForestDryPoor
78247,Climacium dendroides,ForestDryPoor
78248,Climacium dendroides,ForestDryPoor
78249,Climacium dendroides,ForestDryPoor
78250,Climacium dendroides,ForestDryPoor
78251,Climacium dendroides,ForestDryPoor
78252,Climacium dendroides,ForestDryPoor
78253,Climacium dendroides,ForestDryPoor
78254,Climacium dendroides,ForestDryPoor
78255,Climacium dendroides,ForestDryPoor
78256,Climacium dendroides,ForestDryPoor
78257,Climacium dendroides,ForestDryPoor
78258,Climacium dendroides,ForestDryPoor
78259,Climacium dendroides,ForestDryPoor
78260,Climacium dendroides,ForestDryPoor
78261,Climacium dendroides,ForestDryPoor
78262,Climacium dendroides,ForestDryPoor
78263,Climacium dendroides,ForestDryPoor
78264,Climacium dendroides,ForestDryPoor
78265,Climacium dendroides,ForestDryPoor
78266,Climacium dendroides,ForestDryPoor
78798,Climacium dendroides,ForestDryPoor
78799,Climacium dendroides,ForestDryPoor
78800,Climacium dendroides,ForestDryPoor
78801,Climacium dendroides,ForestDryPoor
78802,Climacium dendroides,ForestDryPoor
78803,Climacium dendroides,ForestDryPoor
78804,Climacium dendroides,ForestDryPoor
78805,Climacium dendroides,ForestDryPoor
78846,Climacium dendroides,ForestDryPoor
78847,Climacium dendroides,ForestDryPoor
78848,Climacium dendroides,ForestDryPoor
78849,Climacium dendroides,ForestDryPoor
78850,Climacium dendroides,ForestDryPoor
78851,Climacium dendroides,ForestDryPoor
78852,Climacium dendroides,ForestDryPoor
78853,Climacium dendroides,ForestDryPoor
78854,Climacium dendroides,ForestDryPoor
78855,Climacium dendroides,ForestDryPoor
78856,Climacium dendroides,ForestDryPoor
78857,Climacium dendroides,ForestDryPoor
78858,Climacium dendroides,ForestDryPoor
78859,Climacium dendroides,ForestDryPoor
78860,Climacium dendroides,ForestDryPoor
78861,Climacium dendroides,ForestDryPoor
78862,Climacium dendroides,ForestDryPoor
78863,Climacium dendroides,ForestDryPoor
78864,Climacium dendroides,ForestDryPoor
78865,Climacium dendroides,ForestDryPoor
79398,Climacium dendroides,ForestDryPoor
79399,Climacium dendroides,ForestDryPoor
79400,Climacium dendroides,ForestDryPoor
79401,Climacium dendroides,ForestDryPoor
79402,Climacium dendroides,ForestDryPoor
79403,Climacium dendroides,ForestDryPoor
79404,Climacium dendroides,ForestDryPoor
79445,Climacium dendroides,ForestDryPoor
79446,Climacium dendroides,ForestDryPoor
79447,Climacium dendroides,ForestDryPoor
79448,Climacium dendroides,ForestDryPoor
79449,Climacium dendroides,ForestDryPoor
79450,Climacium dendroides,ForestDryPoor
79451,Climacium dendroides,ForestDryPoor
79452,Climacium dendroides,ForestDryPoor
79453,Climacium dendroides,ForestDryPoor
79454,Climacium dendroides,ForestDryPoor
79455,Climacium dendroides,ForestDryPoor
79456,Climacium dendroides,ForestDryPoor
79457,Climacium dendroides,ForestDryPoor
79458,Climacium dendroides,ForestDryPoor
79459,Climacium dendroides,ForestDryPoor
79460,Climacium dendroides,ForestDryPoor
79461,Climacium dendroides,ForestDryPoor
79462,Climacium dendroides,ForestDryPoor
79463,Climacium dendroides,ForestDryPoor
79464,Climacium dendroides,ForestDryPoor
79998,Climacium dendroides,ForestDryPoor
79999,Climacium dendroides,ForestDryPoor
80000,Climacium dendroides,ForestDryPoor
80001,Climacium dendroides,ForestDryPoor
80002,Climacium dendroides,ForestDryPoor
80003,Climacium dendroides,ForestDryPoor
80044,Climacium dendroides,ForestDryPoor
80045,Climacium dendroides,ForestDryPoor
80046,Climacium dendroides,ForestDryPoor
80047,Climacium dendroides,ForestDryPoor
80048,Climacium dendroides,ForestDryPoor
80049,Climacium dendroides,ForestDryPoor
80050,Climacium dendroides,ForestDryPoor
80051,Climacium dendroides,ForestDryPoor
80052,Climacium dendroides,ForestDryPoor
80053,Climacium dendroides,ForestDryPoor
80054,Climacium dendroides,ForestDryPoor
80055,Climacium dendroides,ForestDryPoor
80056,Climacium dendroides,ForestDryPoor
80057,Climacium dendroides,ForestDryPoor
80058,Climacium dendroides,ForestDryPoor
80059,Climacium dendroides,ForestDryPoor
80060,Climacium dendroides,ForestDryPoor
80061,Climacium dendroides,ForestDryPoor
80062,Climacium dendroides,ForestDryPoor
80063,Climacium dendroides,ForestDryPoor
80598,Climacium dendroides,ForestDryPoor
80599,Climacium dendroides,ForestDryPoor
80600,Climacium dendroides,ForestDryPoor
80601,Climacium dendroides,ForestDryPoor
80602,Climacium dendroides,ForestDryPoor
80643,Climacium dendroides,ForestDryPoor
80644,Climacium dendroides,ForestDryPoor
80645,Climacium dendroides,ForestDryPoor
80646,Climacium dendroides,ForestDryPoor
80647,Climacium dendroides,ForestDryPoor
80648,Climacium dendroides,ForestDryPoor
80649,Climacium dendroides,ForestDryPoor
80650,Climacium dendroides,ForestDryPoor
80651,Climacium dendroides,ForestDryPoor
80652,Climacium dendroides,ForestDryPoor
80653,Climacium dendroides,ForestDryPoor
80654,Climacium dendroides,ForestDryPoor
80655,Climacium dendroides,ForestDryPoor
80656,Climacium dendroides,ForestDryPoor
80657,Climacium dendroides,ForestDryPoor
80658,Climacium dendroides,ForestDryPoor
80659,Climacium dendroides,ForestDryPoor
80660,Climacium dendroides,ForestDryPoor
80661,Climacium dendroides,ForestDryPoor
80662,Climacium dendroides,ForestDryPoor
81197,Climacium dendroides,ForestDryPoor
81198,Climacium dendroides,ForestDryPoor
81199,Climacium dendroides,ForestDryPoor
81200,Climacium dendroides,ForestDryPoor
81201,Climacium dendroides,ForestDryPoor
81242,Climacium dendroides,ForestDryPoor
81243,Climacium dendroides,ForestDryPoor
81244,Climacium dendroides,ForestDryPoor
81245,Climacium dendroides,ForestDryPoor
81246,Climacium dendroides,ForestDryPoor
81247,Climacium dendroides,ForestDryPoor
81248,Climacium dendroides,ForestDryPoor
81249,Climacium dendroides,ForestDryPoor
81250,Climacium dendroides,ForestDryPoor
81251,Climacium dendroides,ForestDryPoor
81252,Climacium dendroides,ForestDryPoor
81253,Climacium dendroides,ForestDryPoor
81254,Climacium dendroides,ForestDryPoor
81255,Climacium dendroides,ForestDryPoor
81256,Climacium dendroides,ForestDryPoor
81257,Climacium dendroides,ForestDryPoor
81258,Climacium dendroides,ForestDryPoor
81259,Climacium dendroides,ForestDryPoor
81260,Climacium dendroides,ForestDryPoor
81261,Climacium dendroides,ForestDryPoor
81797,Climacium dendroides,ForestDryPoor
81798,Climacium dendroides,ForestDryPoor
81799,Climacium dendroides,ForestDryPoor
81800,Climacium dendroides,ForestDryPoor
81841,Climacium dendroides,ForestDryPoor
81842,Climacium dendroides,ForestDryPoor
81843,Climacium dendroides,ForestDryPoor
81844,Climacium dendroides,ForestDryPoor
81845,Climacium dendroides,ForestDryPoor
81846,Climacium dendroides,ForestDryPoor
81847,Climacium dendroides,ForestDryPoor
81848,Climacium dendroides,ForestDryPoor
81849,Climacium dendroides,ForestDryPoor
81850,Climacium dendroides,ForestDryPoor
81851,Climacium dendroides,ForestDryPoor
81852,Climacium dendroides,ForestDryPoor
81853,Climacium dendroides,ForestDryPoor
81854,Climacium dendroides,ForestDryPoor
81855,Climacium dendroides,ForestDryPoor
81856,Climacium dendroides,ForestDryPoor
81857,Climacium dendroides,ForestDryPoor
81858,Climacium dendroides,ForestDryPoor
81859,Climacium dendroides,ForestDryPoor
81860,Climacium dendroides,ForestDryPoor
82398,Climacium dendroides,ForestDryPoor
82399,Climacium dendroides,ForestDryPoor
82440,Climacium dendroides,ForestDryPoor
82441,Climacium dendroides,ForestDryPoor
82442,Climacium dendroides,ForestDryPoor
82443,Climacium dendroides,ForestDryPoor
82444,Climacium dendroides,ForestDryPoor
82445,Climacium dendroides,ForestDryPoor
82446,Climacium dendroides,ForestDryPoor
82447,Climacium dendroides,ForestDryPoor
82448,Climacium dendroides,ForestDryPoor
82449,Climacium dendroides,ForestDryPoor
82450,Climacium dendroides,ForestDryPoor
82451,Climacium dendroides,ForestDryPoor
82452,Climacium dendroides,ForestDryPoor
82453,Climacium dendroides,ForestDryPoor
82454,Climacium dendroides,ForestDryPoor
82455,Climacium dendroides,ForestDryPoor
82456,Climacium dendroides,ForestDryPoor
82457,Climacium dendroides,ForestDryPoor
82458,Climacium dendroides,ForestDryPoor
82459,Climacium dendroides,ForestDryPoor
82998,Climacium dendroides,ForestDryPoor
83039,Climacium dendroides,ForestDryPoor
83040,Climacium dendroides,ForestDryPoor
83041,Climacium dendroides,ForestDryPoor
83042,Climacium dendroides,ForestDryPoor
83043,Climacium dendroides,ForestDryPoor
83044,Climacium dendroides,ForestDryPoor
83045,Climacium dendroides,ForestDryPoor
83046,Climacium dendroides,ForestDryPoor
83047,Climacium dendroides,ForestDryPoor
83048,Climacium dendroides,ForestDryPoor
83049,Climacium dendroides,ForestDryPoor
83050,Climacium dendroides,ForestDryPoor
83051,Climacium dendroides,ForestDryPoor
83052,Climacium dendroides,ForestDryPoor
83053,Climacium dendroides,ForestDryPoor
83054,Climacium dendroides,ForestDryPoor
83055,Climacium dendroides,ForestDryPoor
83056,Climacium dendroides,ForestDryPoor
83057,Climacium dendroides,ForestDryPoor
83058,Climacium dendroides,ForestDryPoor
83638,Climacium dendroides,ForestDryPoor
83639,Climacium dendroides,ForestDryPoor
83640,Climacium dendroides,ForestDryPoor
83641,Climacium dendroides,ForestDryPoor
83642,Climacium dendroides,ForestDryPoor
83643,Climacium dendroides,ForestDryPoor
83644,Climacium dendroides,ForestDryPoor
83645,Climacium dendroides,ForestDryPoor
83646,Climacium dendroides,ForestDryPoor
83647,Climacium dendroides,ForestDryPoor
83648,Climacium dendroides,ForestDryPoor
83649,Climacium dendroides,ForestDryPoor
83650,Climacium dendroides,ForestDryPoor
83651,Climacium dendroides,ForestDryPoor
83652,Climacium dendroides,ForestDryPoor
83653,Climacium dendroides,ForestDryPoor
83654,Climacium dendroides,ForestDryPoor
83655,Climacium dendroides,ForestDryPoor
83656,Climacium dendroides,ForestDryPoor
83657,Climacium dendroides,ForestDryPoor
84237,Climacium dendroides,ForestDryPoor
84238,Climacium dendroides,ForestDryPoor
84239,Climacium dendroides,ForestDryPoor
84240,Climacium dendroides,ForestDryPoor
84241,Climacium dendroides,ForestDryPoor
84242,Climacium dendroides,ForestDryPoor
84243,Climacium dendroides,ForestDryPoor
84244,Climacium dendroides,ForestDryPoor
84245,Climacium dendroides,ForestDryPoor
84246,Climacium dendroides,ForestDryPoor
84247,Climacium dendroides,ForestDryPoor
84248,Climacium dendroides,ForestDryPoor
84249,Climacium dendroides,ForestDryPoor
84250,Climacium dendroides,ForestDryPoor
84251,Climacium dendroides,ForestDryPoor
84252,Climacium dendroides,ForestDryPoor
84253,Climacium dendroides,ForestDryPoor
84254,Climacium dendroides,ForestDryPoor
84255,Climacium dendroides,ForestDryPoor
84256,Climacium dendroides,ForestDryPoor
84836,Climacium dendroides,ForestDryPoor
84837,Climacium dendroides,ForestDryPoor
84838,Climacium dendroides,ForestDryPoor
84839,Climacium dendroides,ForestDryPoor
84840,Climacium dendroides,ForestDryPoor
84841,Climacium dendroides,ForestDryPoor
84842,Climacium dendroides,ForestDryPoor
84843,Climacium dendroides,ForestDryPoor
84844,Climacium dendroides,ForestDryPoor
84845,Climacium dendroides,ForestDryPoor
84846,Climacium dendroides,ForestDryPoor
84847,Climacium dendroides,ForestDryPoor
84848,Climacium dendroides,ForestDryPoor
84849,Climacium dendroides,ForestDryPoor
84850,Climacium dendroides,ForestDryPoor
84851,Climacium dendroides,ForestDryPoor
84852,Climacium dendroides,ForestDryPoor
84853,Climacium dendroides,ForestDryPoor
84854,Climacium dendroides,ForestDryPoor
84855,Climacium dendroides,ForestDryPoor
85435,Climacium dendroides,ForestDryPoor
85436,Climacium dendroides,ForestDryPoor
85437,Climacium dendroides,ForestDryPoor
85438,Climacium dendroides,ForestDryPoor
85439,Climacium dendroides,ForestDryPoor
85440,Climacium dendroides,ForestDryPoor
85441,Climacium dendroides,ForestDryPoor
85442,Climacium dendroides,ForestDryPoor
85443,Climacium dendroides,ForestDryPoor
85444,Climacium dendroides,ForestDryPoor
85445,Climacium dendroides,ForestDryPoor
85446,Climacium dendroides,ForestDryPoor
85447,Climacium dendroides,ForestDryPoor
85448,Climacium dendroides,ForestDryPoor
85449,Climacium dendroides,ForestDryPoor
85450,Climacium dendroides,ForestDryPoor
85451,Climacium dendroides,ForestDryPoor
85452,Climacium dendroides,ForestDryPoor
85453,Climacium dendroides,ForestDryPoor
86034,Climacium dendroides,ForestDryPoor
86035,Climacium dendroides,ForestDryPoor
86036,Climacium dendroides,ForestDryPoor
86037,Climacium dendroides,ForestDryPoor
86038,Climacium dendroides,ForestDryPoor
86039,Climacium dendroides,ForestDryPoor
86040,Climacium dendroides,ForestDryPoor
86041,Climacium dendroides,ForestDryPoor
86042,Climacium dendroides,ForestDryPoor
86043,Climacium dendroides,ForestDryPoor
86044,Climacium dendroides,ForestDryPoor
86045,Climacium dendroides,ForestDryPoor
86046,Climacium dendroides,ForestDryPoor
86047,Climacium dendroides,ForestDryPoor
86048,Climacium dendroides,ForestDryPoor
86049,Climacium dendroides,ForestDryPoor
86050,Climacium dendroides,ForestDryPoor
86600,Climacium dendroides,ForestDryPoor
86601,Climacium dendroides,ForestDryPoor
86602,Climacium dendroides,ForestDryPoor
86603,Climacium dendroides,ForestDryPoor
86604,Climacium dendroides,ForestDryPoor
86605,Climacium dendroides,ForestDryPoor
86606,Climacium dendroides,ForestDryPoor
86607,Climacium dendroides,ForestDryPoor
86608,Climacium dendroides,ForestDryPoor
86609,Climacium dendroides,ForestDryPoor
86610,Climacium dendroides,ForestDryPoor
86611,Climacium dendroides,ForestDryPoor
86612,Climacium dendroides,ForestDryPoor
86613,Climacium dendroides,ForestDryPoor
86614,Climacium dendroides,ForestDryPoor
86615,Climacium dendroides,ForestDryPoor
86616,Climacium dendroides,ForestDryPoor
86617,Climacium dendroides,ForestDryPoor
86618,Climacium dendroides,ForestDryPoor
86619,Climacium dendroides,ForestDryPoor
86620,Climacium dendroides,ForestDryPoor
86621,Climacium dendroides,ForestDryPoor
86622,Climacium dendroides,ForestDryPoor
86623,Climacium dendroides,ForestDryPoor
86624,Climacium dendroides,ForestDryPoor
86625,Climacium dendroides,ForestDryPoor
86626,Climacium dendroides,ForestDryPoor
86627,Climacium dendroides,ForestDryPoor
86628,Climacium dendroides,ForestDryPoor
86629,Climacium dendroides,ForestDryPoor
86630,Climacium dendroides,ForestDryPoor
86631,Climacium dendroides,ForestDryPoor
86632,Climacium dendroides,ForestDryPoor
87201,Climacium dendroides,ForestDryPoor
87202,Climacium dendroides,ForestDryPoor
87203,Climacium dendroides,ForestDryPoor
87204,Climacium dendroides,ForestDryPoor
87205,Climacium dendroides,ForestDryPoor
87206,Climacium dendroides,ForestDryPoor
87207,Climacium dendroides,ForestDryPoor
87208,Climacium dendroides,ForestDryPoor
87209,Climacium dendroides,ForestDryPoor
87210,Climacium dendroides,ForestDryPoor
87211,Climacium dendroides,ForestDryPoor
87212,Climacium dendroides,ForestDryPoor
87213,Climacium dendroides,ForestDryPoor
87214,Climacium dendroides,ForestDryPoor
87215,Climacium dendroides,ForestDryPoor
87216,Climacium dendroides,ForestDryPoor
87217,Climacium dendroides,ForestDryPoor
87218,Climacium dendroides,ForestDryPoor
87219,Climacium dendroides,ForestDryPoor
87220,Climacium dendroides,ForestDryPoor
87221,Climacium dendroides,ForestDryPoor
87222,Climacium dendroides,ForestDryPoor
87223,Climacium dendroides,ForestDryPoor
87224,Climacium dendroides,ForestDryPoor
87225,Climacium dendroides,ForestDryPoor
87226,Climacium dendroides,ForestDryPoor
87227,Climacium dendroides,ForestDryPoor
87228,Climacium dendroides,ForestDryPoor
87229,Climacium dendroides,ForestDryPoor
87230,Climacium dendroides,ForestDryPoor
87231,Climacium dendroides,ForestDryPoor
87802,Climacium dendroides,ForestDryPoor
87803,Climacium dendroides,ForestDryPoor
87804,Climacium dendroides,ForestDryPoor
87805,Climacium dendroides,ForestDryPoor
87806,Climacium dendroides,ForestDryPoor
87807,Climacium dendroides,ForestDryPoor
87808,Climacium dendroides,ForestDryPoor
87809,Climacium dendroides,ForestDryPoor
87810,Climacium dendroides,ForestDryPoor
87811,Climacium dendroides,ForestDryPoor
87812,Climacium dendroides,ForestDryPoor
87813,Climacium dendroides,ForestDryPoor
87814,Climacium dendroides,ForestDryPoor
87815,Climacium dendroides,ForestDryPoor
87816,Climacium dendroides,ForestDryPoor
87817,Climacium dendroides,ForestDryPoor
87818,Climacium dendroides,ForestDryPoor
87819,Climacium dendroides,ForestDryPoor
87820,Climacium dendroides,ForestDryPoor
87821,Climacium dendroides,ForestDryPoor
87822,Climacium dendroides,ForestDryPoor
87823,Climacium dendroides,ForestDryPoor
87824,Climacium dendroides,ForestDryPoor
87825,Climacium dendroides,ForestDryPoor
87826,Climacium dendroides,ForestDryPoor
87827,Climacium dendroides,ForestDryPoor
87828,Climacium dendroides,ForestDryPoor
87829,Climacium dendroides,ForestDryPoor
87830,Climacium dendroides,ForestDryPoor
88404,Climacium dendroides,ForestDryPoor
88405,Climacium dendroides,ForestDryPoor
88406,Climacium dendroides,ForestDryPoor
88407,Climacium dendroides,ForestDryPoor
88408,Climacium dendroides,ForestDryPoor
88409,Climacium dendroides,ForestDryPoor
88410,Climacium dendroides,ForestDryPoor
88411,Climacium dendroides,ForestDryPoor
88412,Climacium dendroides,ForestDryPoor
88413,Climacium dendroides,ForestDryPoor
88414,Climacium dendroides,ForestDryPoor
88415,Climacium dendroides,ForestDryPoor
88416,Climacium dendroides,ForestDryPoor
88417,Climacium dendroides,ForestDryPoor
88418,Climacium dendroides,ForestDryPoor
88419,Climacium dendroides,ForestDryPoor
88420,Climacium dendroides,ForestDryPoor
88421,Climacium dendroides,ForestDryPoor
88422,Climacium dendroides,ForestDryPoor
88423,Climacium dendroides,ForestDryPoor
88424,Climacium dendroides,ForestDryPoor
88425,Climacium dendroides,ForestDryPoor
88426,Climacium dendroides,ForestDryPoor
88427,Climacium dendroides,ForestDryPoor
88428,Climacium dendroides,ForestDryPoor
88429,Climacium dendroides,ForestDryPoor
89006,Climacium dendroides,ForestDryPoor
89007,Climacium dendroides,ForestDryPoor
89008,Climacium dendroides,ForestDryPoor
89009,Climacium dendroides,ForestDryPoor
89010,Climacium dendroides,ForestDryPoor
89011,Climacium dendroides,ForestDryPoor
89012,Climacium dendroides,ForestDryPoor
89013,Climacium dendroides,ForestDryPoor
89014,Climacium dendroides,ForestDryPoor
89015,Climacium dendroides,ForestDryPoor
89016,Climacium dendroides,ForestDryPoor
89017,Climacium dendroides,ForestDryPoor
89018,Climacium dendroides,ForestDryPoor
89019,Climacium dendroides,ForestDryPoor
89020,Climacium dendroides,ForestDryPoor
89021,Climacium dendroides,ForestDryPoor
89022,Climacium dendroides,ForestDryPoor
89023,Climacium dendroides,ForestDryPoor
89024,Climacium dendroides,ForestDryPoor
89025,Climacium dendroides,ForestDryPoor
89026,Climacium dendroides,ForestDryPoor
89027,Climacium dendroides,ForestDryPoor
89028,Climacium dendroides,ForestDryPoor
89609,Climacium dendroides,ForestDryPoor
89610,Climacium dendroides,ForestDryPoor
89611,Climacium dendroides,ForestDryPoor
89612,Climacium dendroides,ForestDryPoor
89613,Climacium dendroides,ForestDryPoor
89614,Climacium dendroides,ForestDryPoor
89615,Climacium dendroides,ForestDryPoor
89616,Climacium dendroides,ForestDryPoor
89617,Climacium dendroides,ForestDryPoor
89618,Climacium dendroides,ForestDryPoor
89619,Climacium dendroides,ForestDryPoor
89620,Climacium dendroides,ForestDryPoor
89621,Climacium dendroides,ForestDryPoor
89622,Climacium dendroides,ForestDryPoor
89623,Climacium dendroides,ForestDryPoor
89624,Climacium dendroides,ForestDryPoor
89625,Climacium dendroides,ForestDryPoor
89626,Climacium dendroides,ForestDryPoor
89627,Climacium dendroides,ForestDryPoor
90215,Climacium dendroides,ForestDryPoor
90216,Climacium dendroides,ForestDryPoor
90217,Climacium dendroides,ForestDryPoor
90218,Climacium dendroides,ForestDryPoor
90219,Climacium dendroides,ForestDryPoor
90220,Climacium dendroides,ForestDryPoor
