139980,Hedera helix,ForestDryPoor
139981,Hedera helix,ForestDryPoor
139982,Hedera helix,ForestDryPoor
139983,Hedera helix,ForestDryPoor
140576,Hedera helix,ForestDryPoor
140577,Hedera helix,ForestDryPoor
140578,Hedera helix,ForestDryPoor
140579,Hedera helix,ForestDryPoor
140580,Hedera helix,ForestDryPoor
140581,Hedera helix,ForestDryPoor
140582,Hedera helix,ForestDryPoor
141172,Hedera helix,ForestDryPoor
141173,Hedera helix,ForestDryPoor
141174,Hedera helix,ForestDryPoor
141175,Hedera helix,ForestDryPoor
141176,Hedera helix,ForestDryPoor
141177,Hedera helix,ForestDryPoor
141178,Hedera helix,ForestDryPoor
141179,Hedera helix,ForestDryPoor
141180,Hedera helix,ForestDryPoor
141181,Hedera helix,ForestDryPoor
141769,Hedera helix,ForestDryPoor
141770,Hedera helix,ForestDryPoor
141771,Hedera helix,ForestDryPoor
141772,Hedera helix,ForestDryPoor
141773,Hedera helix,ForestDryPoor
141774,Hedera helix,ForestDryPoor
141775,Hedera helix,ForestDryPoor
141776,Hedera helix,ForestDryPoor
141777,Hedera helix,ForestDryPoor
141778,Hedera helix,ForestDryPoor
141779,Hedera helix,ForestDryPoor
141780,Hedera helix,ForestDryPoor
142366,Hedera helix,ForestDryPoor
142367,Hedera helix,ForestDryPoor
142368,Hedera helix,ForestDryPoor
142369,Hedera helix,ForestDryPoor
142370,Hedera helix,ForestDryPoor
142371,Hedera helix,ForestDryPoor
142372,Hedera helix,ForestDryPoor
142373,Hedera helix,ForestDryPoor
142374,Hedera helix,ForestDryPoor
142375,Hedera helix,ForestDryPoor
142376,Hedera helix,ForestDryPoor
142377,Hedera helix,ForestDryPoor
142378,Hedera helix,ForestDryPoor
142379,Hedera helix,ForestDryPoor
142963,Hedera helix,ForestDryPoor
142964,Hedera helix,ForestDryPoor
142965,Hedera helix,ForestDryPoor
142966,Hedera helix,ForestDryPoor
142967,Hedera helix,ForestDryPoor
142968,Hedera helix,ForestDryPoor
142969,Hedera helix,ForestDryPoor
142970,Hedera helix,ForestDryPoor
142971,Hedera helix,ForestDryPoor
142972,Hedera helix,ForestDryPoor
142973,Hedera helix,ForestDryPoor
142974,Hedera helix,ForestDryPoor
142975,Hedera helix,ForestDryPoor
142976,Hedera helix,ForestDryPoor
142977,Hedera helix,ForestDryPoor
142978,Hedera helix,ForestDryPoor
143561,Hedera helix,ForestDryPoor
143562,Hedera helix,ForestDryPoor
143563,Hedera helix,ForestDryPoor
143564,Hedera helix,ForestDryPoor
143565,Hedera helix,ForestDryPoor
143566,Hedera helix,ForestDryPoor
143567,Hedera helix,ForestDryPoor
143568,Hedera helix,ForestDryPoor
143569,Hedera helix,ForestDryPoor
143570,Hedera helix,ForestDryPoor
143571,Hedera helix,ForestDryPoor
143572,Hedera helix,ForestDryPoor
143573,Hedera helix,ForestDryPoor
143574,Hedera helix,ForestDryPoor
143575,Hedera helix,ForestDryPoor
143576,Hedera helix,ForestDryPoor
143577,Hedera helix,ForestDryPoor
144158,Hedera helix,ForestDryPoor
144159,Hedera helix,ForestDryPoor
144160,Hedera helix,ForestDryPoor
144161,Hedera helix,ForestDryPoor
144162,Hedera helix,ForestDryPoor
144163,Hedera helix,ForestDryPoor
144164,Hedera helix,ForestDryPoor
144165,Hedera helix,ForestDryPoor
144166,Hedera helix,ForestDryPoor
144167,Hedera helix,ForestDryPoor
144168,Hedera helix,ForestDryPoor
144169,Hedera helix,ForestDryPoor
144170,Hedera helix,ForestDryPoor
144171,Hedera helix,ForestDryPoor
144172,Hedera helix,ForestDryPoor
144173,Hedera helix,ForestDryPoor
144174,Hedera helix,ForestDryPoor
144175,Hedera helix,ForestDryPoor
144176,Hedera helix,ForestDryPoor
144756,Hedera helix,ForestDryPoor
144757,Hedera helix,ForestDryPoor
144758,Hedera helix,ForestDryPoor
144759,Hedera helix,ForestDryPoor
144760,Hedera helix,ForestDryPoor
144761,Hedera helix,ForestDryPoor
144762,Hedera helix,ForestDryPoor
144763,Hedera helix,ForestDryPoor
144764,Hedera helix,ForestDryPoor
144765,Hedera helix,ForestDryPoor
144766,Hedera helix,ForestDryPoor
144767,Hedera helix,ForestDryPoor
144768,Hedera helix,ForestDryPoor
144769,Hedera helix,ForestDryPoor
144770,Hedera helix,ForestDryPoor
144771,Hedera helix,ForestDryPoor
144772,Hedera helix,ForestDryPoor
144773,Hedera helix,ForestDryPoor
144774,Hedera helix,ForestDryPoor
144775,Hedera helix,ForestDryPoor
145355,Hedera helix,ForestDryPoor
145356,Hedera helix,ForestDryPoor
145357,Hedera helix,ForestDryPoor
145358,Hedera helix,ForestDryPoor
145359,Hedera helix,ForestDryPoor
145360,Hedera helix,ForestDryPoor
145361,Hedera helix,ForestDryPoor
145362,Hedera helix,ForestDryPoor
145363,Hedera helix,ForestDryPoor
145364,Hedera helix,ForestDryPoor
145365,Hedera helix,ForestDryPoor
145366,Hedera helix,ForestDryPoor
145367,Hedera helix,ForestDryPoor
145368,Hedera helix,ForestDryPoor
145369,Hedera helix,ForestDryPoor
145370,Hedera helix,ForestDryPoor
145371,Hedera helix,ForestDryPoor
145372,Hedera helix,ForestDryPoor
145373,Hedera helix,ForestDryPoor
145374,Hedera helix,ForestDryPoor
145954,Hedera helix,ForestDryPoor
145955,Hedera helix,ForestDryPoor
145956,Hedera helix,ForestDryPoor
145957,Hedera helix,ForestDryPoor
145958,Hedera helix,ForestDryPoor
145959,Hedera helix,ForestDryPoor
145960,Hedera helix,ForestDryPoor
145961,Hedera helix,ForestDryPoor
145962,Hedera helix,ForestDryPoor
145963,Hedera helix,ForestDryPoor
145964,Hedera helix,ForestDryPoor
145965,Hedera helix,ForestDryPoor
145966,Hedera helix,ForestDryPoor
145967,Hedera helix,ForestDryPoor
145968,Hedera helix,ForestDryPoor
145969,Hedera helix,ForestDryPoor
145970,Hedera helix,ForestDryPoor
145971,Hedera helix,ForestDryPoor
145972,Hedera helix,ForestDryPoor
145973,Hedera helix,ForestDryPoor
146613,Hedera helix,ForestDryPoor
146614,Hedera helix,ForestDryPoor
146615,Hedera helix,ForestDryPoor
146616,Hedera helix,ForestDryPoor
147212,Hedera helix,ForestDryPoor
147213,Hedera helix,ForestDryPoor
147214,Hedera helix,ForestDryPoor
147215,Hedera helix,ForestDryPoor
147216,Hedera helix,ForestDryPoor
147811,Hedera helix,ForestDryPoor
147812,Hedera helix,ForestDryPoor
147813,Hedera helix,ForestDryPoor
147814,Hedera helix,ForestDryPoor
147815,Hedera helix,ForestDryPoor
147816,Hedera helix,ForestDryPoor
148410,Hedera helix,ForestDryPoor
148411,Hedera helix,ForestDryPoor
148412,Hedera helix,ForestDryPoor
148413,Hedera helix,ForestDryPoor
148414,Hedera helix,ForestDryPoor
148415,Hedera helix,ForestDryPoor
148416,Hedera helix,ForestDryPoor
149009,Hedera helix,ForestDryPoor
149010,Hedera helix,ForestDryPoor
149011,Hedera helix,ForestDryPoor
149012,Hedera helix,ForestDryPoor
149013,Hedera helix,ForestDryPoor
149014,Hedera helix,ForestDryPoor
149015,Hedera helix,ForestDryPoor
149608,Hedera helix,ForestDryPoor
149609,Hedera helix,ForestDryPoor
149610,Hedera helix,ForestDryPoor
149611,Hedera helix,ForestDryPoor
149612,Hedera helix,ForestDryPoor
149613,Hedera helix,ForestDryPoor
149614,Hedera helix,ForestDryPoor
149615,Hedera helix,ForestDryPoor
150207,Hedera helix,ForestDryPoor
150208,Hedera helix,ForestDryPoor
150209,Hedera helix,ForestDryPoor
150210,Hedera helix,ForestDryPoor
150211,Hedera helix,ForestDryPoor
150212,Hedera helix,ForestDryPoor
150213,Hedera helix,ForestDryPoor
150214,Hedera helix,ForestDryPoor
150215,Hedera helix,ForestDryPoor
150806,Hedera helix,ForestDryPoor
150807,Hedera helix,ForestDryPoor
150808,Hedera helix,ForestDryPoor
150809,Hedera helix,ForestDryPoor
150810,Hedera helix,ForestDryPoor
150811,Hedera helix,ForestDryPoor
150812,Hedera helix,ForestDryPoor
150813,Hedera helix,ForestDryPoor
150814,Hedera helix,ForestDryPoor
150815,Hedera helix,ForestDryPoor
151405,Hedera helix,ForestDryPoor
151406,Hedera helix,ForestDryPoor
151407,Hedera helix,ForestDryPoor
151408,Hedera helix,ForestDryPoor
151409,Hedera helix,ForestDryPoor
151410,Hedera helix,ForestDryPoor
151411,Hedera helix,ForestDryPoor
151412,Hedera helix,ForestDryPoor
151413,Hedera helix,ForestDryPoor
151414,Hedera helix,ForestDryPoor
151415,Hedera helix,ForestDryPoor
152004,Hedera helix,ForestDryPoor
152005,Hedera helix,ForestDryPoor
152006,Hedera helix,ForestDryPoor
152007,Hedera helix,ForestDryPoor
152008,Hedera helix,ForestDryPoor
152009,Hedera helix,ForestDryPoor
152010,Hedera helix,ForestDryPoor
152011,Hedera helix,ForestDryPoor
152012,Hedera helix,ForestDryPoor
152013,Hedera helix,ForestDryPoor
152014,Hedera helix,ForestDryPoor
152603,Hedera helix,ForestDryPoor
152604,Hedera helix,ForestDryPoor
152605,Hedera helix,ForestDryPoor
152606,Hedera helix,ForestDryPoor
152607,Hedera helix,ForestDryPoor
152608,Hedera helix,ForestDryPoor
152609,Hedera helix,ForestDryPoor
152610,Hedera helix,ForestDryPoor
152611,Hedera helix,ForestDryPoor
152612,Hedera helix,ForestDryPoor
152613,Hedera helix,ForestDryPoor
152614,Hedera helix,ForestDryPoor
153202,Hedera helix,ForestDryPoor
153203,Hedera helix,ForestDryPoor
153204,Hedera helix,ForestDryPoor
153205,Hedera helix,ForestDryPoor
153206,Hedera helix,ForestDryPoor
153207,Hedera helix,ForestDryPoor
153208,Hedera helix,ForestDryPoor
153209,Hedera helix,ForestDryPoor
153210,Hedera helix,ForestDryPoor
153211,Hedera helix,ForestDryPoor
153212,Hedera helix,ForestDryPoor
153213,Hedera helix,ForestDryPoor
153214,Hedera helix,ForestDryPoor
153801,Hedera helix,ForestDryPoor
153802,Hedera helix,ForestDryPoor
153803,Hedera helix,ForestDryPoor
153804,Hedera helix,ForestDryPoor
153805,Hedera helix,ForestDryPoor
153806,Hedera helix,ForestDryPoor
153807,Hedera helix,ForestDryPoor
153808,Hedera helix,ForestDryPoor
153809,Hedera helix,ForestDryPoor
153810,Hedera helix,ForestDryPoor
153811,Hedera helix,ForestDryPoor
153812,Hedera helix,ForestDryPoor
153813,Hedera helix,ForestDryPoor
154400,Hedera helix,ForestDryPoor
154401,Hedera helix,ForestDryPoor
154402,Hedera helix,ForestDryPoor
154403,Hedera helix,ForestDryPoor
154404,Hedera helix,ForestDryPoor
154405,Hedera helix,ForestDryPoor
154406,Hedera helix,ForestDryPoor
154407,Hedera helix,ForestDryPoor
154408,Hedera helix,ForestDryPoor
154409,Hedera helix,ForestDryPoor
154410,Hedera helix,ForestDryPoor
154411,Hedera helix,ForestDryPoor
154412,Hedera helix,ForestDryPoor
154413,Hedera helix,ForestDryPoor
154999,Hedera helix,ForestDryPoor
155000,Hedera helix,ForestDryPoor
155001,Hedera helix,ForestDryPoor
155002,Hedera helix,ForestDryPoor
155003,Hedera helix,ForestDryPoor
155004,Hedera helix,ForestDryPoor
155005,Hedera helix,ForestDryPoor
155006,Hedera helix,ForestDryPoor
155007,Hedera helix,ForestDryPoor
155008,Hedera helix,ForestDryPoor
155009,Hedera helix,ForestDryPoor
155010,Hedera helix,ForestDryPoor
155011,Hedera helix,ForestDryPoor
155012,Hedera helix,ForestDryPoor
155598,Hedera helix,ForestDryPoor
155599,Hedera helix,ForestDryPoor
155600,Hedera helix,ForestDryPoor
155601,Hedera helix,ForestDryPoor
155602,Hedera helix,ForestDryPoor
155603,Hedera helix,ForestDryPoor
155604,Hedera helix,ForestDryPoor
155605,Hedera helix,ForestDryPoor
155606,Hedera helix,ForestDryPoor
155607,Hedera helix,ForestDryPoor
155608,Hedera helix,ForestDryPoor
155609,Hedera helix,ForestDryPoor
155610,Hedera helix,ForestDryPoor
155611,Hedera helix,ForestDryPoor
155612,Hedera helix,ForestDryPoor
156197,Hedera helix,ForestDryPoor
156198,Hedera helix,ForestDryPoor
156199,Hedera helix,ForestDryPoor
156200,Hedera helix,ForestDryPoor
156201,Hedera helix,ForestDryPoor
156202,Hedera helix,ForestDryPoor
156203,Hedera helix,ForestDryPoor
156204,Hedera helix,ForestDryPoor
156205,Hedera helix,ForestDryPoor
156206,Hedera helix,ForestDryPoor
156207,Hedera helix,ForestDryPoor
156208,Hedera helix,ForestDryPoor
156209,Hedera helix,ForestDryPoor
156210,Hedera helix,ForestDryPoor
156211,Hedera helix,ForestDryPoor
156796,Hedera helix,ForestDryPoor
156797,Hedera helix,ForestDryPoor
156798,Hedera helix,ForestDryPoor
156799,Hedera helix,ForestDryPoor
156800,Hedera helix,ForestDryPoor
156801,Hedera helix,ForestDryPoor
156802,Hedera helix,ForestDryPoor
156803,Hedera helix,ForestDryPoor
156804,Hedera helix,ForestDryPoor
156805,Hedera helix,ForestDryPoor
156806,Hedera helix,ForestDryPoor
156807,Hedera helix,ForestDryPoor
156808,Hedera helix,ForestDryPoor
156809,Hedera helix,ForestDryPoor
156810,Hedera helix,ForestDryPoor
156811,Hedera helix,ForestDryPoor
157395,Hedera helix,ForestDryPoor
157396,Hedera helix,ForestDryPoor
157397,Hedera helix,ForestDryPoor
157398,Hedera helix,ForestDryPoor
157399,Hedera helix,ForestDryPoor
157400,Hedera helix,ForestDryPoor
157401,Hedera helix,ForestDryPoor
157402,Hedera helix,ForestDryPoor
157403,Hedera helix,ForestDryPoor
157404,Hedera helix,ForestDryPoor
157405,Hedera helix,ForestDryPoor
157406,Hedera helix,ForestDryPoor
157407,Hedera helix,ForestDryPoor
157408,Hedera helix,ForestDryPoor
157409,Hedera helix,ForestDryPoor
157410,Hedera helix,ForestDryPoor
157994,Hedera helix,ForestDryPoor
157995,Hedera helix,ForestDryPoor
157996,Hedera helix,ForestDryPoor
157997,Hedera helix,ForestDryPoor
157998,Hedera helix,ForestDryPoor
157999,Hedera helix,ForestDryPoor
158000,Hedera helix,ForestDryPoor
158001,Hedera helix,ForestDryPoor
158002,Hedera helix,ForestDryPoor
158003,Hedera helix,ForestDryPoor
158004,Hedera helix,ForestDryPoor
158005,Hedera helix,ForestDryPoor
158006,Hedera helix,ForestDryPoor
158007,Hedera helix,ForestDryPoor
158008,Hedera helix,ForestDryPoor
158009,Hedera helix,ForestDryPoor
158573,Hedera helix,ForestDryPoor
158574,Hedera helix,ForestDryPoor
158575,Hedera helix,ForestDryPoor
158576,Hedera helix,ForestDryPoor
158577,Hedera helix,ForestDryPoor
158578,Hedera helix,ForestDryPoor
158579,Hedera helix,ForestDryPoor
158580,Hedera helix,ForestDryPoor
158581,Hedera helix,ForestDryPoor
158582,Hedera helix,ForestDryPoor
158583,Hedera helix,ForestDryPoor
158584,Hedera helix,ForestDryPoor
158585,Hedera helix,ForestDryPoor
158586,Hedera helix,ForestDryPoor
158587,Hedera helix,ForestDryPoor
158588,Hedera helix,ForestDryPoor
158589,Hedera helix,ForestDryPoor
158590,Hedera helix,ForestDryPoor
158591,Hedera helix,ForestDryPoor
158592,Hedera helix,ForestDryPoor
158593,Hedera helix,ForestDryPoor
158594,Hedera helix,ForestDryPoor
158595,Hedera helix,ForestDryPoor
158596,Hedera helix,ForestDryPoor
158597,Hedera helix,ForestDryPoor
158598,Hedera helix,ForestDryPoor
158599,Hedera helix,ForestDryPoor
158600,Hedera helix,ForestDryPoor
158601,Hedera helix,ForestDryPoor
158602,Hedera helix,ForestDryPoor
158603,Hedera helix,ForestDryPoor
158604,Hedera helix,ForestDryPoor
158605,Hedera helix,ForestDryPoor
158606,Hedera helix,ForestDryPoor
158607,Hedera helix,ForestDryPoor
158608,Hedera helix,ForestDryPoor
158609,Hedera helix,ForestDryPoor
159172,Hedera helix,ForestDryPoor
159173,Hedera helix,ForestDryPoor
159174,Hedera helix,ForestDryPoor
159175,Hedera helix,ForestDryPoor
159176,Hedera helix,ForestDryPoor
159177,Hedera helix,ForestDryPoor
159178,Hedera helix,ForestDryPoor
159179,Hedera helix,ForestDryPoor
159180,Hedera helix,ForestDryPoor
159181,Hedera helix,ForestDryPoor
159182,Hedera helix,ForestDryPoor
159183,Hedera helix,ForestDryPoor
159184,Hedera helix,ForestDryPoor
159185,Hedera helix,ForestDryPoor
159186,Hedera helix,ForestDryPoor
159187,Hedera helix,ForestDryPoor
159188,Hedera helix,ForestDryPoor
159189,Hedera helix,ForestDryPoor
159190,Hedera helix,ForestDryPoor
159191,Hedera helix,ForestDryPoor
159192,Hedera helix,ForestDryPoor
159193,Hedera helix,ForestDryPoor
159194,Hedera helix,ForestDryPoor
159195,Hedera helix,ForestDryPoor
159196,Hedera helix,ForestDryPoor
159197,Hedera helix,ForestDryPoor
159198,Hedera helix,ForestDryPoor
159199,Hedera helix,ForestDryPoor
159200,Hedera helix,ForestDryPoor
159201,Hedera helix,ForestDryPoor
159202,Hedera helix,ForestDryPoor
159203,Hedera helix,ForestDryPoor
159204,Hedera helix,ForestDryPoor
159205,Hedera helix,ForestDryPoor
159206,Hedera helix,ForestDryPoor
159207,Hedera helix,ForestDryPoor
159208,Hedera helix,ForestDryPoor
159771,Hedera helix,ForestDryPoor
159772,Hedera helix,ForestDryPoor
159773,Hedera helix,ForestDryPoor
159774,Hedera helix,ForestDryPoor
159775,Hedera helix,ForestDryPoor
159776,Hedera helix,ForestDryPoor
159777,Hedera helix,ForestDryPoor
159778,Hedera helix,ForestDryPoor
159779,Hedera helix,ForestDryPoor
159780,Hedera helix,ForestDryPoor
159781,Hedera helix,ForestDryPoor
159782,Hedera helix,ForestDryPoor
159783,Hedera helix,ForestDryPoor
159784,Hedera helix,ForestDryPoor
159785,Hedera helix,ForestDryPoor
159786,Hedera helix,ForestDryPoor
159787,Hedera helix,ForestDryPoor
159788,Hedera helix,ForestDryPoor
159789,Hedera helix,ForestDryPoor
159790,Hedera helix,ForestDryPoor
159791,Hedera helix,ForestDryPoor
159792,Hedera helix,ForestDryPoor
159793,Hedera helix,ForestDryPoor
159794,Hedera helix,ForestDryPoor
159795,Hedera helix,ForestDryPoor
159796,Hedera helix,ForestDryPoor
159797,Hedera helix,ForestDryPoor
159798,Hedera helix,ForestDryPoor
159799,Hedera helix,ForestDryPoor
159800,Hedera helix,ForestDryPoor
159801,Hedera helix,ForestDryPoor
159802,Hedera helix,ForestDryPoor
159803,Hedera helix,ForestDryPoor
159804,Hedera helix,ForestDryPoor
159805,Hedera helix,ForestDryPoor
159806,Hedera helix,ForestDryPoor
159807,Hedera helix,ForestDryPoor
159808,Hedera helix,ForestDryPoor
160370,Hedera helix,ForestDryPoor
160371,Hedera helix,ForestDryPoor
160372,Hedera helix,ForestDryPoor
160373,Hedera helix,ForestDryPoor
160374,Hedera helix,ForestDryPoor
160375,Hedera helix,ForestDryPoor
160376,Hedera helix,ForestDryPoor
160377,Hedera helix,ForestDryPoor
160378,Hedera helix,ForestDryPoor
160379,Hedera helix,ForestDryPoor
160380,Hedera helix,ForestDryPoor
160381,Hedera helix,ForestDryPoor
160382,Hedera helix,ForestDryPoor
160383,Hedera helix,ForestDryPoor
160384,Hedera helix,ForestDryPoor
160385,Hedera helix,ForestDryPoor
160386,Hedera helix,ForestDryPoor
160387,Hedera helix,ForestDryPoor
160388,Hedera helix,ForestDryPoor
160389,Hedera helix,ForestDryPoor
160390,Hedera helix,ForestDryPoor
160391,Hedera helix,ForestDryPoor
160392,Hedera helix,ForestDryPoor
160393,Hedera helix,ForestDryPoor
160394,Hedera helix,ForestDryPoor
160395,Hedera helix,ForestDryPoor
160396,Hedera helix,ForestDryPoor
160397,Hedera helix,ForestDryPoor
160398,Hedera helix,ForestDryPoor
160399,Hedera helix,ForestDryPoor
160400,Hedera helix,ForestDryPoor
160401,Hedera helix,ForestDryPoor
160402,Hedera helix,ForestDryPoor
160403,Hedera helix,ForestDryPoor
160404,Hedera helix,ForestDryPoor
160405,Hedera helix,ForestDryPoor
160406,Hedera helix,ForestDryPoor
160407,Hedera helix,ForestDryPoor
160969,Hedera helix,ForestDryPoor
160970,Hedera helix,ForestDryPoor
160971,Hedera helix,ForestDryPoor
160972,Hedera helix,ForestDryPoor
160973,Hedera helix,ForestDryPoor
160974,Hedera helix,ForestDryPoor
160975,Hedera helix,ForestDryPoor
160976,Hedera helix,ForestDryPoor
160977,Hedera helix,ForestDryPoor
160978,Hedera helix,ForestDryPoor
160979,Hedera helix,ForestDryPoor
160980,Hedera helix,ForestDryPoor
160981,Hedera helix,ForestDryPoor
160982,Hedera helix,ForestDryPoor
160983,Hedera helix,ForestDryPoor
160984,Hedera helix,ForestDryPoor
160985,Hedera helix,ForestDryPoor
160986,Hedera helix,ForestDryPoor
160987,Hedera helix,ForestDryPoor
160988,Hedera helix,ForestDryPoor
160989,Hedera helix,ForestDryPoor
160990,Hedera helix,ForestDryPoor
160991,Hedera helix,ForestDryPoor
160992,Hedera helix,ForestDryPoor
160993,Hedera helix,ForestDryPoor
160994,Hedera helix,ForestDryPoor
160995,Hedera helix,ForestDryPoor
160996,Hedera helix,ForestDryPoor
160997,Hedera helix,ForestDryPoor
160998,Hedera helix,ForestDryPoor
160999,Hedera helix,ForestDryPoor
161000,Hedera helix,ForestDryPoor
161001,Hedera helix,ForestDryPoor
161002,Hedera helix,ForestDryPoor
161003,Hedera helix,ForestDryPoor
161004,Hedera helix,ForestDryPoor
161005,Hedera helix,ForestDryPoor
161006,Hedera helix,ForestDryPoor
161568,Hedera helix,ForestDryPoor
161569,Hedera helix,ForestDryPoor
161570,Hedera helix,ForestDryPoor
161571,Hedera helix,ForestDryPoor
161572,Hedera helix,ForestDryPoor
161573,Hedera helix,ForestDryPoor
161574,Hedera helix,ForestDryPoor
161575,Hedera helix,ForestDryPoor
161576,Hedera helix,ForestDryPoor
161577,Hedera helix,ForestDryPoor
161578,Hedera helix,ForestDryPoor
161579,Hedera helix,ForestDryPoor
161580,Hedera helix,ForestDryPoor
161581,Hedera helix,ForestDryPoor
161582,Hedera helix,ForestDryPoor
161583,Hedera helix,ForestDryPoor
161584,Hedera helix,ForestDryPoor
161585,Hedera helix,ForestDryPoor
161586,Hedera helix,ForestDryPoor
161587,Hedera helix,ForestDryPoor
161588,Hedera helix,ForestDryPoor
161589,Hedera helix,ForestDryPoor
161590,Hedera helix,ForestDryPoor
161591,Hedera helix,ForestDryPoor
161592,Hedera helix,ForestDryPoor
161593,Hedera helix,ForestDryPoor
161594,Hedera helix,ForestDryPoor
161595,Hedera helix,ForestDryPoor
161596,Hedera helix,ForestDryPoor
161597,Hedera helix,ForestDryPoor
161598,Hedera helix,ForestDryPoor
161599,Hedera helix,ForestDryPoor
161600,Hedera helix,ForestDryPoor
161601,Hedera helix,ForestDryPoor
161602,Hedera helix,ForestDryPoor
161603,Hedera helix,ForestDryPoor
161604,Hedera helix,ForestDryPoor
161605,Hedera helix,ForestDryPoor
162167,Hedera helix,ForestDryPoor
162168,Hedera helix,ForestDryPoor
162169,Hedera helix,ForestDryPoor
162170,Hedera helix,ForestDryPoor
162171,Hedera helix,ForestDryPoor
162172,Hedera helix,ForestDryPoor
162173,Hedera helix,ForestDryPoor
162174,Hedera helix,ForestDryPoor
162175,Hedera helix,ForestDryPoor
162176,Hedera helix,ForestDryPoor
162177,Hedera helix,ForestDryPoor
162178,Hedera helix,ForestDryPoor
162179,Hedera helix,ForestDryPoor
162180,Hedera helix,ForestDryPoor
162181,Hedera helix,ForestDryPoor
162182,Hedera helix,ForestDryPoor
162183,Hedera helix,ForestDryPoor
162184,Hedera helix,ForestDryPoor
162185,Hedera helix,ForestDryPoor
162186,Hedera helix,ForestDryPoor
162187,Hedera helix,ForestDryPoor
162188,Hedera helix,ForestDryPoor
162189,Hedera helix,ForestDryPoor
162190,Hedera helix,ForestDryPoor
162191,Hedera helix,ForestDryPoor
162192,Hedera helix,ForestDryPoor
162193,Hedera helix,ForestDryPoor
162194,Hedera helix,ForestDryPoor
162195,Hedera helix,ForestDryPoor
162196,Hedera helix,ForestDryPoor
162197,Hedera helix,ForestDryPoor
162198,Hedera helix,ForestDryPoor
162199,Hedera helix,ForestDryPoor
162200,Hedera helix,ForestDryPoor
162201,Hedera helix,ForestDryPoor
162202,Hedera helix,ForestDryPoor
162203,Hedera helix,ForestDryPoor
162204,Hedera helix,ForestDryPoor
162205,Hedera helix,ForestDryPoor
162766,Hedera helix,ForestDryPoor
162767,Hedera helix,ForestDryPoor
162768,Hedera helix,ForestDryPoor
162769,Hedera helix,ForestDryPoor
162770,Hedera helix,ForestDryPoor
162771,Hedera helix,ForestDryPoor
162772,Hedera helix,ForestDryPoor
162773,Hedera helix,ForestDryPoor
162774,Hedera helix,ForestDryPoor
162775,Hedera helix,ForestDryPoor
162776,Hedera helix,ForestDryPoor
162777,Hedera helix,ForestDryPoor
162778,Hedera helix,ForestDryPoor
162779,Hedera helix,ForestDryPoor
162780,Hedera helix,ForestDryPoor
162781,Hedera helix,ForestDryPoor
162782,Hedera helix,ForestDryPoor
162783,Hedera helix,ForestDryPoor
162784,Hedera helix,ForestDryPoor
162785,Hedera helix,ForestDryPoor
162786,Hedera helix,ForestDryPoor
162787,Hedera helix,ForestDryPoor
162788,Hedera helix,ForestDryPoor
162789,Hedera helix,ForestDryPoor
162790,Hedera helix,ForestDryPoor
162791,Hedera helix,ForestDryPoor
162792,Hedera helix,ForestDryPoor
162793,Hedera helix,ForestDryPoor
162794,Hedera helix,ForestDryPoor
162795,Hedera helix,ForestDryPoor
162796,Hedera helix,ForestDryPoor
162797,Hedera helix,ForestDryPoor
162798,Hedera helix,ForestDryPoor
162799,Hedera helix,ForestDryPoor
162800,Hedera helix,ForestDryPoor
162801,Hedera helix,ForestDryPoor
162802,Hedera helix,ForestDryPoor
162803,Hedera helix,ForestDryPoor
162804,Hedera helix,ForestDryPoor
163365,Hedera helix,ForestDryPoor
163366,Hedera helix,ForestDryPoor
163367,Hedera helix,ForestDryPoor
163368,Hedera helix,ForestDryPoor
163369,Hedera helix,ForestDryPoor
163370,Hedera helix,ForestDryPoor
163371,Hedera helix,ForestDryPoor
163372,Hedera helix,ForestDryPoor
163373,Hedera helix,ForestDryPoor
163374,Hedera helix,ForestDryPoor
163375,Hedera helix,ForestDryPoor
163376,Hedera helix,ForestDryPoor
163377,Hedera helix,ForestDryPoor
163378,Hedera helix,ForestDryPoor
163379,Hedera helix,ForestDryPoor
163380,Hedera helix,ForestDryPoor
163381,Hedera helix,ForestDryPoor
163382,Hedera helix,ForestDryPoor
163383,Hedera helix,ForestDryPoor
163384,Hedera helix,ForestDryPoor
163385,Hedera helix,ForestDryPoor
163386,Hedera helix,ForestDryPoor
163387,Hedera helix,ForestDryPoor
163388,Hedera helix,ForestDryPoor
163389,Hedera helix,ForestDryPoor
163390,Hedera helix,ForestDryPoor
163391,Hedera helix,ForestDryPoor
163392,Hedera helix,ForestDryPoor
163393,Hedera helix,ForestDryPoor
163394,Hedera helix,ForestDryPoor
163395,Hedera helix,ForestDryPoor
163396,Hedera helix,ForestDryPoor
163397,Hedera helix,ForestDryPoor
163398,Hedera helix,ForestDryPoor
163399,Hedera helix,ForestDryPoor
163400,Hedera helix,ForestDryPoor
163401,Hedera helix,ForestDryPoor
163402,Hedera helix,ForestDryPoor
163403,Hedera helix,ForestDryPoor
163964,Hedera helix,ForestDryPoor
163965,Hedera helix,ForestDryPoor
163966,Hedera helix,ForestDryPoor
163967,Hedera helix,ForestDryPoor
163968,Hedera helix,ForestDryPoor
163969,Hedera helix,ForestDryPoor
163970,Hedera helix,ForestDryPoor
163971,Hedera helix,ForestDryPoor
163972,Hedera helix,ForestDryPoor
163973,Hedera helix,ForestDryPoor
163974,Hedera helix,ForestDryPoor
163975,Hedera helix,ForestDryPoor
163976,Hedera helix,ForestDryPoor
163977,Hedera helix,ForestDryPoor
163978,Hedera helix,ForestDryPoor
163979,Hedera helix,ForestDryPoor
163980,Hedera helix,ForestDryPoor
163981,Hedera helix,ForestDryPoor
163982,Hedera helix,ForestDryPoor
163983,Hedera helix,ForestDryPoor
163984,Hedera helix,ForestDryPoor
163985,Hedera helix,ForestDryPoor
163986,Hedera helix,ForestDryPoor
163987,Hedera helix,ForestDryPoor
163988,Hedera helix,ForestDryPoor
163989,Hedera helix,ForestDryPoor
163990,Hedera helix,ForestDryPoor
163991,Hedera helix,ForestDryPoor
163992,Hedera helix,ForestDryPoor
163993,Hedera helix,ForestDryPoor
163994,Hedera helix,ForestDryPoor
163995,Hedera helix,ForestDryPoor
163996,Hedera helix,ForestDryPoor
163997,Hedera helix,ForestDryPoor
163998,Hedera helix,ForestDryPoor
163999,Hedera helix,ForestDryPoor
164000,Hedera helix,ForestDryPoor
164001,Hedera helix,ForestDryPoor
164002,Hedera helix,ForestDryPoor
164563,Hedera helix,ForestDryPoor
164564,Hedera helix,ForestDryPoor
164565,Hedera helix,ForestDryPoor
164566,Hedera helix,ForestDryPoor
164567,Hedera helix,ForestDryPoor
164568,Hedera helix,ForestDryPoor
164569,Hedera helix,ForestDryPoor
164570,Hedera helix,ForestDryPoor
164571,Hedera helix,ForestDryPoor
164572,Hedera helix,ForestDryPoor
164573,Hedera helix,ForestDryPoor
164574,Hedera helix,ForestDryPoor
164575,Hedera helix,ForestDryPoor
164576,Hedera helix,ForestDryPoor
164577,Hedera helix,ForestDryPoor
164578,Hedera helix,ForestDryPoor
164579,Hedera helix,ForestDryPoor
164580,Hedera helix,ForestDryPoor
164581,Hedera helix,ForestDryPoor
164582,Hedera helix,ForestDryPoor
164583,Hedera helix,ForestDryPoor
164584,Hedera helix,ForestDryPoor
164585,Hedera helix,ForestDryPoor
164586,Hedera helix,ForestDryPoor
164587,Hedera helix,ForestDryPoor
164588,Hedera helix,ForestDryPoor
164589,Hedera helix,ForestDryPoor
164590,Hedera helix,ForestDryPoor
164591,Hedera helix,ForestDryPoor
164592,Hedera helix,ForestDryPoor
164593,Hedera helix,ForestDryPoor
164594,Hedera helix,ForestDryPoor
164595,Hedera helix,ForestDryPoor
164596,Hedera helix,ForestDryPoor
164597,Hedera helix,ForestDryPoor
164598,Hedera helix,ForestDryPoor
164599,Hedera helix,ForestDryPoor
164600,Hedera helix,ForestDryPoor
164601,Hedera helix,ForestDryPoor
165162,Hedera helix,ForestDryPoor
165163,Hedera helix,ForestDryPoor
165164,Hedera helix,ForestDryPoor
165165,Hedera helix,ForestDryPoor
165166,Hedera helix,ForestDryPoor
165167,Hedera helix,ForestDryPoor
165168,Hedera helix,ForestDryPoor
165169,Hedera helix,ForestDryPoor
165170,Hedera helix,ForestDryPoor
165171,Hedera helix,ForestDryPoor
165172,Hedera helix,ForestDryPoor
165173,Hedera helix,ForestDryPoor
165174,Hedera helix,ForestDryPoor
165175,Hedera helix,ForestDryPoor
165176,Hedera helix,ForestDryPoor
165177,Hedera helix,ForestDryPoor
165178,Hedera helix,ForestDryPoor
165179,Hedera helix,ForestDryPoor
165180,Hedera helix,ForestDryPoor
165181,Hedera helix,ForestDryPoor
165182,Hedera helix,ForestDryPoor
165183,Hedera helix,ForestDryPoor
165184,Hedera helix,ForestDryPoor
165185,Hedera helix,ForestDryPoor
165186,Hedera helix,ForestDryPoor
165187,Hedera helix,ForestDryPoor
165188,Hedera helix,ForestDryPoor
165189,Hedera helix,ForestDryPoor
165190,Hedera helix,ForestDryPoor
165191,Hedera helix,ForestDryPoor
165192,Hedera helix,ForestDryPoor
165193,Hedera helix,ForestDryPoor
165194,Hedera helix,ForestDryPoor
165195,Hedera helix,ForestDryPoor
165196,Hedera helix,ForestDryPoor
165197,Hedera helix,ForestDryPoor
165198,Hedera helix,ForestDryPoor
165199,Hedera helix,ForestDryPoor
165200,Hedera helix,ForestDryPoor
165761,Hedera helix,ForestDryPoor
165762,Hedera helix,ForestDryPoor
165763,Hedera helix,ForestDryPoor
165764,Hedera helix,ForestDryPoor
165765,Hedera helix,ForestDryPoor
165766,Hedera helix,ForestDryPoor
165767,Hedera helix,ForestDryPoor
165768,Hedera helix,ForestDryPoor
165769,Hedera helix,ForestDryPoor
165770,Hedera helix,ForestDryPoor
165771,Hedera helix,ForestDryPoor
165772,Hedera helix,ForestDryPoor
165773,Hedera helix,ForestDryPoor
165774,Hedera helix,ForestDryPoor
165775,Hedera helix,ForestDryPoor
165776,Hedera helix,ForestDryPoor
165777,Hedera helix,ForestDryPoor
165778,Hedera helix,ForestDryPoor
165779,Hedera helix,ForestDryPoor
165780,Hedera helix,ForestDryPoor
165781,Hedera helix,ForestDryPoor
165782,Hedera helix,ForestDryPoor
165783,Hedera helix,ForestDryPoor
165784,Hedera helix,ForestDryPoor
165785,Hedera helix,ForestDryPoor
165786,Hedera helix,ForestDryPoor
165787,Hedera helix,ForestDryPoor
165788,Hedera helix,ForestDryPoor
165789,Hedera helix,ForestDryPoor
165790,Hedera helix,ForestDryPoor
165791,Hedera helix,ForestDryPoor
165792,Hedera helix,ForestDryPoor
165793,Hedera helix,ForestDryPoor
165794,Hedera helix,ForestDryPoor
165795,Hedera helix,ForestDryPoor
165796,Hedera helix,ForestDryPoor
165797,Hedera helix,ForestDryPoor
165798,Hedera helix,ForestDryPoor
165799,Hedera helix,ForestDryPoor
165800,Hedera helix,ForestDryPoor
166360,Hedera helix,ForestDryPoor
166361,Hedera helix,ForestDryPoor
166362,Hedera helix,ForestDryPoor
166363,Hedera helix,ForestDryPoor
166364,Hedera helix,ForestDryPoor
166365,Hedera helix,ForestDryPoor
166366,Hedera helix,ForestDryPoor
166367,Hedera helix,ForestDryPoor
166368,Hedera helix,ForestDryPoor
166369,Hedera helix,ForestDryPoor
166370,Hedera helix,ForestDryPoor
166371,Hedera helix,ForestDryPoor
166372,Hedera helix,ForestDryPoor
166373,Hedera helix,ForestDryPoor
166374,Hedera helix,ForestDryPoor
166375,Hedera helix,ForestDryPoor
166376,Hedera helix,ForestDryPoor
166377,Hedera helix,ForestDryPoor
166378,Hedera helix,ForestDryPoor
166379,Hedera helix,ForestDryPoor
166380,Hedera helix,ForestDryPoor
166381,Hedera helix,ForestDryPoor
166382,Hedera helix,ForestDryPoor
166383,Hedera helix,ForestDryPoor
166384,Hedera helix,ForestDryPoor
166385,Hedera helix,ForestDryPoor
166386,Hedera helix,ForestDryPoor
166387,Hedera helix,ForestDryPoor
166388,Hedera helix,ForestDryPoor
166389,Hedera helix,ForestDryPoor
166390,Hedera helix,ForestDryPoor
166391,Hedera helix,ForestDryPoor
166392,Hedera helix,ForestDryPoor
166393,Hedera helix,ForestDryPoor
166394,Hedera helix,ForestDryPoor
166395,Hedera helix,ForestDryPoor
166396,Hedera helix,ForestDryPoor
166397,Hedera helix,ForestDryPoor
166398,Hedera helix,ForestDryPoor
166399,Hedera helix,ForestDryPoor
166959,Hedera helix,ForestDryPoor
166960,Hedera helix,ForestDryPoor
166961,Hedera helix,ForestDryPoor
166962,Hedera helix,ForestDryPoor
166963,Hedera helix,ForestDryPoor
166964,Hedera helix,ForestDryPoor
166965,Hedera helix,ForestDryPoor
166966,Hedera helix,ForestDryPoor
166967,Hedera helix,ForestDryPoor
166968,Hedera helix,ForestDryPoor
166969,Hedera helix,ForestDryPoor
166970,Hedera helix,ForestDryPoor
166971,Hedera helix,ForestDryPoor
166972,Hedera helix,ForestDryPoor
166973,Hedera helix,ForestDryPoor
166974,Hedera helix,ForestDryPoor
166975,Hedera helix,ForestDryPoor
166976,Hedera helix,ForestDryPoor
166977,Hedera helix,ForestDryPoor
166978,Hedera helix,ForestDryPoor
166979,Hedera helix,ForestDryPoor
166980,Hedera helix,ForestDryPoor
166981,Hedera helix,ForestDryPoor
166982,Hedera helix,ForestDryPoor
166983,Hedera helix,ForestDryPoor
166984,Hedera helix,ForestDryPoor
166985,Hedera helix,ForestDryPoor
166986,Hedera helix,ForestDryPoor
166987,Hedera helix,ForestDryPoor
166988,Hedera helix,ForestDryPoor
166989,Hedera helix,ForestDryPoor
166990,Hedera helix,ForestDryPoor
166991,Hedera helix,ForestDryPoor
166992,Hedera helix,ForestDryPoor
166993,Hedera helix,ForestDryPoor
166994,Hedera helix,ForestDryPoor
166995,Hedera helix,ForestDryPoor
166996,Hedera helix,ForestDryPoor
166997,Hedera helix,ForestDryPoor
166998,Hedera helix,ForestDryPoor
167558,Hedera helix,ForestDryPoor
167559,Hedera helix,ForestDryPoor
167560,Hedera helix,ForestDryPoor
167561,Hedera helix,ForestDryPoor
167562,Hedera helix,ForestDryPoor
167563,Hedera helix,ForestDryPoor
167564,Hedera helix,ForestDryPoor
167565,Hedera helix,ForestDryPoor
167566,Hedera helix,ForestDryPoor
167567,Hedera helix,ForestDryPoor
167568,Hedera helix,ForestDryPoor
167569,Hedera helix,ForestDryPoor
167570,Hedera helix,ForestDryPoor
167571,Hedera helix,ForestDryPoor
167572,Hedera helix,ForestDryPoor
167573,Hedera helix,ForestDryPoor
167574,Hedera helix,ForestDryPoor
167575,Hedera helix,ForestDryPoor
167576,Hedera helix,ForestDryPoor
167577,Hedera helix,ForestDryPoor
167578,Hedera helix,ForestDryPoor
167579,Hedera helix,ForestDryPoor
167580,Hedera helix,ForestDryPoor
167581,Hedera helix,ForestDryPoor
167582,Hedera helix,ForestDryPoor
167583,Hedera helix,ForestDryPoor
167584,Hedera helix,ForestDryPoor
167585,Hedera helix,ForestDryPoor
167586,Hedera helix,ForestDryPoor
167587,Hedera helix,ForestDryPoor
167588,Hedera helix,ForestDryPoor
167589,Hedera helix,ForestDryPoor
167590,Hedera helix,ForestDryPoor
167591,Hedera helix,ForestDryPoor
167592,Hedera helix,ForestDryPoor
167593,Hedera helix,ForestDryPoor
167594,Hedera helix,ForestDryPoor
167595,Hedera helix,ForestDryPoor
167596,Hedera helix,ForestDryPoor
167597,Hedera helix,ForestDryPoor
168157,Hedera helix,ForestDryPoor
168158,Hedera helix,ForestDryPoor
168159,Hedera helix,ForestDryPoor
168160,Hedera helix,ForestDryPoor
168161,Hedera helix,ForestDryPoor
168162,Hedera helix,ForestDryPoor
168163,Hedera helix,ForestDryPoor
168164,Hedera helix,ForestDryPoor
168165,Hedera helix,ForestDryPoor
168166,Hedera helix,ForestDryPoor
168167,Hedera helix,ForestDryPoor
168168,Hedera helix,ForestDryPoor
168169,Hedera helix,ForestDryPoor
168170,Hedera helix,ForestDryPoor
168171,Hedera helix,ForestDryPoor
168172,Hedera helix,ForestDryPoor
168173,Hedera helix,ForestDryPoor
168174,Hedera helix,ForestDryPoor
168175,Hedera helix,ForestDryPoor
168176,Hedera helix,ForestDryPoor
168177,Hedera helix,ForestDryPoor
168178,Hedera helix,ForestDryPoor
168179,Hedera helix,ForestDryPoor
168180,Hedera helix,ForestDryPoor
168181,Hedera helix,ForestDryPoor
168182,Hedera helix,ForestDryPoor
168183,Hedera helix,ForestDryPoor
168184,Hedera helix,ForestDryPoor
168185,Hedera helix,ForestDryPoor
168186,Hedera helix,ForestDryPoor
168187,Hedera helix,ForestDryPoor
168188,Hedera helix,ForestDryPoor
168189,Hedera helix,ForestDryPoor
168190,Hedera helix,ForestDryPoor
168191,Hedera helix,ForestDryPoor
168192,Hedera helix,ForestDryPoor
168193,Hedera helix,ForestDryPoor
168194,Hedera helix,ForestDryPoor
168195,Hedera helix,ForestDryPoor
168196,Hedera helix,ForestDryPoor
168756,Hedera helix,ForestDryPoor
168757,Hedera helix,ForestDryPoor
168758,Hedera helix,ForestDryPoor
168759,Hedera helix,ForestDryPoor
168760,Hedera helix,ForestDryPoor
168761,Hedera helix,ForestDryPoor
168762,Hedera helix,ForestDryPoor
168763,Hedera helix,ForestDryPoor
168764,Hedera helix,ForestDryPoor
168765,Hedera helix,ForestDryPoor
168766,Hedera helix,ForestDryPoor
168767,Hedera helix,ForestDryPoor
168768,Hedera helix,ForestDryPoor
168769,Hedera helix,ForestDryPoor
168770,Hedera helix,ForestDryPoor
168771,Hedera helix,ForestDryPoor
168772,Hedera helix,ForestDryPoor
168773,Hedera helix,ForestDryPoor
168774,Hedera helix,ForestDryPoor
168775,Hedera helix,ForestDryPoor
168776,Hedera helix,ForestDryPoor
168777,Hedera helix,ForestDryPoor
168778,Hedera helix,ForestDryPoor
168779,Hedera helix,ForestDryPoor
168780,Hedera helix,ForestDryPoor
168781,Hedera helix,ForestDryPoor
168782,Hedera helix,ForestDryPoor
168783,Hedera helix,ForestDryPoor
168784,Hedera helix,ForestDryPoor
168785,Hedera helix,ForestDryPoor
168786,Hedera helix,ForestDryPoor
168787,Hedera helix,ForestDryPoor
168788,Hedera helix,ForestDryPoor
168789,Hedera helix,ForestDryPoor
168790,Hedera helix,ForestDryPoor
168791,Hedera helix,ForestDryPoor
168792,Hedera helix,ForestDryPoor
168793,Hedera helix,ForestDryPoor
168794,Hedera helix,ForestDryPoor
168795,Hedera helix,ForestDryPoor
169355,Hedera helix,ForestDryPoor
169356,Hedera helix,ForestDryPoor
169357,Hedera helix,ForestDryPoor
169358,Hedera helix,ForestDryPoor
169359,Hedera helix,ForestDryPoor
169360,Hedera helix,ForestDryPoor
169361,Hedera helix,ForestDryPoor
169362,Hedera helix,ForestDryPoor
169363,Hedera helix,ForestDryPoor
169364,Hedera helix,ForestDryPoor
169365,Hedera helix,ForestDryPoor
169366,Hedera helix,ForestDryPoor
169367,Hedera helix,ForestDryPoor
169368,Hedera helix,ForestDryPoor
169369,Hedera helix,ForestDryPoor
169370,Hedera helix,ForestDryPoor
169371,Hedera helix,ForestDryPoor
169372,Hedera helix,ForestDryPoor
169373,Hedera helix,ForestDryPoor
169374,Hedera helix,ForestDryPoor
169375,Hedera helix,ForestDryPoor
169376,Hedera helix,ForestDryPoor
169377,Hedera helix,ForestDryPoor
169378,Hedera helix,ForestDryPoor
169379,Hedera helix,ForestDryPoor
169380,Hedera helix,ForestDryPoor
169381,Hedera helix,ForestDryPoor
169382,Hedera helix,ForestDryPoor
169383,Hedera helix,ForestDryPoor
169384,Hedera helix,ForestDryPoor
169385,Hedera helix,ForestDryPoor
169386,Hedera helix,ForestDryPoor
169387,Hedera helix,ForestDryPoor
169388,Hedera helix,ForestDryPoor
169389,Hedera helix,ForestDryPoor
169390,Hedera helix,ForestDryPoor
169391,Hedera helix,ForestDryPoor
169392,Hedera helix,ForestDryPoor
169393,Hedera helix,ForestDryPoor
169394,Hedera helix,ForestDryPoor
169954,Hedera helix,ForestDryPoor
169955,Hedera helix,ForestDryPoor
169956,Hedera helix,ForestDryPoor
169957,Hedera helix,ForestDryPoor
169958,Hedera helix,ForestDryPoor
169959,Hedera helix,ForestDryPoor
169960,Hedera helix,ForestDryPoor
169961,Hedera helix,ForestDryPoor
169962,Hedera helix,ForestDryPoor
169963,Hedera helix,ForestDryPoor
169964,Hedera helix,ForestDryPoor
169965,Hedera helix,ForestDryPoor
169966,Hedera helix,ForestDryPoor
169967,Hedera helix,ForestDryPoor
169968,Hedera helix,ForestDryPoor
169969,Hedera helix,ForestDryPoor
169970,Hedera helix,ForestDryPoor
169971,Hedera helix,ForestDryPoor
169972,Hedera helix,ForestDryPoor
169973,Hedera helix,ForestDryPoor
169974,Hedera helix,ForestDryPoor
169975,Hedera helix,ForestDryPoor
169976,Hedera helix,ForestDryPoor
169977,Hedera helix,ForestDryPoor
169978,Hedera helix,ForestDryPoor
169979,Hedera helix,ForestDryPoor
169980,Hedera helix,ForestDryPoor
169981,Hedera helix,ForestDryPoor
169982,Hedera helix,ForestDryPoor
169983,Hedera helix,ForestDryPoor
169984,Hedera helix,ForestDryPoor
169985,Hedera helix,ForestDryPoor
169986,Hedera helix,ForestDryPoor
169987,Hedera helix,ForestDryPoor
169988,Hedera helix,ForestDryPoor
169989,Hedera helix,ForestDryPoor
169990,Hedera helix,ForestDryPoor
169991,Hedera helix,ForestDryPoor
169992,Hedera helix,ForestDryPoor
169993,Hedera helix,ForestDryPoor
182453,Hedera helix,ForestDryPoor
182454,Hedera helix,ForestDryPoor
182455,Hedera helix,ForestDryPoor
183052,Hedera helix,ForestDryPoor
183053,Hedera helix,ForestDryPoor
