133403,Impatiens parviflora,ForestDryPoor
133404,Impatiens parviflora,ForestDryPoor
133405,Impatiens parviflora,ForestDryPoor
133406,Impatiens parviflora,ForestDryPoor
133407,Impatiens parviflora,ForestDryPoor
133408,Impatiens parviflora,ForestDryPoor
133409,Impatiens parviflora,ForestDryPoor
133410,Impatiens parviflora,ForestDryPoor
133411,Impatiens parviflora,ForestDryPoor
133995,Impatiens parviflora,ForestDryPoor
133996,Impatiens parviflora,ForestDryPoor
133997,Impatiens parviflora,ForestDryPoor
133998,Impatiens parviflora,ForestDryPoor
133999,Impatiens parviflora,ForestDryPoor
134000,Impatiens parviflora,ForestDryPoor
134001,Impatiens parviflora,ForestDryPoor
134002,Impatiens parviflora,ForestDryPoor
134003,Impatiens parviflora,ForestDryPoor
134004,Impatiens parviflora,ForestDryPoor
134005,Impatiens parviflora,ForestDryPoor
134006,Impatiens parviflora,ForestDryPoor
134007,Impatiens parviflora,ForestDryPoor
134008,Impatiens parviflora,ForestDryPoor
134009,Impatiens parviflora,ForestDryPoor
134010,Impatiens parviflora,ForestDryPoor
134011,Impatiens parviflora,ForestDryPoor
134012,Impatiens parviflora,ForestDryPoor
134013,Impatiens parviflora,ForestDryPoor
134014,Impatiens parviflora,ForestDryPoor
134015,Impatiens parviflora,ForestDryPoor
134016,Impatiens parviflora,ForestDryPoor
134590,Impatiens parviflora,ForestDryPoor
134591,Impatiens parviflora,ForestDryPoor
134592,Impatiens parviflora,ForestDryPoor
135187,Impatiens parviflora,ForestDryPoor
135188,Impatiens parviflora,ForestDryPoor
135189,Impatiens parviflora,ForestDryPoor
135190,Impatiens parviflora,ForestDryPoor
135191,Impatiens parviflora,ForestDryPoor
135783,Impatiens parviflora,ForestDryPoor
135784,Impatiens parviflora,ForestDryPoor
135785,Impatiens parviflora,ForestDryPoor
135786,Impatiens parviflora,ForestDryPoor
135787,Impatiens parviflora,ForestDryPoor
135788,Impatiens parviflora,ForestDryPoor
135789,Impatiens parviflora,ForestDryPoor
135790,Impatiens parviflora,ForestDryPoor
136380,Impatiens parviflora,ForestDryPoor
136381,Impatiens parviflora,ForestDryPoor
136382,Impatiens parviflora,ForestDryPoor
136383,Impatiens parviflora,ForestDryPoor
136384,Impatiens parviflora,ForestDryPoor
136385,Impatiens parviflora,ForestDryPoor
136386,Impatiens parviflora,ForestDryPoor
136387,Impatiens parviflora,ForestDryPoor
136388,Impatiens parviflora,ForestDryPoor
136389,Impatiens parviflora,ForestDryPoor
136977,Impatiens parviflora,ForestDryPoor
136978,Impatiens parviflora,ForestDryPoor
136979,Impatiens parviflora,ForestDryPoor
136980,Impatiens parviflora,ForestDryPoor
136981,Impatiens parviflora,ForestDryPoor
136982,Impatiens parviflora,ForestDryPoor
136983,Impatiens parviflora,ForestDryPoor
136984,Impatiens parviflora,ForestDryPoor
136985,Impatiens parviflora,ForestDryPoor
136986,Impatiens parviflora,ForestDryPoor
136987,Impatiens parviflora,ForestDryPoor
136988,Impatiens parviflora,ForestDryPoor
137575,Impatiens parviflora,ForestDryPoor
137576,Impatiens parviflora,ForestDryPoor
137577,Impatiens parviflora,ForestDryPoor
137578,Impatiens parviflora,ForestDryPoor
137579,Impatiens parviflora,ForestDryPoor
137580,Impatiens parviflora,ForestDryPoor
137581,Impatiens parviflora,ForestDryPoor
137582,Impatiens parviflora,ForestDryPoor
137583,Impatiens parviflora,ForestDryPoor
137584,Impatiens parviflora,ForestDryPoor
137585,Impatiens parviflora,ForestDryPoor
137586,Impatiens parviflora,ForestDryPoor
137587,Impatiens parviflora,ForestDryPoor
138172,Impatiens parviflora,ForestDryPoor
138173,Impatiens parviflora,ForestDryPoor
138174,Impatiens parviflora,ForestDryPoor
138175,Impatiens parviflora,ForestDryPoor
138176,Impatiens parviflora,ForestDryPoor
138177,Impatiens parviflora,ForestDryPoor
138178,Impatiens parviflora,ForestDryPoor
138179,Impatiens parviflora,ForestDryPoor
138180,Impatiens parviflora,ForestDryPoor
138181,Impatiens parviflora,ForestDryPoor
138182,Impatiens parviflora,ForestDryPoor
138183,Impatiens parviflora,ForestDryPoor
138184,Impatiens parviflora,ForestDryPoor
138185,Impatiens parviflora,ForestDryPoor
138186,Impatiens parviflora,ForestDryPoor
138769,Impatiens parviflora,ForestDryPoor
138770,Impatiens parviflora,ForestDryPoor
138771,Impatiens parviflora,ForestDryPoor
138772,Impatiens parviflora,ForestDryPoor
138773,Impatiens parviflora,ForestDryPoor
138774,Impatiens parviflora,ForestDryPoor
138775,Impatiens parviflora,ForestDryPoor
138776,Impatiens parviflora,ForestDryPoor
138777,Impatiens parviflora,ForestDryPoor
138778,Impatiens parviflora,ForestDryPoor
138779,Impatiens parviflora,ForestDryPoor
138780,Impatiens parviflora,ForestDryPoor
138781,Impatiens parviflora,ForestDryPoor
138782,Impatiens parviflora,ForestDryPoor
138783,Impatiens parviflora,ForestDryPoor
138784,Impatiens parviflora,ForestDryPoor
138785,Impatiens parviflora,ForestDryPoor
139367,Impatiens parviflora,ForestDryPoor
139368,Impatiens parviflora,ForestDryPoor
139369,Impatiens parviflora,ForestDryPoor
139370,Impatiens parviflora,ForestDryPoor
139371,Impatiens parviflora,ForestDryPoor
139372,Impatiens parviflora,ForestDryPoor
139373,Impatiens parviflora,ForestDryPoor
139374,Impatiens parviflora,ForestDryPoor
139375,Impatiens parviflora,ForestDryPoor
139376,Impatiens parviflora,ForestDryPoor
139377,Impatiens parviflora,ForestDryPoor
139378,Impatiens parviflora,ForestDryPoor
139379,Impatiens parviflora,ForestDryPoor
139380,Impatiens parviflora,ForestDryPoor
139381,Impatiens parviflora,ForestDryPoor
139382,Impatiens parviflora,ForestDryPoor
139383,Impatiens parviflora,ForestDryPoor
139384,Impatiens parviflora,ForestDryPoor
139965,Impatiens parviflora,ForestDryPoor
139966,Impatiens parviflora,ForestDryPoor
139967,Impatiens parviflora,ForestDryPoor
139968,Impatiens parviflora,ForestDryPoor
139969,Impatiens parviflora,ForestDryPoor
139970,Impatiens parviflora,ForestDryPoor
139971,Impatiens parviflora,ForestDryPoor
139972,Impatiens parviflora,ForestDryPoor
139973,Impatiens parviflora,ForestDryPoor
139974,Impatiens parviflora,ForestDryPoor
139975,Impatiens parviflora,ForestDryPoor
139976,Impatiens parviflora,ForestDryPoor
139977,Impatiens parviflora,ForestDryPoor
139978,Impatiens parviflora,ForestDryPoor
139979,Impatiens parviflora,ForestDryPoor
139980,Impatiens parviflora,ForestDryPoor
139981,Impatiens parviflora,ForestDryPoor
139982,Impatiens parviflora,ForestDryPoor
139983,Impatiens parviflora,ForestDryPoor
140563,Impatiens parviflora,ForestDryPoor
140564,Impatiens parviflora,ForestDryPoor
140565,Impatiens parviflora,ForestDryPoor
140566,Impatiens parviflora,ForestDryPoor
140567,Impatiens parviflora,ForestDryPoor
140568,Impatiens parviflora,ForestDryPoor
140569,Impatiens parviflora,ForestDryPoor
140570,Impatiens parviflora,ForestDryPoor
140571,Impatiens parviflora,ForestDryPoor
140572,Impatiens parviflora,ForestDryPoor
140573,Impatiens parviflora,ForestDryPoor
140574,Impatiens parviflora,ForestDryPoor
140575,Impatiens parviflora,ForestDryPoor
140576,Impatiens parviflora,ForestDryPoor
140577,Impatiens parviflora,ForestDryPoor
140578,Impatiens parviflora,ForestDryPoor
140579,Impatiens parviflora,ForestDryPoor
140580,Impatiens parviflora,ForestDryPoor
140581,Impatiens parviflora,ForestDryPoor
140582,Impatiens parviflora,ForestDryPoor
141162,Impatiens parviflora,ForestDryPoor
141163,Impatiens parviflora,ForestDryPoor
141164,Impatiens parviflora,ForestDryPoor
141165,Impatiens parviflora,ForestDryPoor
141166,Impatiens parviflora,ForestDryPoor
141167,Impatiens parviflora,ForestDryPoor
141168,Impatiens parviflora,ForestDryPoor
141169,Impatiens parviflora,ForestDryPoor
141170,Impatiens parviflora,ForestDryPoor
141171,Impatiens parviflora,ForestDryPoor
141172,Impatiens parviflora,ForestDryPoor
141173,Impatiens parviflora,ForestDryPoor
141174,Impatiens parviflora,ForestDryPoor
141175,Impatiens parviflora,ForestDryPoor
141176,Impatiens parviflora,ForestDryPoor
141177,Impatiens parviflora,ForestDryPoor
141178,Impatiens parviflora,ForestDryPoor
141179,Impatiens parviflora,ForestDryPoor
141180,Impatiens parviflora,ForestDryPoor
141181,Impatiens parviflora,ForestDryPoor
141761,Impatiens parviflora,ForestDryPoor
141762,Impatiens parviflora,ForestDryPoor
141763,Impatiens parviflora,ForestDryPoor
141764,Impatiens parviflora,ForestDryPoor
141765,Impatiens parviflora,ForestDryPoor
141766,Impatiens parviflora,ForestDryPoor
141767,Impatiens parviflora,ForestDryPoor
141768,Impatiens parviflora,ForestDryPoor
141769,Impatiens parviflora,ForestDryPoor
141770,Impatiens parviflora,ForestDryPoor
141771,Impatiens parviflora,ForestDryPoor
141772,Impatiens parviflora,ForestDryPoor
141773,Impatiens parviflora,ForestDryPoor
141774,Impatiens parviflora,ForestDryPoor
141775,Impatiens parviflora,ForestDryPoor
141776,Impatiens parviflora,ForestDryPoor
141777,Impatiens parviflora,ForestDryPoor
141778,Impatiens parviflora,ForestDryPoor
141779,Impatiens parviflora,ForestDryPoor
141780,Impatiens parviflora,ForestDryPoor
142360,Impatiens parviflora,ForestDryPoor
142361,Impatiens parviflora,ForestDryPoor
142362,Impatiens parviflora,ForestDryPoor
142363,Impatiens parviflora,ForestDryPoor
142364,Impatiens parviflora,ForestDryPoor
142365,Impatiens parviflora,ForestDryPoor
142366,Impatiens parviflora,ForestDryPoor
142367,Impatiens parviflora,ForestDryPoor
142368,Impatiens parviflora,ForestDryPoor
142369,Impatiens parviflora,ForestDryPoor
142370,Impatiens parviflora,ForestDryPoor
142371,Impatiens parviflora,ForestDryPoor
142372,Impatiens parviflora,ForestDryPoor
142373,Impatiens parviflora,ForestDryPoor
142374,Impatiens parviflora,ForestDryPoor
142375,Impatiens parviflora,ForestDryPoor
142376,Impatiens parviflora,ForestDryPoor
142377,Impatiens parviflora,ForestDryPoor
142378,Impatiens parviflora,ForestDryPoor
142379,Impatiens parviflora,ForestDryPoor
142959,Impatiens parviflora,ForestDryPoor
142960,Impatiens parviflora,ForestDryPoor
142961,Impatiens parviflora,ForestDryPoor
142962,Impatiens parviflora,ForestDryPoor
142963,Impatiens parviflora,ForestDryPoor
142964,Impatiens parviflora,ForestDryPoor
142965,Impatiens parviflora,ForestDryPoor
142966,Impatiens parviflora,ForestDryPoor
142967,Impatiens parviflora,ForestDryPoor
142968,Impatiens parviflora,ForestDryPoor
142969,Impatiens parviflora,ForestDryPoor
142970,Impatiens parviflora,ForestDryPoor
142971,Impatiens parviflora,ForestDryPoor
142972,Impatiens parviflora,ForestDryPoor
142973,Impatiens parviflora,ForestDryPoor
142974,Impatiens parviflora,ForestDryPoor
142975,Impatiens parviflora,ForestDryPoor
142976,Impatiens parviflora,ForestDryPoor
142977,Impatiens parviflora,ForestDryPoor
142978,Impatiens parviflora,ForestDryPoor
143558,Impatiens parviflora,ForestDryPoor
143559,Impatiens parviflora,ForestDryPoor
143560,Impatiens parviflora,ForestDryPoor
143561,Impatiens parviflora,ForestDryPoor
143562,Impatiens parviflora,ForestDryPoor
143563,Impatiens parviflora,ForestDryPoor
143564,Impatiens parviflora,ForestDryPoor
143565,Impatiens parviflora,ForestDryPoor
143566,Impatiens parviflora,ForestDryPoor
143567,Impatiens parviflora,ForestDryPoor
143568,Impatiens parviflora,ForestDryPoor
143569,Impatiens parviflora,ForestDryPoor
143570,Impatiens parviflora,ForestDryPoor
143571,Impatiens parviflora,ForestDryPoor
143572,Impatiens parviflora,ForestDryPoor
143573,Impatiens parviflora,ForestDryPoor
143574,Impatiens parviflora,ForestDryPoor
143575,Impatiens parviflora,ForestDryPoor
143576,Impatiens parviflora,ForestDryPoor
143577,Impatiens parviflora,ForestDryPoor
144157,Impatiens parviflora,ForestDryPoor
144158,Impatiens parviflora,ForestDryPoor
144159,Impatiens parviflora,ForestDryPoor
144160,Impatiens parviflora,ForestDryPoor
144161,Impatiens parviflora,ForestDryPoor
144162,Impatiens parviflora,ForestDryPoor
144163,Impatiens parviflora,ForestDryPoor
144164,Impatiens parviflora,ForestDryPoor
144165,Impatiens parviflora,ForestDryPoor
144166,Impatiens parviflora,ForestDryPoor
144167,Impatiens parviflora,ForestDryPoor
144168,Impatiens parviflora,ForestDryPoor
144169,Impatiens parviflora,ForestDryPoor
144170,Impatiens parviflora,ForestDryPoor
144171,Impatiens parviflora,ForestDryPoor
144172,Impatiens parviflora,ForestDryPoor
144173,Impatiens parviflora,ForestDryPoor
144174,Impatiens parviflora,ForestDryPoor
144175,Impatiens parviflora,ForestDryPoor
144176,Impatiens parviflora,ForestDryPoor
144756,Impatiens parviflora,ForestDryPoor
144757,Impatiens parviflora,ForestDryPoor
144758,Impatiens parviflora,ForestDryPoor
144759,Impatiens parviflora,ForestDryPoor
144760,Impatiens parviflora,ForestDryPoor
144761,Impatiens parviflora,ForestDryPoor
144762,Impatiens parviflora,ForestDryPoor
144763,Impatiens parviflora,ForestDryPoor
144764,Impatiens parviflora,ForestDryPoor
144765,Impatiens parviflora,ForestDryPoor
144766,Impatiens parviflora,ForestDryPoor
144767,Impatiens parviflora,ForestDryPoor
144768,Impatiens parviflora,ForestDryPoor
144769,Impatiens parviflora,ForestDryPoor
144770,Impatiens parviflora,ForestDryPoor
144771,Impatiens parviflora,ForestDryPoor
144772,Impatiens parviflora,ForestDryPoor
144773,Impatiens parviflora,ForestDryPoor
144774,Impatiens parviflora,ForestDryPoor
144775,Impatiens parviflora,ForestDryPoor
145355,Impatiens parviflora,ForestDryPoor
145356,Impatiens parviflora,ForestDryPoor
145357,Impatiens parviflora,ForestDryPoor
145358,Impatiens parviflora,ForestDryPoor
145359,Impatiens parviflora,ForestDryPoor
145360,Impatiens parviflora,ForestDryPoor
145361,Impatiens parviflora,ForestDryPoor
145362,Impatiens parviflora,ForestDryPoor
145363,Impatiens parviflora,ForestDryPoor
145364,Impatiens parviflora,ForestDryPoor
145365,Impatiens parviflora,ForestDryPoor
145366,Impatiens parviflora,ForestDryPoor
145367,Impatiens parviflora,ForestDryPoor
145368,Impatiens parviflora,ForestDryPoor
145369,Impatiens parviflora,ForestDryPoor
145370,Impatiens parviflora,ForestDryPoor
145371,Impatiens parviflora,ForestDryPoor
145372,Impatiens parviflora,ForestDryPoor
145373,Impatiens parviflora,ForestDryPoor
145374,Impatiens parviflora,ForestDryPoor
145954,Impatiens parviflora,ForestDryPoor
145955,Impatiens parviflora,ForestDryPoor
145956,Impatiens parviflora,ForestDryPoor
145957,Impatiens parviflora,ForestDryPoor
145958,Impatiens parviflora,ForestDryPoor
145959,Impatiens parviflora,ForestDryPoor
145960,Impatiens parviflora,ForestDryPoor
145961,Impatiens parviflora,ForestDryPoor
145962,Impatiens parviflora,ForestDryPoor
145963,Impatiens parviflora,ForestDryPoor
145964,Impatiens parviflora,ForestDryPoor
145965,Impatiens parviflora,ForestDryPoor
145966,Impatiens parviflora,ForestDryPoor
145967,Impatiens parviflora,ForestDryPoor
145968,Impatiens parviflora,ForestDryPoor
145969,Impatiens parviflora,ForestDryPoor
145970,Impatiens parviflora,ForestDryPoor
145971,Impatiens parviflora,ForestDryPoor
145972,Impatiens parviflora,ForestDryPoor
145973,Impatiens parviflora,ForestDryPoor
146613,Impatiens parviflora,ForestDryPoor
146614,Impatiens parviflora,ForestDryPoor
146615,Impatiens parviflora,ForestDryPoor
146616,Impatiens parviflora,ForestDryPoor
146617,Impatiens parviflora,ForestDryPoor
146618,Impatiens parviflora,ForestDryPoor
146619,Impatiens parviflora,ForestDryPoor
146620,Impatiens parviflora,ForestDryPoor
146621,Impatiens parviflora,ForestDryPoor
146622,Impatiens parviflora,ForestDryPoor
146623,Impatiens parviflora,ForestDryPoor
146624,Impatiens parviflora,ForestDryPoor
146625,Impatiens parviflora,ForestDryPoor
146626,Impatiens parviflora,ForestDryPoor
147212,Impatiens parviflora,ForestDryPoor
147213,Impatiens parviflora,ForestDryPoor
147214,Impatiens parviflora,ForestDryPoor
147215,Impatiens parviflora,ForestDryPoor
147216,Impatiens parviflora,ForestDryPoor
147217,Impatiens parviflora,ForestDryPoor
147218,Impatiens parviflora,ForestDryPoor
147219,Impatiens parviflora,ForestDryPoor
147220,Impatiens parviflora,ForestDryPoor
147221,Impatiens parviflora,ForestDryPoor
147222,Impatiens parviflora,ForestDryPoor
147223,Impatiens parviflora,ForestDryPoor
147224,Impatiens parviflora,ForestDryPoor
147225,Impatiens parviflora,ForestDryPoor
147811,Impatiens parviflora,ForestDryPoor
147812,Impatiens parviflora,ForestDryPoor
147813,Impatiens parviflora,ForestDryPoor
147814,Impatiens parviflora,ForestDryPoor
147815,Impatiens parviflora,ForestDryPoor
147816,Impatiens parviflora,ForestDryPoor
147817,Impatiens parviflora,ForestDryPoor
147818,Impatiens parviflora,ForestDryPoor
147819,Impatiens parviflora,ForestDryPoor
147820,Impatiens parviflora,ForestDryPoor
147821,Impatiens parviflora,ForestDryPoor
147822,Impatiens parviflora,ForestDryPoor
147823,Impatiens parviflora,ForestDryPoor
147824,Impatiens parviflora,ForestDryPoor
147825,Impatiens parviflora,ForestDryPoor
148410,Impatiens parviflora,ForestDryPoor
148411,Impatiens parviflora,ForestDryPoor
148412,Impatiens parviflora,ForestDryPoor
148413,Impatiens parviflora,ForestDryPoor
148414,Impatiens parviflora,ForestDryPoor
148415,Impatiens parviflora,ForestDryPoor
148416,Impatiens parviflora,ForestDryPoor
148417,Impatiens parviflora,ForestDryPoor
148418,Impatiens parviflora,ForestDryPoor
148419,Impatiens parviflora,ForestDryPoor
148420,Impatiens parviflora,ForestDryPoor
148421,Impatiens parviflora,ForestDryPoor
148422,Impatiens parviflora,ForestDryPoor
148423,Impatiens parviflora,ForestDryPoor
148424,Impatiens parviflora,ForestDryPoor
148425,Impatiens parviflora,ForestDryPoor
149009,Impatiens parviflora,ForestDryPoor
149010,Impatiens parviflora,ForestDryPoor
149011,Impatiens parviflora,ForestDryPoor
149012,Impatiens parviflora,ForestDryPoor
149013,Impatiens parviflora,ForestDryPoor
149014,Impatiens parviflora,ForestDryPoor
149015,Impatiens parviflora,ForestDryPoor
149016,Impatiens parviflora,ForestDryPoor
149017,Impatiens parviflora,ForestDryPoor
149018,Impatiens parviflora,ForestDryPoor
149019,Impatiens parviflora,ForestDryPoor
149020,Impatiens parviflora,ForestDryPoor
149021,Impatiens parviflora,ForestDryPoor
149022,Impatiens parviflora,ForestDryPoor
149023,Impatiens parviflora,ForestDryPoor
149024,Impatiens parviflora,ForestDryPoor
149608,Impatiens parviflora,ForestDryPoor
149609,Impatiens parviflora,ForestDryPoor
149610,Impatiens parviflora,ForestDryPoor
149611,Impatiens parviflora,ForestDryPoor
149612,Impatiens parviflora,ForestDryPoor
149613,Impatiens parviflora,ForestDryPoor
149614,Impatiens parviflora,ForestDryPoor
149615,Impatiens parviflora,ForestDryPoor
149616,Impatiens parviflora,ForestDryPoor
149617,Impatiens parviflora,ForestDryPoor
149618,Impatiens parviflora,ForestDryPoor
149619,Impatiens parviflora,ForestDryPoor
149620,Impatiens parviflora,ForestDryPoor
149621,Impatiens parviflora,ForestDryPoor
149622,Impatiens parviflora,ForestDryPoor
149623,Impatiens parviflora,ForestDryPoor
149624,Impatiens parviflora,ForestDryPoor
150207,Impatiens parviflora,ForestDryPoor
150208,Impatiens parviflora,ForestDryPoor
150209,Impatiens parviflora,ForestDryPoor
150210,Impatiens parviflora,ForestDryPoor
150211,Impatiens parviflora,ForestDryPoor
150212,Impatiens parviflora,ForestDryPoor
150213,Impatiens parviflora,ForestDryPoor
150214,Impatiens parviflora,ForestDryPoor
150215,Impatiens parviflora,ForestDryPoor
150216,Impatiens parviflora,ForestDryPoor
150217,Impatiens parviflora,ForestDryPoor
150218,Impatiens parviflora,ForestDryPoor
150219,Impatiens parviflora,ForestDryPoor
150220,Impatiens parviflora,ForestDryPoor
150221,Impatiens parviflora,ForestDryPoor
150222,Impatiens parviflora,ForestDryPoor
150223,Impatiens parviflora,ForestDryPoor
150806,Impatiens parviflora,ForestDryPoor
150807,Impatiens parviflora,ForestDryPoor
150808,Impatiens parviflora,ForestDryPoor
150809,Impatiens parviflora,ForestDryPoor
150810,Impatiens parviflora,ForestDryPoor
150811,Impatiens parviflora,ForestDryPoor
150812,Impatiens parviflora,ForestDryPoor
150813,Impatiens parviflora,ForestDryPoor
150814,Impatiens parviflora,ForestDryPoor
150815,Impatiens parviflora,ForestDryPoor
150816,Impatiens parviflora,ForestDryPoor
150817,Impatiens parviflora,ForestDryPoor
150818,Impatiens parviflora,ForestDryPoor
150819,Impatiens parviflora,ForestDryPoor
150820,Impatiens parviflora,ForestDryPoor
150821,Impatiens parviflora,ForestDryPoor
150822,Impatiens parviflora,ForestDryPoor
150823,Impatiens parviflora,ForestDryPoor
151405,Impatiens parviflora,ForestDryPoor
151406,Impatiens parviflora,ForestDryPoor
151407,Impatiens parviflora,ForestDryPoor
151408,Impatiens parviflora,ForestDryPoor
151409,Impatiens parviflora,ForestDryPoor
151410,Impatiens parviflora,ForestDryPoor
151411,Impatiens parviflora,ForestDryPoor
151412,Impatiens parviflora,ForestDryPoor
151413,Impatiens parviflora,ForestDryPoor
151414,Impatiens parviflora,ForestDryPoor
151415,Impatiens parviflora,ForestDryPoor
151416,Impatiens parviflora,ForestDryPoor
151417,Impatiens parviflora,ForestDryPoor
151418,Impatiens parviflora,ForestDryPoor
151419,Impatiens parviflora,ForestDryPoor
151420,Impatiens parviflora,ForestDryPoor
151421,Impatiens parviflora,ForestDryPoor
151422,Impatiens parviflora,ForestDryPoor
152004,Impatiens parviflora,ForestDryPoor
152005,Impatiens parviflora,ForestDryPoor
152006,Impatiens parviflora,ForestDryPoor
152007,Impatiens parviflora,ForestDryPoor
152008,Impatiens parviflora,ForestDryPoor
152009,Impatiens parviflora,ForestDryPoor
152010,Impatiens parviflora,ForestDryPoor
152011,Impatiens parviflora,ForestDryPoor
152012,Impatiens parviflora,ForestDryPoor
152013,Impatiens parviflora,ForestDryPoor
152014,Impatiens parviflora,ForestDryPoor
152015,Impatiens parviflora,ForestDryPoor
152016,Impatiens parviflora,ForestDryPoor
152017,Impatiens parviflora,ForestDryPoor
152018,Impatiens parviflora,ForestDryPoor
152019,Impatiens parviflora,ForestDryPoor
152020,Impatiens parviflora,ForestDryPoor
152021,Impatiens parviflora,ForestDryPoor
152022,Impatiens parviflora,ForestDryPoor
152603,Impatiens parviflora,ForestDryPoor
152604,Impatiens parviflora,ForestDryPoor
152605,Impatiens parviflora,ForestDryPoor
152606,Impatiens parviflora,ForestDryPoor
152607,Impatiens parviflora,ForestDryPoor
152608,Impatiens parviflora,ForestDryPoor
152609,Impatiens parviflora,ForestDryPoor
152610,Impatiens parviflora,ForestDryPoor
152611,Impatiens parviflora,ForestDryPoor
152612,Impatiens parviflora,ForestDryPoor
152613,Impatiens parviflora,ForestDryPoor
152614,Impatiens parviflora,ForestDryPoor
152615,Impatiens parviflora,ForestDryPoor
152616,Impatiens parviflora,ForestDryPoor
152617,Impatiens parviflora,ForestDryPoor
152618,Impatiens parviflora,ForestDryPoor
152619,Impatiens parviflora,ForestDryPoor
152620,Impatiens parviflora,ForestDryPoor
152621,Impatiens parviflora,ForestDryPoor
153202,Impatiens parviflora,ForestDryPoor
153203,Impatiens parviflora,ForestDryPoor
153204,Impatiens parviflora,ForestDryPoor
153205,Impatiens parviflora,ForestDryPoor
153206,Impatiens parviflora,ForestDryPoor
153207,Impatiens parviflora,ForestDryPoor
153208,Impatiens parviflora,ForestDryPoor
153209,Impatiens parviflora,ForestDryPoor
153210,Impatiens parviflora,ForestDryPoor
153211,Impatiens parviflora,ForestDryPoor
153212,Impatiens parviflora,ForestDryPoor
153213,Impatiens parviflora,ForestDryPoor
153214,Impatiens parviflora,ForestDryPoor
153215,Impatiens parviflora,ForestDryPoor
153216,Impatiens parviflora,ForestDryPoor
153217,Impatiens parviflora,ForestDryPoor
153218,Impatiens parviflora,ForestDryPoor
153219,Impatiens parviflora,ForestDryPoor
153220,Impatiens parviflora,ForestDryPoor
153801,Impatiens parviflora,ForestDryPoor
153802,Impatiens parviflora,ForestDryPoor
153803,Impatiens parviflora,ForestDryPoor
153804,Impatiens parviflora,ForestDryPoor
153805,Impatiens parviflora,ForestDryPoor
153806,Impatiens parviflora,ForestDryPoor
153807,Impatiens parviflora,ForestDryPoor
153808,Impatiens parviflora,ForestDryPoor
153809,Impatiens parviflora,ForestDryPoor
153810,Impatiens parviflora,ForestDryPoor
153811,Impatiens parviflora,ForestDryPoor
153812,Impatiens parviflora,ForestDryPoor
153813,Impatiens parviflora,ForestDryPoor
153814,Impatiens parviflora,ForestDryPoor
153815,Impatiens parviflora,ForestDryPoor
153816,Impatiens parviflora,ForestDryPoor
153817,Impatiens parviflora,ForestDryPoor
153818,Impatiens parviflora,ForestDryPoor
153819,Impatiens parviflora,ForestDryPoor
153820,Impatiens parviflora,ForestDryPoor
154400,Impatiens parviflora,ForestDryPoor
154401,Impatiens parviflora,ForestDryPoor
154402,Impatiens parviflora,ForestDryPoor
154403,Impatiens parviflora,ForestDryPoor
154404,Impatiens parviflora,ForestDryPoor
154405,Impatiens parviflora,ForestDryPoor
154406,Impatiens parviflora,ForestDryPoor
154407,Impatiens parviflora,ForestDryPoor
154408,Impatiens parviflora,ForestDryPoor
154409,Impatiens parviflora,ForestDryPoor
154410,Impatiens parviflora,ForestDryPoor
154411,Impatiens parviflora,ForestDryPoor
154412,Impatiens parviflora,ForestDryPoor
154413,Impatiens parviflora,ForestDryPoor
154414,Impatiens parviflora,ForestDryPoor
154415,Impatiens parviflora,ForestDryPoor
154416,Impatiens parviflora,ForestDryPoor
154417,Impatiens parviflora,ForestDryPoor
154418,Impatiens parviflora,ForestDryPoor
154419,Impatiens parviflora,ForestDryPoor
154999,Impatiens parviflora,ForestDryPoor
155000,Impatiens parviflora,ForestDryPoor
155001,Impatiens parviflora,ForestDryPoor
155002,Impatiens parviflora,ForestDryPoor
155003,Impatiens parviflora,ForestDryPoor
155004,Impatiens parviflora,ForestDryPoor
155005,Impatiens parviflora,ForestDryPoor
155006,Impatiens parviflora,ForestDryPoor
155007,Impatiens parviflora,ForestDryPoor
155008,Impatiens parviflora,ForestDryPoor
155009,Impatiens parviflora,ForestDryPoor
155010,Impatiens parviflora,ForestDryPoor
155011,Impatiens parviflora,ForestDryPoor
155012,Impatiens parviflora,ForestDryPoor
155013,Impatiens parviflora,ForestDryPoor
155014,Impatiens parviflora,ForestDryPoor
155015,Impatiens parviflora,ForestDryPoor
155016,Impatiens parviflora,ForestDryPoor
155017,Impatiens parviflora,ForestDryPoor
155018,Impatiens parviflora,ForestDryPoor
155598,Impatiens parviflora,ForestDryPoor
155599,Impatiens parviflora,ForestDryPoor
155600,Impatiens parviflora,ForestDryPoor
155601,Impatiens parviflora,ForestDryPoor
155602,Impatiens parviflora,ForestDryPoor
155603,Impatiens parviflora,ForestDryPoor
155604,Impatiens parviflora,ForestDryPoor
155605,Impatiens parviflora,ForestDryPoor
155606,Impatiens parviflora,ForestDryPoor
155607,Impatiens parviflora,ForestDryPoor
155608,Impatiens parviflora,ForestDryPoor
155609,Impatiens parviflora,ForestDryPoor
155610,Impatiens parviflora,ForestDryPoor
155611,Impatiens parviflora,ForestDryPoor
155612,Impatiens parviflora,ForestDryPoor
155613,Impatiens parviflora,ForestDryPoor
155614,Impatiens parviflora,ForestDryPoor
155615,Impatiens parviflora,ForestDryPoor
155616,Impatiens parviflora,ForestDryPoor
155617,Impatiens parviflora,ForestDryPoor
156197,Impatiens parviflora,ForestDryPoor
156198,Impatiens parviflora,ForestDryPoor
156199,Impatiens parviflora,ForestDryPoor
156200,Impatiens parviflora,ForestDryPoor
156201,Impatiens parviflora,ForestDryPoor
156202,Impatiens parviflora,ForestDryPoor
156203,Impatiens parviflora,ForestDryPoor
156204,Impatiens parviflora,ForestDryPoor
156205,Impatiens parviflora,ForestDryPoor
156206,Impatiens parviflora,ForestDryPoor
156207,Impatiens parviflora,ForestDryPoor
156208,Impatiens parviflora,ForestDryPoor
156209,Impatiens parviflora,ForestDryPoor
156210,Impatiens parviflora,ForestDryPoor
156211,Impatiens parviflora,ForestDryPoor
156212,Impatiens parviflora,ForestDryPoor
156213,Impatiens parviflora,ForestDryPoor
156214,Impatiens parviflora,ForestDryPoor
156215,Impatiens parviflora,ForestDryPoor
156216,Impatiens parviflora,ForestDryPoor
156796,Impatiens parviflora,ForestDryPoor
156797,Impatiens parviflora,ForestDryPoor
156798,Impatiens parviflora,ForestDryPoor
156799,Impatiens parviflora,ForestDryPoor
156800,Impatiens parviflora,ForestDryPoor
156801,Impatiens parviflora,ForestDryPoor
156802,Impatiens parviflora,ForestDryPoor
156803,Impatiens parviflora,ForestDryPoor
156804,Impatiens parviflora,ForestDryPoor
156805,Impatiens parviflora,ForestDryPoor
156806,Impatiens parviflora,ForestDryPoor
156807,Impatiens parviflora,ForestDryPoor
156808,Impatiens parviflora,ForestDryPoor
156809,Impatiens parviflora,ForestDryPoor
156810,Impatiens parviflora,ForestDryPoor
156811,Impatiens parviflora,ForestDryPoor
156812,Impatiens parviflora,ForestDryPoor
156813,Impatiens parviflora,ForestDryPoor
156814,Impatiens parviflora,ForestDryPoor
156815,Impatiens parviflora,ForestDryPoor
157395,Impatiens parviflora,ForestDryPoor
157396,Impatiens parviflora,ForestDryPoor
157397,Impatiens parviflora,ForestDryPoor
157398,Impatiens parviflora,ForestDryPoor
157399,Impatiens parviflora,ForestDryPoor
157400,Impatiens parviflora,ForestDryPoor
157401,Impatiens parviflora,ForestDryPoor
157402,Impatiens parviflora,ForestDryPoor
157403,Impatiens parviflora,ForestDryPoor
157404,Impatiens parviflora,ForestDryPoor
157405,Impatiens parviflora,ForestDryPoor
157406,Impatiens parviflora,ForestDryPoor
157407,Impatiens parviflora,ForestDryPoor
157408,Impatiens parviflora,ForestDryPoor
157409,Impatiens parviflora,ForestDryPoor
157410,Impatiens parviflora,ForestDryPoor
157411,Impatiens parviflora,ForestDryPoor
157412,Impatiens parviflora,ForestDryPoor
157413,Impatiens parviflora,ForestDryPoor
157414,Impatiens parviflora,ForestDryPoor
157994,Impatiens parviflora,ForestDryPoor
157995,Impatiens parviflora,ForestDryPoor
157996,Impatiens parviflora,ForestDryPoor
157997,Impatiens parviflora,ForestDryPoor
157998,Impatiens parviflora,ForestDryPoor
157999,Impatiens parviflora,ForestDryPoor
158000,Impatiens parviflora,ForestDryPoor
158001,Impatiens parviflora,ForestDryPoor
158002,Impatiens parviflora,ForestDryPoor
158003,Impatiens parviflora,ForestDryPoor
158004,Impatiens parviflora,ForestDryPoor
158005,Impatiens parviflora,ForestDryPoor
158006,Impatiens parviflora,ForestDryPoor
158007,Impatiens parviflora,ForestDryPoor
158008,Impatiens parviflora,ForestDryPoor
158009,Impatiens parviflora,ForestDryPoor
158010,Impatiens parviflora,ForestDryPoor
158011,Impatiens parviflora,ForestDryPoor
158012,Impatiens parviflora,ForestDryPoor
158013,Impatiens parviflora,ForestDryPoor
158573,Impatiens parviflora,ForestDryPoor
158574,Impatiens parviflora,ForestDryPoor
158575,Impatiens parviflora,ForestDryPoor
158576,Impatiens parviflora,ForestDryPoor
158577,Impatiens parviflora,ForestDryPoor
158578,Impatiens parviflora,ForestDryPoor
158579,Impatiens parviflora,ForestDryPoor
158580,Impatiens parviflora,ForestDryPoor
158581,Impatiens parviflora,ForestDryPoor
158582,Impatiens parviflora,ForestDryPoor
158583,Impatiens parviflora,ForestDryPoor
158584,Impatiens parviflora,ForestDryPoor
158585,Impatiens parviflora,ForestDryPoor
158586,Impatiens parviflora,ForestDryPoor
158587,Impatiens parviflora,ForestDryPoor
158588,Impatiens parviflora,ForestDryPoor
158589,Impatiens parviflora,ForestDryPoor
158590,Impatiens parviflora,ForestDryPoor
158591,Impatiens parviflora,ForestDryPoor
158592,Impatiens parviflora,ForestDryPoor
158593,Impatiens parviflora,ForestDryPoor
158594,Impatiens parviflora,ForestDryPoor
158595,Impatiens parviflora,ForestDryPoor
158596,Impatiens parviflora,ForestDryPoor
158597,Impatiens parviflora,ForestDryPoor
158598,Impatiens parviflora,ForestDryPoor
158599,Impatiens parviflora,ForestDryPoor
158600,Impatiens parviflora,ForestDryPoor
158601,Impatiens parviflora,ForestDryPoor
158602,Impatiens parviflora,ForestDryPoor
158603,Impatiens parviflora,ForestDryPoor
158604,Impatiens parviflora,ForestDryPoor
158605,Impatiens parviflora,ForestDryPoor
158606,Impatiens parviflora,ForestDryPoor
158607,Impatiens parviflora,ForestDryPoor
158608,Impatiens parviflora,ForestDryPoor
158609,Impatiens parviflora,ForestDryPoor
158610,Impatiens parviflora,ForestDryPoor
158611,Impatiens parviflora,ForestDryPoor
158612,Impatiens parviflora,ForestDryPoor
158613,Impatiens parviflora,ForestDryPoor
158614,Impatiens parviflora,ForestDryPoor
159172,Impatiens parviflora,ForestDryPoor
159173,Impatiens parviflora,ForestDryPoor
159174,Impatiens parviflora,ForestDryPoor
159175,Impatiens parviflora,ForestDryPoor
159176,Impatiens parviflora,ForestDryPoor
159177,Impatiens parviflora,ForestDryPoor
159178,Impatiens parviflora,ForestDryPoor
159179,Impatiens parviflora,ForestDryPoor
159180,Impatiens parviflora,ForestDryPoor
159181,Impatiens parviflora,ForestDryPoor
159182,Impatiens parviflora,ForestDryPoor
159183,Impatiens parviflora,ForestDryPoor
159184,Impatiens parviflora,ForestDryPoor
159185,Impatiens parviflora,ForestDryPoor
159186,Impatiens parviflora,ForestDryPoor
159187,Impatiens parviflora,ForestDryPoor
159188,Impatiens parviflora,ForestDryPoor
159189,Impatiens parviflora,ForestDryPoor
159190,Impatiens parviflora,ForestDryPoor
159191,Impatiens parviflora,ForestDryPoor
159192,Impatiens parviflora,ForestDryPoor
159193,Impatiens parviflora,ForestDryPoor
159194,Impatiens parviflora,ForestDryPoor
159195,Impatiens parviflora,ForestDryPoor
159196,Impatiens parviflora,ForestDryPoor
159197,Impatiens parviflora,ForestDryPoor
159198,Impatiens parviflora,ForestDryPoor
159199,Impatiens parviflora,ForestDryPoor
159200,Impatiens parviflora,ForestDryPoor
159201,Impatiens parviflora,ForestDryPoor
159202,Impatiens parviflora,ForestDryPoor
159203,Impatiens parviflora,ForestDryPoor
159204,Impatiens parviflora,ForestDryPoor
159205,Impatiens parviflora,ForestDryPoor
159206,Impatiens parviflora,ForestDryPoor
159207,Impatiens parviflora,ForestDryPoor
159208,Impatiens parviflora,ForestDryPoor
159209,Impatiens parviflora,ForestDryPoor
159210,Impatiens parviflora,ForestDryPoor
159211,Impatiens parviflora,ForestDryPoor
159212,Impatiens parviflora,ForestDryPoor
159213,Impatiens parviflora,ForestDryPoor
159771,Impatiens parviflora,ForestDryPoor
159772,Impatiens parviflora,ForestDryPoor
159773,Impatiens parviflora,ForestDryPoor
159774,Impatiens parviflora,ForestDryPoor
159775,Impatiens parviflora,ForestDryPoor
159776,Impatiens parviflora,ForestDryPoor
159777,Impatiens parviflora,ForestDryPoor
159778,Impatiens parviflora,ForestDryPoor
159779,Impatiens parviflora,ForestDryPoor
159780,Impatiens parviflora,ForestDryPoor
159781,Impatiens parviflora,ForestDryPoor
159782,Impatiens parviflora,ForestDryPoor
159783,Impatiens parviflora,ForestDryPoor
159784,Impatiens parviflora,ForestDryPoor
159785,Impatiens parviflora,ForestDryPoor
159786,Impatiens parviflora,ForestDryPoor
159787,Impatiens parviflora,ForestDryPoor
159788,Impatiens parviflora,ForestDryPoor
159789,Impatiens parviflora,ForestDryPoor
159790,Impatiens parviflora,ForestDryPoor
159791,Impatiens parviflora,ForestDryPoor
159792,Impatiens parviflora,ForestDryPoor
159793,Impatiens parviflora,ForestDryPoor
159794,Impatiens parviflora,ForestDryPoor
159795,Impatiens parviflora,ForestDryPoor
159796,Impatiens parviflora,ForestDryPoor
159797,Impatiens parviflora,ForestDryPoor
159798,Impatiens parviflora,ForestDryPoor
159799,Impatiens parviflora,ForestDryPoor
159800,Impatiens parviflora,ForestDryPoor
159801,Impatiens parviflora,ForestDryPoor
159802,Impatiens parviflora,ForestDryPoor
159803,Impatiens parviflora,ForestDryPoor
159804,Impatiens parviflora,ForestDryPoor
159805,Impatiens parviflora,ForestDryPoor
159806,Impatiens parviflora,ForestDryPoor
159807,Impatiens parviflora,ForestDryPoor
159808,Impatiens parviflora,ForestDryPoor
159809,Impatiens parviflora,ForestDryPoor
159810,Impatiens parviflora,ForestDryPoor
159811,Impatiens parviflora,ForestDryPoor
159812,Impatiens parviflora,ForestDryPoor
160370,Impatiens parviflora,ForestDryPoor
160371,Impatiens parviflora,ForestDryPoor
160372,Impatiens parviflora,ForestDryPoor
160373,Impatiens parviflora,ForestDryPoor
160374,Impatiens parviflora,ForestDryPoor
160375,Impatiens parviflora,ForestDryPoor
160376,Impatiens parviflora,ForestDryPoor
160377,Impatiens parviflora,ForestDryPoor
160378,Impatiens parviflora,ForestDryPoor
160379,Impatiens parviflora,ForestDryPoor
160380,Impatiens parviflora,ForestDryPoor
160381,Impatiens parviflora,ForestDryPoor
160382,Impatiens parviflora,ForestDryPoor
160383,Impatiens parviflora,ForestDryPoor
160384,Impatiens parviflora,ForestDryPoor
160385,Impatiens parviflora,ForestDryPoor
160386,Impatiens parviflora,ForestDryPoor
160387,Impatiens parviflora,ForestDryPoor
160388,Impatiens parviflora,ForestDryPoor
160389,Impatiens parviflora,ForestDryPoor
160390,Impatiens parviflora,ForestDryPoor
160391,Impatiens parviflora,ForestDryPoor
160392,Impatiens parviflora,ForestDryPoor
160393,Impatiens parviflora,ForestDryPoor
160394,Impatiens parviflora,ForestDryPoor
160395,Impatiens parviflora,ForestDryPoor
160396,Impatiens parviflora,ForestDryPoor
160397,Impatiens parviflora,ForestDryPoor
160398,Impatiens parviflora,ForestDryPoor
160399,Impatiens parviflora,ForestDryPoor
160400,Impatiens parviflora,ForestDryPoor
160401,Impatiens parviflora,ForestDryPoor
160402,Impatiens parviflora,ForestDryPoor
160403,Impatiens parviflora,ForestDryPoor
160404,Impatiens parviflora,ForestDryPoor
160405,Impatiens parviflora,ForestDryPoor
160406,Impatiens parviflora,ForestDryPoor
160407,Impatiens parviflora,ForestDryPoor
160408,Impatiens parviflora,ForestDryPoor
160409,Impatiens parviflora,ForestDryPoor
160410,Impatiens parviflora,ForestDryPoor
160411,Impatiens parviflora,ForestDryPoor
160969,Impatiens parviflora,ForestDryPoor
160970,Impatiens parviflora,ForestDryPoor
160971,Impatiens parviflora,ForestDryPoor
160972,Impatiens parviflora,ForestDryPoor
160973,Impatiens parviflora,ForestDryPoor
160974,Impatiens parviflora,ForestDryPoor
160975,Impatiens parviflora,ForestDryPoor
160976,Impatiens parviflora,ForestDryPoor
160977,Impatiens parviflora,ForestDryPoor
160978,Impatiens parviflora,ForestDryPoor
160979,Impatiens parviflora,ForestDryPoor
160980,Impatiens parviflora,ForestDryPoor
160981,Impatiens parviflora,ForestDryPoor
160982,Impatiens parviflora,ForestDryPoor
160983,Impatiens parviflora,ForestDryPoor
160984,Impatiens parviflora,ForestDryPoor
160985,Impatiens parviflora,ForestDryPoor
160986,Impatiens parviflora,ForestDryPoor
160987,Impatiens parviflora,ForestDryPoor
160988,Impatiens parviflora,ForestDryPoor
160989,Impatiens parviflora,ForestDryPoor
160990,Impatiens parviflora,ForestDryPoor
160991,Impatiens parviflora,ForestDryPoor
160992,Impatiens parviflora,ForestDryPoor
160993,Impatiens parviflora,ForestDryPoor
160994,Impatiens parviflora,ForestDryPoor
160995,Impatiens parviflora,ForestDryPoor
160996,Impatiens parviflora,ForestDryPoor
160997,Impatiens parviflora,ForestDryPoor
160998,Impatiens parviflora,ForestDryPoor
160999,Impatiens parviflora,ForestDryPoor
161000,Impatiens parviflora,ForestDryPoor
161001,Impatiens parviflora,ForestDryPoor
161002,Impatiens parviflora,ForestDryPoor
161003,Impatiens parviflora,ForestDryPoor
161004,Impatiens parviflora,ForestDryPoor
161005,Impatiens parviflora,ForestDryPoor
161006,Impatiens parviflora,ForestDryPoor
161007,Impatiens parviflora,ForestDryPoor
161008,Impatiens parviflora,ForestDryPoor
161009,Impatiens parviflora,ForestDryPoor
161010,Impatiens parviflora,ForestDryPoor
161568,Impatiens parviflora,ForestDryPoor
161569,Impatiens parviflora,ForestDryPoor
161570,Impatiens parviflora,ForestDryPoor
161571,Impatiens parviflora,ForestDryPoor
161572,Impatiens parviflora,ForestDryPoor
161573,Impatiens parviflora,ForestDryPoor
161574,Impatiens parviflora,ForestDryPoor
161575,Impatiens parviflora,ForestDryPoor
161576,Impatiens parviflora,ForestDryPoor
161577,Impatiens parviflora,ForestDryPoor
161578,Impatiens parviflora,ForestDryPoor
161579,Impatiens parviflora,ForestDryPoor
161580,Impatiens parviflora,ForestDryPoor
161581,Impatiens parviflora,ForestDryPoor
161582,Impatiens parviflora,ForestDryPoor
161583,Impatiens parviflora,ForestDryPoor
161584,Impatiens parviflora,ForestDryPoor
161585,Impatiens parviflora,ForestDryPoor
161586,Impatiens parviflora,ForestDryPoor
161587,Impatiens parviflora,ForestDryPoor
161588,Impatiens parviflora,ForestDryPoor
161589,Impatiens parviflora,ForestDryPoor
161590,Impatiens parviflora,ForestDryPoor
161591,Impatiens parviflora,ForestDryPoor
161592,Impatiens parviflora,ForestDryPoor
161593,Impatiens parviflora,ForestDryPoor
161594,Impatiens parviflora,ForestDryPoor
161595,Impatiens parviflora,ForestDryPoor
161596,Impatiens parviflora,ForestDryPoor
161597,Impatiens parviflora,ForestDryPoor
161598,Impatiens parviflora,ForestDryPoor
161599,Impatiens parviflora,ForestDryPoor
161600,Impatiens parviflora,ForestDryPoor
161601,Impatiens parviflora,ForestDryPoor
161602,Impatiens parviflora,ForestDryPoor
161603,Impatiens parviflora,ForestDryPoor
161604,Impatiens parviflora,ForestDryPoor
161605,Impatiens parviflora,ForestDryPoor
161606,Impatiens parviflora,ForestDryPoor
161607,Impatiens parviflora,ForestDryPoor
161608,Impatiens parviflora,ForestDryPoor
161609,Impatiens parviflora,ForestDryPoor
162167,Impatiens parviflora,ForestDryPoor
162168,Impatiens parviflora,ForestDryPoor
162169,Impatiens parviflora,ForestDryPoor
162170,Impatiens parviflora,ForestDryPoor
162171,Impatiens parviflora,ForestDryPoor
162172,Impatiens parviflora,ForestDryPoor
162173,Impatiens parviflora,ForestDryPoor
162174,Impatiens parviflora,ForestDryPoor
162175,Impatiens parviflora,ForestDryPoor
162176,Impatiens parviflora,ForestDryPoor
162177,Impatiens parviflora,ForestDryPoor
162178,Impatiens parviflora,ForestDryPoor
162179,Impatiens parviflora,ForestDryPoor
162180,Impatiens parviflora,ForestDryPoor
162181,Impatiens parviflora,ForestDryPoor
162182,Impatiens parviflora,ForestDryPoor
162183,Impatiens parviflora,ForestDryPoor
162184,Impatiens parviflora,ForestDryPoor
162185,Impatiens parviflora,ForestDryPoor
162186,Impatiens parviflora,ForestDryPoor
162187,Impatiens parviflora,ForestDryPoor
162188,Impatiens parviflora,ForestDryPoor
162189,Impatiens parviflora,ForestDryPoor
162190,Impatiens parviflora,ForestDryPoor
162191,Impatiens parviflora,ForestDryPoor
162192,Impatiens parviflora,ForestDryPoor
162193,Impatiens parviflora,ForestDryPoor
162194,Impatiens parviflora,ForestDryPoor
162195,Impatiens parviflora,ForestDryPoor
162196,Impatiens parviflora,ForestDryPoor
162197,Impatiens parviflora,ForestDryPoor
162198,Impatiens parviflora,ForestDryPoor
162199,Impatiens parviflora,ForestDryPoor
162200,Impatiens parviflora,ForestDryPoor
162201,Impatiens parviflora,ForestDryPoor
162202,Impatiens parviflora,ForestDryPoor
162203,Impatiens parviflora,ForestDryPoor
162204,Impatiens parviflora,ForestDryPoor
162205,Impatiens parviflora,ForestDryPoor
162206,Impatiens parviflora,ForestDryPoor
162207,Impatiens parviflora,ForestDryPoor
162208,Impatiens parviflora,ForestDryPoor
162766,Impatiens parviflora,ForestDryPoor
162767,Impatiens parviflora,ForestDryPoor
162768,Impatiens parviflora,ForestDryPoor
162769,Impatiens parviflora,ForestDryPoor
162770,Impatiens parviflora,ForestDryPoor
162771,Impatiens parviflora,ForestDryPoor
162772,Impatiens parviflora,ForestDryPoor
162773,Impatiens parviflora,ForestDryPoor
162774,Impatiens parviflora,ForestDryPoor
162775,Impatiens parviflora,ForestDryPoor
162776,Impatiens parviflora,ForestDryPoor
162777,Impatiens parviflora,ForestDryPoor
162778,Impatiens parviflora,ForestDryPoor
162779,Impatiens parviflora,ForestDryPoor
162780,Impatiens parviflora,ForestDryPoor
162781,Impatiens parviflora,ForestDryPoor
162782,Impatiens parviflora,ForestDryPoor
162783,Impatiens parviflora,ForestDryPoor
162784,Impatiens parviflora,ForestDryPoor
162785,Impatiens parviflora,ForestDryPoor
162786,Impatiens parviflora,ForestDryPoor
162787,Impatiens parviflora,ForestDryPoor
162788,Impatiens parviflora,ForestDryPoor
162789,Impatiens parviflora,ForestDryPoor
162790,Impatiens parviflora,ForestDryPoor
162791,Impatiens parviflora,ForestDryPoor
162792,Impatiens parviflora,ForestDryPoor
162793,Impatiens parviflora,ForestDryPoor
162794,Impatiens parviflora,ForestDryPoor
162795,Impatiens parviflora,ForestDryPoor
162796,Impatiens parviflora,ForestDryPoor
162797,Impatiens parviflora,ForestDryPoor
162798,Impatiens parviflora,ForestDryPoor
162799,Impatiens parviflora,ForestDryPoor
162800,Impatiens parviflora,ForestDryPoor
162801,Impatiens parviflora,ForestDryPoor
162802,Impatiens parviflora,ForestDryPoor
162803,Impatiens parviflora,ForestDryPoor
162804,Impatiens parviflora,ForestDryPoor
162805,Impatiens parviflora,ForestDryPoor
162806,Impatiens parviflora,ForestDryPoor
162807,Impatiens parviflora,ForestDryPoor
163365,Impatiens parviflora,ForestDryPoor
163366,Impatiens parviflora,ForestDryPoor
163367,Impatiens parviflora,ForestDryPoor
163368,Impatiens parviflora,ForestDryPoor
163369,Impatiens parviflora,ForestDryPoor
163370,Impatiens parviflora,ForestDryPoor
163371,Impatiens parviflora,ForestDryPoor
163372,Impatiens parviflora,ForestDryPoor
163373,Impatiens parviflora,ForestDryPoor
163374,Impatiens parviflora,ForestDryPoor
163375,Impatiens parviflora,ForestDryPoor
163376,Impatiens parviflora,ForestDryPoor
163377,Impatiens parviflora,ForestDryPoor
163378,Impatiens parviflora,ForestDryPoor
163379,Impatiens parviflora,ForestDryPoor
163380,Impatiens parviflora,ForestDryPoor
163381,Impatiens parviflora,ForestDryPoor
163382,Impatiens parviflora,ForestDryPoor
163383,Impatiens parviflora,ForestDryPoor
163384,Impatiens parviflora,ForestDryPoor
163385,Impatiens parviflora,ForestDryPoor
163386,Impatiens parviflora,ForestDryPoor
163387,Impatiens parviflora,ForestDryPoor
163388,Impatiens parviflora,ForestDryPoor
163389,Impatiens parviflora,ForestDryPoor
163390,Impatiens parviflora,ForestDryPoor
163391,Impatiens parviflora,ForestDryPoor
163392,Impatiens parviflora,ForestDryPoor
163393,Impatiens parviflora,ForestDryPoor
163394,Impatiens parviflora,ForestDryPoor
163395,Impatiens parviflora,ForestDryPoor
163396,Impatiens parviflora,ForestDryPoor
163397,Impatiens parviflora,ForestDryPoor
163398,Impatiens parviflora,ForestDryPoor
163399,Impatiens parviflora,ForestDryPoor
163400,Impatiens parviflora,ForestDryPoor
163401,Impatiens parviflora,ForestDryPoor
163402,Impatiens parviflora,ForestDryPoor
163403,Impatiens parviflora,ForestDryPoor
163404,Impatiens parviflora,ForestDryPoor
163405,Impatiens parviflora,ForestDryPoor
163406,Impatiens parviflora,ForestDryPoor
163964,Impatiens parviflora,ForestDryPoor
163965,Impatiens parviflora,ForestDryPoor
163966,Impatiens parviflora,ForestDryPoor
163967,Impatiens parviflora,ForestDryPoor
163968,Impatiens parviflora,ForestDryPoor
163969,Impatiens parviflora,ForestDryPoor
163970,Impatiens parviflora,ForestDryPoor
163971,Impatiens parviflora,ForestDryPoor
163972,Impatiens parviflora,ForestDryPoor
163973,Impatiens parviflora,ForestDryPoor
163974,Impatiens parviflora,ForestDryPoor
163975,Impatiens parviflora,ForestDryPoor
163976,Impatiens parviflora,ForestDryPoor
163977,Impatiens parviflora,ForestDryPoor
163978,Impatiens parviflora,ForestDryPoor
163979,Impatiens parviflora,ForestDryPoor
163980,Impatiens parviflora,ForestDryPoor
163981,Impatiens parviflora,ForestDryPoor
163982,Impatiens parviflora,ForestDryPoor
163983,Impatiens parviflora,ForestDryPoor
163984,Impatiens parviflora,ForestDryPoor
163985,Impatiens parviflora,ForestDryPoor
163986,Impatiens parviflora,ForestDryPoor
163987,Impatiens parviflora,ForestDryPoor
163988,Impatiens parviflora,ForestDryPoor
163989,Impatiens parviflora,ForestDryPoor
163990,Impatiens parviflora,ForestDryPoor
163991,Impatiens parviflora,ForestDryPoor
163992,Impatiens parviflora,ForestDryPoor
163993,Impatiens parviflora,ForestDryPoor
163994,Impatiens parviflora,ForestDryPoor
163995,Impatiens parviflora,ForestDryPoor
163996,Impatiens parviflora,ForestDryPoor
163997,Impatiens parviflora,ForestDryPoor
163998,Impatiens parviflora,ForestDryPoor
163999,Impatiens parviflora,ForestDryPoor
164000,Impatiens parviflora,ForestDryPoor
164001,Impatiens parviflora,ForestDryPoor
164002,Impatiens parviflora,ForestDryPoor
164003,Impatiens parviflora,ForestDryPoor
164004,Impatiens parviflora,ForestDryPoor
164005,Impatiens parviflora,ForestDryPoor
164563,Impatiens parviflora,ForestDryPoor
164564,Impatiens parviflora,ForestDryPoor
164565,Impatiens parviflora,ForestDryPoor
164566,Impatiens parviflora,ForestDryPoor
164567,Impatiens parviflora,ForestDryPoor
164568,Impatiens parviflora,ForestDryPoor
164569,Impatiens parviflora,ForestDryPoor
164570,Impatiens parviflora,ForestDryPoor
164571,Impatiens parviflora,ForestDryPoor
164572,Impatiens parviflora,ForestDryPoor
164573,Impatiens parviflora,ForestDryPoor
164574,Impatiens parviflora,ForestDryPoor
164575,Impatiens parviflora,ForestDryPoor
164576,Impatiens parviflora,ForestDryPoor
164577,Impatiens parviflora,ForestDryPoor
164578,Impatiens parviflora,ForestDryPoor
164579,Impatiens parviflora,ForestDryPoor
164580,Impatiens parviflora,ForestDryPoor
164581,Impatiens parviflora,ForestDryPoor
164582,Impatiens parviflora,ForestDryPoor
164583,Impatiens parviflora,ForestDryPoor
164584,Impatiens parviflora,ForestDryPoor
164585,Impatiens parviflora,ForestDryPoor
164586,Impatiens parviflora,ForestDryPoor
164587,Impatiens parviflora,ForestDryPoor
164588,Impatiens parviflora,ForestDryPoor
164589,Impatiens parviflora,ForestDryPoor
164590,Impatiens parviflora,ForestDryPoor
164591,Impatiens parviflora,ForestDryPoor
164592,Impatiens parviflora,ForestDryPoor
164593,Impatiens parviflora,ForestDryPoor
164594,Impatiens parviflora,ForestDryPoor
164595,Impatiens parviflora,ForestDryPoor
164596,Impatiens parviflora,ForestDryPoor
164597,Impatiens parviflora,ForestDryPoor
164598,Impatiens parviflora,ForestDryPoor
164599,Impatiens parviflora,ForestDryPoor
164600,Impatiens parviflora,ForestDryPoor
164601,Impatiens parviflora,ForestDryPoor
164602,Impatiens parviflora,ForestDryPoor
164603,Impatiens parviflora,ForestDryPoor
164604,Impatiens parviflora,ForestDryPoor
165162,Impatiens parviflora,ForestDryPoor
165163,Impatiens parviflora,ForestDryPoor
165164,Impatiens parviflora,ForestDryPoor
165165,Impatiens parviflora,ForestDryPoor
165166,Impatiens parviflora,ForestDryPoor
165167,Impatiens parviflora,ForestDryPoor
165168,Impatiens parviflora,ForestDryPoor
165169,Impatiens parviflora,ForestDryPoor
165170,Impatiens parviflora,ForestDryPoor
165171,Impatiens parviflora,ForestDryPoor
165172,Impatiens parviflora,ForestDryPoor
165173,Impatiens parviflora,ForestDryPoor
165174,Impatiens parviflora,ForestDryPoor
165175,Impatiens parviflora,ForestDryPoor
165176,Impatiens parviflora,ForestDryPoor
165177,Impatiens parviflora,ForestDryPoor
165178,Impatiens parviflora,ForestDryPoor
165179,Impatiens parviflora,ForestDryPoor
165180,Impatiens parviflora,ForestDryPoor
165181,Impatiens parviflora,ForestDryPoor
165182,Impatiens parviflora,ForestDryPoor
165183,Impatiens parviflora,ForestDryPoor
165184,Impatiens parviflora,ForestDryPoor
165185,Impatiens parviflora,ForestDryPoor
165186,Impatiens parviflora,ForestDryPoor
165187,Impatiens parviflora,ForestDryPoor
165188,Impatiens parviflora,ForestDryPoor
165189,Impatiens parviflora,ForestDryPoor
165190,Impatiens parviflora,ForestDryPoor
165191,Impatiens parviflora,ForestDryPoor
165192,Impatiens parviflora,ForestDryPoor
165193,Impatiens parviflora,ForestDryPoor
165194,Impatiens parviflora,ForestDryPoor
165195,Impatiens parviflora,ForestDryPoor
165196,Impatiens parviflora,ForestDryPoor
165197,Impatiens parviflora,ForestDryPoor
165198,Impatiens parviflora,ForestDryPoor
165199,Impatiens parviflora,ForestDryPoor
165200,Impatiens parviflora,ForestDryPoor
165201,Impatiens parviflora,ForestDryPoor
165202,Impatiens parviflora,ForestDryPoor
165203,Impatiens parviflora,ForestDryPoor
165761,Impatiens parviflora,ForestDryPoor
165762,Impatiens parviflora,ForestDryPoor
165763,Impatiens parviflora,ForestDryPoor
165764,Impatiens parviflora,ForestDryPoor
165765,Impatiens parviflora,ForestDryPoor
165766,Impatiens parviflora,ForestDryPoor
165767,Impatiens parviflora,ForestDryPoor
165768,Impatiens parviflora,ForestDryPoor
165769,Impatiens parviflora,ForestDryPoor
165770,Impatiens parviflora,ForestDryPoor
165771,Impatiens parviflora,ForestDryPoor
165772,Impatiens parviflora,ForestDryPoor
165773,Impatiens parviflora,ForestDryPoor
165774,Impatiens parviflora,ForestDryPoor
165775,Impatiens parviflora,ForestDryPoor
165776,Impatiens parviflora,ForestDryPoor
165777,Impatiens parviflora,ForestDryPoor
165778,Impatiens parviflora,ForestDryPoor
165779,Impatiens parviflora,ForestDryPoor
165780,Impatiens parviflora,ForestDryPoor
165781,Impatiens parviflora,ForestDryPoor
165782,Impatiens parviflora,ForestDryPoor
165783,Impatiens parviflora,ForestDryPoor
165784,Impatiens parviflora,ForestDryPoor
165785,Impatiens parviflora,ForestDryPoor
165786,Impatiens parviflora,ForestDryPoor
165787,Impatiens parviflora,ForestDryPoor
165788,Impatiens parviflora,ForestDryPoor
165789,Impatiens parviflora,ForestDryPoor
165790,Impatiens parviflora,ForestDryPoor
165791,Impatiens parviflora,ForestDryPoor
165792,Impatiens parviflora,ForestDryPoor
165793,Impatiens parviflora,ForestDryPoor
165794,Impatiens parviflora,ForestDryPoor
165795,Impatiens parviflora,ForestDryPoor
165796,Impatiens parviflora,ForestDryPoor
165797,Impatiens parviflora,ForestDryPoor
165798,Impatiens parviflora,ForestDryPoor
165799,Impatiens parviflora,ForestDryPoor
165800,Impatiens parviflora,ForestDryPoor
165801,Impatiens parviflora,ForestDryPoor
165802,Impatiens parviflora,ForestDryPoor
166360,Impatiens parviflora,ForestDryPoor
166361,Impatiens parviflora,ForestDryPoor
166362,Impatiens parviflora,ForestDryPoor
166363,Impatiens parviflora,ForestDryPoor
166364,Impatiens parviflora,ForestDryPoor
166365,Impatiens parviflora,ForestDryPoor
166366,Impatiens parviflora,ForestDryPoor
166367,Impatiens parviflora,ForestDryPoor
166368,Impatiens parviflora,ForestDryPoor
166369,Impatiens parviflora,ForestDryPoor
166370,Impatiens parviflora,ForestDryPoor
166371,Impatiens parviflora,ForestDryPoor
166372,Impatiens parviflora,ForestDryPoor
166373,Impatiens parviflora,ForestDryPoor
166374,Impatiens parviflora,ForestDryPoor
166375,Impatiens parviflora,ForestDryPoor
166376,Impatiens parviflora,ForestDryPoor
166377,Impatiens parviflora,ForestDryPoor
166378,Impatiens parviflora,ForestDryPoor
166379,Impatiens parviflora,ForestDryPoor
166380,Impatiens parviflora,ForestDryPoor
166381,Impatiens parviflora,ForestDryPoor
166382,Impatiens parviflora,ForestDryPoor
166383,Impatiens parviflora,ForestDryPoor
166384,Impatiens parviflora,ForestDryPoor
166385,Impatiens parviflora,ForestDryPoor
166386,Impatiens parviflora,ForestDryPoor
166387,Impatiens parviflora,ForestDryPoor
166388,Impatiens parviflora,ForestDryPoor
166389,Impatiens parviflora,ForestDryPoor
166390,Impatiens parviflora,ForestDryPoor
166391,Impatiens parviflora,ForestDryPoor
166392,Impatiens parviflora,ForestDryPoor
166393,Impatiens parviflora,ForestDryPoor
166394,Impatiens parviflora,ForestDryPoor
166395,Impatiens parviflora,ForestDryPoor
166396,Impatiens parviflora,ForestDryPoor
166397,Impatiens parviflora,ForestDryPoor
166398,Impatiens parviflora,ForestDryPoor
166399,Impatiens parviflora,ForestDryPoor
166400,Impatiens parviflora,ForestDryPoor
166401,Impatiens parviflora,ForestDryPoor
166959,Impatiens parviflora,ForestDryPoor
166960,Impatiens parviflora,ForestDryPoor
166961,Impatiens parviflora,ForestDryPoor
166962,Impatiens parviflora,ForestDryPoor
166963,Impatiens parviflora,ForestDryPoor
166964,Impatiens parviflora,ForestDryPoor
166965,Impatiens parviflora,ForestDryPoor
166966,Impatiens parviflora,ForestDryPoor
166967,Impatiens parviflora,ForestDryPoor
166968,Impatiens parviflora,ForestDryPoor
166969,Impatiens parviflora,ForestDryPoor
166970,Impatiens parviflora,ForestDryPoor
166971,Impatiens parviflora,ForestDryPoor
166972,Impatiens parviflora,ForestDryPoor
166973,Impatiens parviflora,ForestDryPoor
166974,Impatiens parviflora,ForestDryPoor
166975,Impatiens parviflora,ForestDryPoor
166976,Impatiens parviflora,ForestDryPoor
166977,Impatiens parviflora,ForestDryPoor
166978,Impatiens parviflora,ForestDryPoor
166979,Impatiens parviflora,ForestDryPoor
166980,Impatiens parviflora,ForestDryPoor
166981,Impatiens parviflora,ForestDryPoor
166982,Impatiens parviflora,ForestDryPoor
166983,Impatiens parviflora,ForestDryPoor
166984,Impatiens parviflora,ForestDryPoor
166985,Impatiens parviflora,ForestDryPoor
166986,Impatiens parviflora,ForestDryPoor
166987,Impatiens parviflora,ForestDryPoor
166988,Impatiens parviflora,ForestDryPoor
166989,Impatiens parviflora,ForestDryPoor
166990,Impatiens parviflora,ForestDryPoor
166991,Impatiens parviflora,ForestDryPoor
166992,Impatiens parviflora,ForestDryPoor
166993,Impatiens parviflora,ForestDryPoor
166994,Impatiens parviflora,ForestDryPoor
166995,Impatiens parviflora,ForestDryPoor
166996,Impatiens parviflora,ForestDryPoor
166997,Impatiens parviflora,ForestDryPoor
166998,Impatiens parviflora,ForestDryPoor
166999,Impatiens parviflora,ForestDryPoor
167000,Impatiens parviflora,ForestDryPoor
167558,Impatiens parviflora,ForestDryPoor
167559,Impatiens parviflora,ForestDryPoor
167560,Impatiens parviflora,ForestDryPoor
167561,Impatiens parviflora,ForestDryPoor
167562,Impatiens parviflora,ForestDryPoor
167563,Impatiens parviflora,ForestDryPoor
167564,Impatiens parviflora,ForestDryPoor
167565,Impatiens parviflora,ForestDryPoor
167566,Impatiens parviflora,ForestDryPoor
167567,Impatiens parviflora,ForestDryPoor
167568,Impatiens parviflora,ForestDryPoor
167569,Impatiens parviflora,ForestDryPoor
167570,Impatiens parviflora,ForestDryPoor
167571,Impatiens parviflora,ForestDryPoor
167572,Impatiens parviflora,ForestDryPoor
167573,Impatiens parviflora,ForestDryPoor
167574,Impatiens parviflora,ForestDryPoor
167575,Impatiens parviflora,ForestDryPoor
167576,Impatiens parviflora,ForestDryPoor
167577,Impatiens parviflora,ForestDryPoor
167578,Impatiens parviflora,ForestDryPoor
167579,Impatiens parviflora,ForestDryPoor
167580,Impatiens parviflora,ForestDryPoor
167581,Impatiens parviflora,ForestDryPoor
167582,Impatiens parviflora,ForestDryPoor
167583,Impatiens parviflora,ForestDryPoor
167584,Impatiens parviflora,ForestDryPoor
167585,Impatiens parviflora,ForestDryPoor
167586,Impatiens parviflora,ForestDryPoor
167587,Impatiens parviflora,ForestDryPoor
167588,Impatiens parviflora,ForestDryPoor
167589,Impatiens parviflora,ForestDryPoor
167590,Impatiens parviflora,ForestDryPoor
167591,Impatiens parviflora,ForestDryPoor
167592,Impatiens parviflora,ForestDryPoor
167593,Impatiens parviflora,ForestDryPoor
167594,Impatiens parviflora,ForestDryPoor
167595,Impatiens parviflora,ForestDryPoor
167596,Impatiens parviflora,ForestDryPoor
167597,Impatiens parviflora,ForestDryPoor
167598,Impatiens parviflora,ForestDryPoor
167599,Impatiens parviflora,ForestDryPoor
168157,Impatiens parviflora,ForestDryPoor
168158,Impatiens parviflora,ForestDryPoor
168159,Impatiens parviflora,ForestDryPoor
168160,Impatiens parviflora,ForestDryPoor
168161,Impatiens parviflora,ForestDryPoor
168162,Impatiens parviflora,ForestDryPoor
168163,Impatiens parviflora,ForestDryPoor
168164,Impatiens parviflora,ForestDryPoor
168165,Impatiens parviflora,ForestDryPoor
168166,Impatiens parviflora,ForestDryPoor
168167,Impatiens parviflora,ForestDryPoor
168168,Impatiens parviflora,ForestDryPoor
168169,Impatiens parviflora,ForestDryPoor
168170,Impatiens parviflora,ForestDryPoor
168171,Impatiens parviflora,ForestDryPoor
168172,Impatiens parviflora,ForestDryPoor
168173,Impatiens parviflora,ForestDryPoor
168174,Impatiens parviflora,ForestDryPoor
168175,Impatiens parviflora,ForestDryPoor
168176,Impatiens parviflora,ForestDryPoor
168177,Impatiens parviflora,ForestDryPoor
168178,Impatiens parviflora,ForestDryPoor
168179,Impatiens parviflora,ForestDryPoor
168180,Impatiens parviflora,ForestDryPoor
168181,Impatiens parviflora,ForestDryPoor
168182,Impatiens parviflora,ForestDryPoor
168183,Impatiens parviflora,ForestDryPoor
168184,Impatiens parviflora,ForestDryPoor
168185,Impatiens parviflora,ForestDryPoor
168186,Impatiens parviflora,ForestDryPoor
168187,Impatiens parviflora,ForestDryPoor
168188,Impatiens parviflora,ForestDryPoor
168189,Impatiens parviflora,ForestDryPoor
168190,Impatiens parviflora,ForestDryPoor
168191,Impatiens parviflora,ForestDryPoor
168192,Impatiens parviflora,ForestDryPoor
168193,Impatiens parviflora,ForestDryPoor
168194,Impatiens parviflora,ForestDryPoor
168195,Impatiens parviflora,ForestDryPoor
168196,Impatiens parviflora,ForestDryPoor
168197,Impatiens parviflora,ForestDryPoor
168198,Impatiens parviflora,ForestDryPoor
168756,Impatiens parviflora,ForestDryPoor
168757,Impatiens parviflora,ForestDryPoor
168758,Impatiens parviflora,ForestDryPoor
168759,Impatiens parviflora,ForestDryPoor
168760,Impatiens parviflora,ForestDryPoor
168761,Impatiens parviflora,ForestDryPoor
168762,Impatiens parviflora,ForestDryPoor
168763,Impatiens parviflora,ForestDryPoor
168764,Impatiens parviflora,ForestDryPoor
168765,Impatiens parviflora,ForestDryPoor
168766,Impatiens parviflora,ForestDryPoor
168767,Impatiens parviflora,ForestDryPoor
168768,Impatiens parviflora,ForestDryPoor
168769,Impatiens parviflora,ForestDryPoor
168770,Impatiens parviflora,ForestDryPoor
168771,Impatiens parviflora,ForestDryPoor
168772,Impatiens parviflora,ForestDryPoor
168773,Impatiens parviflora,ForestDryPoor
168774,Impatiens parviflora,ForestDryPoor
168775,Impatiens parviflora,ForestDryPoor
168776,Impatiens parviflora,ForestDryPoor
168777,Impatiens parviflora,ForestDryPoor
168778,Impatiens parviflora,ForestDryPoor
168779,Impatiens parviflora,ForestDryPoor
168780,Impatiens parviflora,ForestDryPoor
168781,Impatiens parviflora,ForestDryPoor
168782,Impatiens parviflora,ForestDryPoor
168783,Impatiens parviflora,ForestDryPoor
168784,Impatiens parviflora,ForestDryPoor
168785,Impatiens parviflora,ForestDryPoor
168786,Impatiens parviflora,ForestDryPoor
168787,Impatiens parviflora,ForestDryPoor
168788,Impatiens parviflora,ForestDryPoor
168789,Impatiens parviflora,ForestDryPoor
168790,Impatiens parviflora,ForestDryPoor
168791,Impatiens parviflora,ForestDryPoor
168792,Impatiens parviflora,ForestDryPoor
168793,Impatiens parviflora,ForestDryPoor
168794,Impatiens parviflora,ForestDryPoor
168795,Impatiens parviflora,ForestDryPoor
168796,Impatiens parviflora,ForestDryPoor
169355,Impatiens parviflora,ForestDryPoor
169356,Impatiens parviflora,ForestDryPoor
169357,Impatiens parviflora,ForestDryPoor
169358,Impatiens parviflora,ForestDryPoor
169359,Impatiens parviflora,ForestDryPoor
169360,Impatiens parviflora,ForestDryPoor
169361,Impatiens parviflora,ForestDryPoor
169362,Impatiens parviflora,ForestDryPoor
169363,Impatiens parviflora,ForestDryPoor
169364,Impatiens parviflora,ForestDryPoor
169365,Impatiens parviflora,ForestDryPoor
169366,Impatiens parviflora,ForestDryPoor
169367,Impatiens parviflora,ForestDryPoor
169368,Impatiens parviflora,ForestDryPoor
169369,Impatiens parviflora,ForestDryPoor
169370,Impatiens parviflora,ForestDryPoor
169371,Impatiens parviflora,ForestDryPoor
169372,Impatiens parviflora,ForestDryPoor
169373,Impatiens parviflora,ForestDryPoor
169374,Impatiens parviflora,ForestDryPoor
169375,Impatiens parviflora,ForestDryPoor
169376,Impatiens parviflora,ForestDryPoor
169377,Impatiens parviflora,ForestDryPoor
169378,Impatiens parviflora,ForestDryPoor
169379,Impatiens parviflora,ForestDryPoor
169380,Impatiens parviflora,ForestDryPoor
169381,Impatiens parviflora,ForestDryPoor
169382,Impatiens parviflora,ForestDryPoor
169383,Impatiens parviflora,ForestDryPoor
169384,Impatiens parviflora,ForestDryPoor
169385,Impatiens parviflora,ForestDryPoor
169386,Impatiens parviflora,ForestDryPoor
169387,Impatiens parviflora,ForestDryPoor
169388,Impatiens parviflora,ForestDryPoor
169389,Impatiens parviflora,ForestDryPoor
169390,Impatiens parviflora,ForestDryPoor
169391,Impatiens parviflora,ForestDryPoor
169392,Impatiens parviflora,ForestDryPoor
169393,Impatiens parviflora,ForestDryPoor
169394,Impatiens parviflora,ForestDryPoor
169395,Impatiens parviflora,ForestDryPoor
169954,Impatiens parviflora,ForestDryPoor
169955,Impatiens parviflora,ForestDryPoor
169956,Impatiens parviflora,ForestDryPoor
169957,Impatiens parviflora,ForestDryPoor
169958,Impatiens parviflora,ForestDryPoor
169959,Impatiens parviflora,ForestDryPoor
169960,Impatiens parviflora,ForestDryPoor
169961,Impatiens parviflora,ForestDryPoor
169962,Impatiens parviflora,ForestDryPoor
169963,Impatiens parviflora,ForestDryPoor
169964,Impatiens parviflora,ForestDryPoor
169965,Impatiens parviflora,ForestDryPoor
169966,Impatiens parviflora,ForestDryPoor
169967,Impatiens parviflora,ForestDryPoor
169968,Impatiens parviflora,ForestDryPoor
169969,Impatiens parviflora,ForestDryPoor
169970,Impatiens parviflora,ForestDryPoor
169971,Impatiens parviflora,ForestDryPoor
169972,Impatiens parviflora,ForestDryPoor
169973,Impatiens parviflora,ForestDryPoor
169974,Impatiens parviflora,ForestDryPoor
169975,Impatiens parviflora,ForestDryPoor
169976,Impatiens parviflora,ForestDryPoor
169977,Impatiens parviflora,ForestDryPoor
169978,Impatiens parviflora,ForestDryPoor
169979,Impatiens parviflora,ForestDryPoor
169980,Impatiens parviflora,ForestDryPoor
169981,Impatiens parviflora,ForestDryPoor
169982,Impatiens parviflora,ForestDryPoor
169983,Impatiens parviflora,ForestDryPoor
169984,Impatiens parviflora,ForestDryPoor
169985,Impatiens parviflora,ForestDryPoor
169986,Impatiens parviflora,ForestDryPoor
169987,Impatiens parviflora,ForestDryPoor
169988,Impatiens parviflora,ForestDryPoor
169989,Impatiens parviflora,ForestDryPoor
169990,Impatiens parviflora,ForestDryPoor
169991,Impatiens parviflora,ForestDryPoor
169992,Impatiens parviflora,ForestDryPoor
169993,Impatiens parviflora,ForestDryPoor
169994,Impatiens parviflora,ForestDryPoor
170593,Impatiens parviflora,ForestDryPoor
