162167,Lathyrus sylvestris,ForestDryPoor
162766,Lathyrus sylvestris,ForestDryPoor
162767,Lathyrus sylvestris,ForestDryPoor
162768,Lathyrus sylvestris,ForestDryPoor
162769,Lathyrus sylvestris,ForestDryPoor
162770,Lathyrus sylvestris,ForestDryPoor
163365,Lathyrus sylvestris,ForestDryPoor
163366,Lathyrus sylvestris,ForestDryPoor
163367,Lathyrus sylvestris,ForestDryPoor
163368,Lathyrus sylvestris,ForestDryPoor
163369,Lathyrus sylvestris,ForestDryPoor
163370,Lathyrus sylvestris,ForestDryPoor
163371,Lathyrus sylvestris,ForestDryPoor
163372,Lathyrus sylvestris,ForestDryPoor
163964,Lathyrus sylvestris,ForestDryPoor
163965,Lathyrus sylvestris,ForestDryPoor
163966,Lathyrus sylvestris,ForestDryPoor
163967,Lathyrus sylvestris,ForestDryPoor
163968,Lathyrus sylvestris,ForestDryPoor
163969,Lathyrus sylvestris,ForestDryPoor
163970,Lathyrus sylvestris,ForestDryPoor
163971,Lathyrus sylvestris,ForestDryPoor
163972,Lathyrus sylvestris,ForestDryPoor
163973,Lathyrus sylvestris,ForestDryPoor
163974,Lathyrus sylvestris,ForestDryPoor
164563,Lathyrus sylvestris,ForestDryPoor
164564,Lathyrus sylvestris,ForestDryPoor
164565,Lathyrus sylvestris,ForestDryPoor
164566,Lathyrus sylvestris,ForestDryPoor
164567,Lathyrus sylvestris,ForestDryPoor
164568,Lathyrus sylvestris,ForestDryPoor
164569,Lathyrus sylvestris,ForestDryPoor
164570,Lathyrus sylvestris,ForestDryPoor
164571,Lathyrus sylvestris,ForestDryPoor
164572,Lathyrus sylvestris,ForestDryPoor
164573,Lathyrus sylvestris,ForestDryPoor
164574,Lathyrus sylvestris,ForestDryPoor
164575,Lathyrus sylvestris,ForestDryPoor
165162,Lathyrus sylvestris,ForestDryPoor
165163,Lathyrus sylvestris,ForestDryPoor
165164,Lathyrus sylvestris,ForestDryPoor
165165,Lathyrus sylvestris,ForestDryPoor
165166,Lathyrus sylvestris,ForestDryPoor
165167,Lathyrus sylvestris,ForestDryPoor
165168,Lathyrus sylvestris,ForestDryPoor
165169,Lathyrus sylvestris,ForestDryPoor
165170,Lathyrus sylvestris,ForestDryPoor
165171,Lathyrus sylvestris,ForestDryPoor
165172,Lathyrus sylvestris,ForestDryPoor
165173,Lathyrus sylvestris,ForestDryPoor
165174,Lathyrus sylvestris,ForestDryPoor
165175,Lathyrus sylvestris,ForestDryPoor
165176,Lathyrus sylvestris,ForestDryPoor
165761,Lathyrus sylvestris,ForestDryPoor
165762,Lathyrus sylvestris,ForestDryPoor
165763,Lathyrus sylvestris,ForestDryPoor
165764,Lathyrus sylvestris,ForestDryPoor
165765,Lathyrus sylvestris,ForestDryPoor
165766,Lathyrus sylvestris,ForestDryPoor
165767,Lathyrus sylvestris,ForestDryPoor
165768,Lathyrus sylvestris,ForestDryPoor
165769,Lathyrus sylvestris,ForestDryPoor
165770,Lathyrus sylvestris,ForestDryPoor
165771,Lathyrus sylvestris,ForestDryPoor
165772,Lathyrus sylvestris,ForestDryPoor
165773,Lathyrus sylvestris,ForestDryPoor
165774,Lathyrus sylvestris,ForestDryPoor
165775,Lathyrus sylvestris,ForestDryPoor
165776,Lathyrus sylvestris,ForestDryPoor
165777,Lathyrus sylvestris,ForestDryPoor
166360,Lathyrus sylvestris,ForestDryPoor
166361,Lathyrus sylvestris,ForestDryPoor
166362,Lathyrus sylvestris,ForestDryPoor
166363,Lathyrus sylvestris,ForestDryPoor
166364,Lathyrus sylvestris,ForestDryPoor
166365,Lathyrus sylvestris,ForestDryPoor
166366,Lathyrus sylvestris,ForestDryPoor
166367,Lathyrus sylvestris,ForestDryPoor
166368,Lathyrus sylvestris,ForestDryPoor
166369,Lathyrus sylvestris,ForestDryPoor
166370,Lathyrus sylvestris,ForestDryPoor
166371,Lathyrus sylvestris,ForestDryPoor
166372,Lathyrus sylvestris,ForestDryPoor
166373,Lathyrus sylvestris,ForestDryPoor
166374,Lathyrus sylvestris,ForestDryPoor
166375,Lathyrus sylvestris,ForestDryPoor
166376,Lathyrus sylvestris,ForestDryPoor
166377,Lathyrus sylvestris,ForestDryPoor
166959,Lathyrus sylvestris,ForestDryPoor
166960,Lathyrus sylvestris,ForestDryPoor
166961,Lathyrus sylvestris,ForestDryPoor
166962,Lathyrus sylvestris,ForestDryPoor
166963,Lathyrus sylvestris,ForestDryPoor
166964,Lathyrus sylvestris,ForestDryPoor
166965,Lathyrus sylvestris,ForestDryPoor
166966,Lathyrus sylvestris,ForestDryPoor
166967,Lathyrus sylvestris,ForestDryPoor
166968,Lathyrus sylvestris,ForestDryPoor
166969,Lathyrus sylvestris,ForestDryPoor
166970,Lathyrus sylvestris,ForestDryPoor
166971,Lathyrus sylvestris,ForestDryPoor
166972,Lathyrus sylvestris,ForestDryPoor
166973,Lathyrus sylvestris,ForestDryPoor
166974,Lathyrus sylvestris,ForestDryPoor
166975,Lathyrus sylvestris,ForestDryPoor
166976,Lathyrus sylvestris,ForestDryPoor
166977,Lathyrus sylvestris,ForestDryPoor
166978,Lathyrus sylvestris,ForestDryPoor
167558,Lathyrus sylvestris,ForestDryPoor
167559,Lathyrus sylvestris,ForestDryPoor
167560,Lathyrus sylvestris,ForestDryPoor
167561,Lathyrus sylvestris,ForestDryPoor
167562,Lathyrus sylvestris,ForestDryPoor
167563,Lathyrus sylvestris,ForestDryPoor
167564,Lathyrus sylvestris,ForestDryPoor
167565,Lathyrus sylvestris,ForestDryPoor
167566,Lathyrus sylvestris,ForestDryPoor
167567,Lathyrus sylvestris,ForestDryPoor
167568,Lathyrus sylvestris,ForestDryPoor
167569,Lathyrus sylvestris,ForestDryPoor
167570,Lathyrus sylvestris,ForestDryPoor
167571,Lathyrus sylvestris,ForestDryPoor
167572,Lathyrus sylvestris,ForestDryPoor
167573,Lathyrus sylvestris,ForestDryPoor
167574,Lathyrus sylvestris,ForestDryPoor
167575,Lathyrus sylvestris,ForestDryPoor
167576,Lathyrus sylvestris,ForestDryPoor
167577,Lathyrus sylvestris,ForestDryPoor
167578,Lathyrus sylvestris,ForestDryPoor
168157,Lathyrus sylvestris,ForestDryPoor
168158,Lathyrus sylvestris,ForestDryPoor
168159,Lathyrus sylvestris,ForestDryPoor
168160,Lathyrus sylvestris,ForestDryPoor
168161,Lathyrus sylvestris,ForestDryPoor
168162,Lathyrus sylvestris,ForestDryPoor
168163,Lathyrus sylvestris,ForestDryPoor
168164,Lathyrus sylvestris,ForestDryPoor
168165,Lathyrus sylvestris,ForestDryPoor
168166,Lathyrus sylvestris,ForestDryPoor
168167,Lathyrus sylvestris,ForestDryPoor
168168,Lathyrus sylvestris,ForestDryPoor
168169,Lathyrus sylvestris,ForestDryPoor
168170,Lathyrus sylvestris,ForestDryPoor
168171,Lathyrus sylvestris,ForestDryPoor
168172,Lathyrus sylvestris,ForestDryPoor
168173,Lathyrus sylvestris,ForestDryPoor
168174,Lathyrus sylvestris,ForestDryPoor
168175,Lathyrus sylvestris,ForestDryPoor
168176,Lathyrus sylvestris,ForestDryPoor
168177,Lathyrus sylvestris,ForestDryPoor
168178,Lathyrus sylvestris,ForestDryPoor
168756,Lathyrus sylvestris,ForestDryPoor
168757,Lathyrus sylvestris,ForestDryPoor
168758,Lathyrus sylvestris,ForestDryPoor
168759,Lathyrus sylvestris,ForestDryPoor
168760,Lathyrus sylvestris,ForestDryPoor
168761,Lathyrus sylvestris,ForestDryPoor
168762,Lathyrus sylvestris,ForestDryPoor
168763,Lathyrus sylvestris,ForestDryPoor
168764,Lathyrus sylvestris,ForestDryPoor
168765,Lathyrus sylvestris,ForestDryPoor
168766,Lathyrus sylvestris,ForestDryPoor
168767,Lathyrus sylvestris,ForestDryPoor
168768,Lathyrus sylvestris,ForestDryPoor
168769,Lathyrus sylvestris,ForestDryPoor
168770,Lathyrus sylvestris,ForestDryPoor
168771,Lathyrus sylvestris,ForestDryPoor
168772,Lathyrus sylvestris,ForestDryPoor
168773,Lathyrus sylvestris,ForestDryPoor
168774,Lathyrus sylvestris,ForestDryPoor
168775,Lathyrus sylvestris,ForestDryPoor
168776,Lathyrus sylvestris,ForestDryPoor
168777,Lathyrus sylvestris,ForestDryPoor
168778,Lathyrus sylvestris,ForestDryPoor
168779,Lathyrus sylvestris,ForestDryPoor
169355,Lathyrus sylvestris,ForestDryPoor
169356,Lathyrus sylvestris,ForestDryPoor
169357,Lathyrus sylvestris,ForestDryPoor
169358,Lathyrus sylvestris,ForestDryPoor
169359,Lathyrus sylvestris,ForestDryPoor
169360,Lathyrus sylvestris,ForestDryPoor
169361,Lathyrus sylvestris,ForestDryPoor
169362,Lathyrus sylvestris,ForestDryPoor
169363,Lathyrus sylvestris,ForestDryPoor
169364,Lathyrus sylvestris,ForestDryPoor
169365,Lathyrus sylvestris,ForestDryPoor
169366,Lathyrus sylvestris,ForestDryPoor
169367,Lathyrus sylvestris,ForestDryPoor
169368,Lathyrus sylvestris,ForestDryPoor
169369,Lathyrus sylvestris,ForestDryPoor
169370,Lathyrus sylvestris,ForestDryPoor
169371,Lathyrus sylvestris,ForestDryPoor
169372,Lathyrus sylvestris,ForestDryPoor
169373,Lathyrus sylvestris,ForestDryPoor
169374,Lathyrus sylvestris,ForestDryPoor
169375,Lathyrus sylvestris,ForestDryPoor
169376,Lathyrus sylvestris,ForestDryPoor
169377,Lathyrus sylvestris,ForestDryPoor
169378,Lathyrus sylvestris,ForestDryPoor
169379,Lathyrus sylvestris,ForestDryPoor
169954,Lathyrus sylvestris,ForestDryPoor
169955,Lathyrus sylvestris,ForestDryPoor
169956,Lathyrus sylvestris,ForestDryPoor
169957,Lathyrus sylvestris,ForestDryPoor
169958,Lathyrus sylvestris,ForestDryPoor
169959,Lathyrus sylvestris,ForestDryPoor
169960,Lathyrus sylvestris,ForestDryPoor
169961,Lathyrus sylvestris,ForestDryPoor
169962,Lathyrus sylvestris,ForestDryPoor
169963,Lathyrus sylvestris,ForestDryPoor
169964,Lathyrus sylvestris,ForestDryPoor
169965,Lathyrus sylvestris,ForestDryPoor
169966,Lathyrus sylvestris,ForestDryPoor
169967,Lathyrus sylvestris,ForestDryPoor
169968,Lathyrus sylvestris,ForestDryPoor
169969,Lathyrus sylvestris,ForestDryPoor
169970,Lathyrus sylvestris,ForestDryPoor
169971,Lathyrus sylvestris,ForestDryPoor
169972,Lathyrus sylvestris,ForestDryPoor
169973,Lathyrus sylvestris,ForestDryPoor
169974,Lathyrus sylvestris,ForestDryPoor
169975,Lathyrus sylvestris,ForestDryPoor
169976,Lathyrus sylvestris,ForestDryPoor
169977,Lathyrus sylvestris,ForestDryPoor
169978,Lathyrus sylvestris,ForestDryPoor
169979,Lathyrus sylvestris,ForestDryPoor
278353,Lathyrus sylvestris,ForestDryPoor
278354,Lathyrus sylvestris,ForestDryPoor
278355,Lathyrus sylvestris,ForestDryPoor
278356,Lathyrus sylvestris,ForestDryPoor
278357,Lathyrus sylvestris,ForestDryPoor
278358,Lathyrus sylvestris,ForestDryPoor
278359,Lathyrus sylvestris,ForestDryPoor
278360,Lathyrus sylvestris,ForestDryPoor
278361,Lathyrus sylvestris,ForestDryPoor
278362,Lathyrus sylvestris,ForestDryPoor
278363,Lathyrus sylvestris,ForestDryPoor
278364,Lathyrus sylvestris,ForestDryPoor
278365,Lathyrus sylvestris,ForestDryPoor
278366,Lathyrus sylvestris,ForestDryPoor
278367,Lathyrus sylvestris,ForestDryPoor
278368,Lathyrus sylvestris,ForestDryPoor
278369,Lathyrus sylvestris,ForestDryPoor
278370,Lathyrus sylvestris,ForestDryPoor
278371,Lathyrus sylvestris,ForestDryPoor
278372,Lathyrus sylvestris,ForestDryPoor
278413,Lathyrus sylvestris,ForestDryPoor
278414,Lathyrus sylvestris,ForestDryPoor
278415,Lathyrus sylvestris,ForestDryPoor
278416,Lathyrus sylvestris,ForestDryPoor
278417,Lathyrus sylvestris,ForestDryPoor
278418,Lathyrus sylvestris,ForestDryPoor
278419,Lathyrus sylvestris,ForestDryPoor
278420,Lathyrus sylvestris,ForestDryPoor
278421,Lathyrus sylvestris,ForestDryPoor
278422,Lathyrus sylvestris,ForestDryPoor
278423,Lathyrus sylvestris,ForestDryPoor
278424,Lathyrus sylvestris,ForestDryPoor
278425,Lathyrus sylvestris,ForestDryPoor
278426,Lathyrus sylvestris,ForestDryPoor
278427,Lathyrus sylvestris,ForestDryPoor
278428,Lathyrus sylvestris,ForestDryPoor
278429,Lathyrus sylvestris,ForestDryPoor
278430,Lathyrus sylvestris,ForestDryPoor
278431,Lathyrus sylvestris,ForestDryPoor
278432,Lathyrus sylvestris,ForestDryPoor
278952,Lathyrus sylvestris,ForestDryPoor
278953,Lathyrus sylvestris,ForestDryPoor
278954,Lathyrus sylvestris,ForestDryPoor
278955,Lathyrus sylvestris,ForestDryPoor
278956,Lathyrus sylvestris,ForestDryPoor
278957,Lathyrus sylvestris,ForestDryPoor
278958,Lathyrus sylvestris,ForestDryPoor
278959,Lathyrus sylvestris,ForestDryPoor
278960,Lathyrus sylvestris,ForestDryPoor
278961,Lathyrus sylvestris,ForestDryPoor
278962,Lathyrus sylvestris,ForestDryPoor
278963,Lathyrus sylvestris,ForestDryPoor
278964,Lathyrus sylvestris,ForestDryPoor
278965,Lathyrus sylvestris,ForestDryPoor
278966,Lathyrus sylvestris,ForestDryPoor
278967,Lathyrus sylvestris,ForestDryPoor
278968,Lathyrus sylvestris,ForestDryPoor
278969,Lathyrus sylvestris,ForestDryPoor
278970,Lathyrus sylvestris,ForestDryPoor
278971,Lathyrus sylvestris,ForestDryPoor
279012,Lathyrus sylvestris,ForestDryPoor
279013,Lathyrus sylvestris,ForestDryPoor
279014,Lathyrus sylvestris,ForestDryPoor
279015,Lathyrus sylvestris,ForestDryPoor
279016,Lathyrus sylvestris,ForestDryPoor
279017,Lathyrus sylvestris,ForestDryPoor
279018,Lathyrus sylvestris,ForestDryPoor
279019,Lathyrus sylvestris,ForestDryPoor
279020,Lathyrus sylvestris,ForestDryPoor
279021,Lathyrus sylvestris,ForestDryPoor
279022,Lathyrus sylvestris,ForestDryPoor
279023,Lathyrus sylvestris,ForestDryPoor
279024,Lathyrus sylvestris,ForestDryPoor
279025,Lathyrus sylvestris,ForestDryPoor
279026,Lathyrus sylvestris,ForestDryPoor
279027,Lathyrus sylvestris,ForestDryPoor
279028,Lathyrus sylvestris,ForestDryPoor
279029,Lathyrus sylvestris,ForestDryPoor
279030,Lathyrus sylvestris,ForestDryPoor
279031,Lathyrus sylvestris,ForestDryPoor
279551,Lathyrus sylvestris,ForestDryPoor
279552,Lathyrus sylvestris,ForestDryPoor
279553,Lathyrus sylvestris,ForestDryPoor
279554,Lathyrus sylvestris,ForestDryPoor
279555,Lathyrus sylvestris,ForestDryPoor
279556,Lathyrus sylvestris,ForestDryPoor
279557,Lathyrus sylvestris,ForestDryPoor
279558,Lathyrus sylvestris,ForestDryPoor
279559,Lathyrus sylvestris,ForestDryPoor
279560,Lathyrus sylvestris,ForestDryPoor
279561,Lathyrus sylvestris,ForestDryPoor
279562,Lathyrus sylvestris,ForestDryPoor
279563,Lathyrus sylvestris,ForestDryPoor
279564,Lathyrus sylvestris,ForestDryPoor
279565,Lathyrus sylvestris,ForestDryPoor
279566,Lathyrus sylvestris,ForestDryPoor
279567,Lathyrus sylvestris,ForestDryPoor
279568,Lathyrus sylvestris,ForestDryPoor
279569,Lathyrus sylvestris,ForestDryPoor
279570,Lathyrus sylvestris,ForestDryPoor
279611,Lathyrus sylvestris,ForestDryPoor
279612,Lathyrus sylvestris,ForestDryPoor
279613,Lathyrus sylvestris,ForestDryPoor
279614,Lathyrus sylvestris,ForestDryPoor
279615,Lathyrus sylvestris,ForestDryPoor
279616,Lathyrus sylvestris,ForestDryPoor
279617,Lathyrus sylvestris,ForestDryPoor
279618,Lathyrus sylvestris,ForestDryPoor
279619,Lathyrus sylvestris,ForestDryPoor
279620,Lathyrus sylvestris,ForestDryPoor
279621,Lathyrus sylvestris,ForestDryPoor
279622,Lathyrus sylvestris,ForestDryPoor
279623,Lathyrus sylvestris,ForestDryPoor
279624,Lathyrus sylvestris,ForestDryPoor
279625,Lathyrus sylvestris,ForestDryPoor
279626,Lathyrus sylvestris,ForestDryPoor
279627,Lathyrus sylvestris,ForestDryPoor
279628,Lathyrus sylvestris,ForestDryPoor
279629,Lathyrus sylvestris,ForestDryPoor
279630,Lathyrus sylvestris,ForestDryPoor
280150,Lathyrus sylvestris,ForestDryPoor
280151,Lathyrus sylvestris,ForestDryPoor
280152,Lathyrus sylvestris,ForestDryPoor
280153,Lathyrus sylvestris,ForestDryPoor
280154,Lathyrus sylvestris,ForestDryPoor
280155,Lathyrus sylvestris,ForestDryPoor
280156,Lathyrus sylvestris,ForestDryPoor
280157,Lathyrus sylvestris,ForestDryPoor
280158,Lathyrus sylvestris,ForestDryPoor
280159,Lathyrus sylvestris,ForestDryPoor
280160,Lathyrus sylvestris,ForestDryPoor
280161,Lathyrus sylvestris,ForestDryPoor
280162,Lathyrus sylvestris,ForestDryPoor
280163,Lathyrus sylvestris,ForestDryPoor
280164,Lathyrus sylvestris,ForestDryPoor
280165,Lathyrus sylvestris,ForestDryPoor
280166,Lathyrus sylvestris,ForestDryPoor
280167,Lathyrus sylvestris,ForestDryPoor
280168,Lathyrus sylvestris,ForestDryPoor
280169,Lathyrus sylvestris,ForestDryPoor
280210,Lathyrus sylvestris,ForestDryPoor
280211,Lathyrus sylvestris,ForestDryPoor
280212,Lathyrus sylvestris,ForestDryPoor
280213,Lathyrus sylvestris,ForestDryPoor
280214,Lathyrus sylvestris,ForestDryPoor
280215,Lathyrus sylvestris,ForestDryPoor
280216,Lathyrus sylvestris,ForestDryPoor
280217,Lathyrus sylvestris,ForestDryPoor
280218,Lathyrus sylvestris,ForestDryPoor
280219,Lathyrus sylvestris,ForestDryPoor
280220,Lathyrus sylvestris,ForestDryPoor
280221,Lathyrus sylvestris,ForestDryPoor
280222,Lathyrus sylvestris,ForestDryPoor
280223,Lathyrus sylvestris,ForestDryPoor
280224,Lathyrus sylvestris,ForestDryPoor
280225,Lathyrus sylvestris,ForestDryPoor
280226,Lathyrus sylvestris,ForestDryPoor
280227,Lathyrus sylvestris,ForestDryPoor
280228,Lathyrus sylvestris,ForestDryPoor
280229,Lathyrus sylvestris,ForestDryPoor
280749,Lathyrus sylvestris,ForestDryPoor
280750,Lathyrus sylvestris,ForestDryPoor
280751,Lathyrus sylvestris,ForestDryPoor
280752,Lathyrus sylvestris,ForestDryPoor
280753,Lathyrus sylvestris,ForestDryPoor
280754,Lathyrus sylvestris,ForestDryPoor
280755,Lathyrus sylvestris,ForestDryPoor
280756,Lathyrus sylvestris,ForestDryPoor
280757,Lathyrus sylvestris,ForestDryPoor
280758,Lathyrus sylvestris,ForestDryPoor
280759,Lathyrus sylvestris,ForestDryPoor
280760,Lathyrus sylvestris,ForestDryPoor
280761,Lathyrus sylvestris,ForestDryPoor
280762,Lathyrus sylvestris,ForestDryPoor
280763,Lathyrus sylvestris,ForestDryPoor
280764,Lathyrus sylvestris,ForestDryPoor
280765,Lathyrus sylvestris,ForestDryPoor
280766,Lathyrus sylvestris,ForestDryPoor
280767,Lathyrus sylvestris,ForestDryPoor
280768,Lathyrus sylvestris,ForestDryPoor
280809,Lathyrus sylvestris,ForestDryPoor
280810,Lathyrus sylvestris,ForestDryPoor
280811,Lathyrus sylvestris,ForestDryPoor
280812,Lathyrus sylvestris,ForestDryPoor
280813,Lathyrus sylvestris,ForestDryPoor
280814,Lathyrus sylvestris,ForestDryPoor
280815,Lathyrus sylvestris,ForestDryPoor
280816,Lathyrus sylvestris,ForestDryPoor
280817,Lathyrus sylvestris,ForestDryPoor
280818,Lathyrus sylvestris,ForestDryPoor
280819,Lathyrus sylvestris,ForestDryPoor
280820,Lathyrus sylvestris,ForestDryPoor
280821,Lathyrus sylvestris,ForestDryPoor
280822,Lathyrus sylvestris,ForestDryPoor
280823,Lathyrus sylvestris,ForestDryPoor
280824,Lathyrus sylvestris,ForestDryPoor
280825,Lathyrus sylvestris,ForestDryPoor
280826,Lathyrus sylvestris,ForestDryPoor
280827,Lathyrus sylvestris,ForestDryPoor
280828,Lathyrus sylvestris,ForestDryPoor
281348,Lathyrus sylvestris,ForestDryPoor
281349,Lathyrus sylvestris,ForestDryPoor
281350,Lathyrus sylvestris,ForestDryPoor
281351,Lathyrus sylvestris,ForestDryPoor
281352,Lathyrus sylvestris,ForestDryPoor
281353,Lathyrus sylvestris,ForestDryPoor
281354,Lathyrus sylvestris,ForestDryPoor
281355,Lathyrus sylvestris,ForestDryPoor
281356,Lathyrus sylvestris,ForestDryPoor
281357,Lathyrus sylvestris,ForestDryPoor
281358,Lathyrus sylvestris,ForestDryPoor
281359,Lathyrus sylvestris,ForestDryPoor
281360,Lathyrus sylvestris,ForestDryPoor
281361,Lathyrus sylvestris,ForestDryPoor
281362,Lathyrus sylvestris,ForestDryPoor
281363,Lathyrus sylvestris,ForestDryPoor
281364,Lathyrus sylvestris,ForestDryPoor
281365,Lathyrus sylvestris,ForestDryPoor
281366,Lathyrus sylvestris,ForestDryPoor
281367,Lathyrus sylvestris,ForestDryPoor
281408,Lathyrus sylvestris,ForestDryPoor
281409,Lathyrus sylvestris,ForestDryPoor
281410,Lathyrus sylvestris,ForestDryPoor
281411,Lathyrus sylvestris,ForestDryPoor
281412,Lathyrus sylvestris,ForestDryPoor
281413,Lathyrus sylvestris,ForestDryPoor
281414,Lathyrus sylvestris,ForestDryPoor
281415,Lathyrus sylvestris,ForestDryPoor
281416,Lathyrus sylvestris,ForestDryPoor
281417,Lathyrus sylvestris,ForestDryPoor
281418,Lathyrus sylvestris,ForestDryPoor
281419,Lathyrus sylvestris,ForestDryPoor
281420,Lathyrus sylvestris,ForestDryPoor
281421,Lathyrus sylvestris,ForestDryPoor
281422,Lathyrus sylvestris,ForestDryPoor
281423,Lathyrus sylvestris,ForestDryPoor
281424,Lathyrus sylvestris,ForestDryPoor
281425,Lathyrus sylvestris,ForestDryPoor
281426,Lathyrus sylvestris,ForestDryPoor
281427,Lathyrus sylvestris,ForestDryPoor
281947,Lathyrus sylvestris,ForestDryPoor
281948,Lathyrus sylvestris,ForestDryPoor
281949,Lathyrus sylvestris,ForestDryPoor
281950,Lathyrus sylvestris,ForestDryPoor
281951,Lathyrus sylvestris,ForestDryPoor
281952,Lathyrus sylvestris,ForestDryPoor
281953,Lathyrus sylvestris,ForestDryPoor
281954,Lathyrus sylvestris,ForestDryPoor
281955,Lathyrus sylvestris,ForestDryPoor
281956,Lathyrus sylvestris,ForestDryPoor
281957,Lathyrus sylvestris,ForestDryPoor
281958,Lathyrus sylvestris,ForestDryPoor
281959,Lathyrus sylvestris,ForestDryPoor
281960,Lathyrus sylvestris,ForestDryPoor
281961,Lathyrus sylvestris,ForestDryPoor
281962,Lathyrus sylvestris,ForestDryPoor
281963,Lathyrus sylvestris,ForestDryPoor
281964,Lathyrus sylvestris,ForestDryPoor
281965,Lathyrus sylvestris,ForestDryPoor
281966,Lathyrus sylvestris,ForestDryPoor
282007,Lathyrus sylvestris,ForestDryPoor
282008,Lathyrus sylvestris,ForestDryPoor
282009,Lathyrus sylvestris,ForestDryPoor
282010,Lathyrus sylvestris,ForestDryPoor
282011,Lathyrus sylvestris,ForestDryPoor
282012,Lathyrus sylvestris,ForestDryPoor
282013,Lathyrus sylvestris,ForestDryPoor
282014,Lathyrus sylvestris,ForestDryPoor
282015,Lathyrus sylvestris,ForestDryPoor
282016,Lathyrus sylvestris,ForestDryPoor
282017,Lathyrus sylvestris,ForestDryPoor
282018,Lathyrus sylvestris,ForestDryPoor
282019,Lathyrus sylvestris,ForestDryPoor
282020,Lathyrus sylvestris,ForestDryPoor
282021,Lathyrus sylvestris,ForestDryPoor
282022,Lathyrus sylvestris,ForestDryPoor
282023,Lathyrus sylvestris,ForestDryPoor
282024,Lathyrus sylvestris,ForestDryPoor
282025,Lathyrus sylvestris,ForestDryPoor
282026,Lathyrus sylvestris,ForestDryPoor
282546,Lathyrus sylvestris,ForestDryPoor
282547,Lathyrus sylvestris,ForestDryPoor
282548,Lathyrus sylvestris,ForestDryPoor
282549,Lathyrus sylvestris,ForestDryPoor
282550,Lathyrus sylvestris,ForestDryPoor
282551,Lathyrus sylvestris,ForestDryPoor
282552,Lathyrus sylvestris,ForestDryPoor
282553,Lathyrus sylvestris,ForestDryPoor
282554,Lathyrus sylvestris,ForestDryPoor
282555,Lathyrus sylvestris,ForestDryPoor
282556,Lathyrus sylvestris,ForestDryPoor
282557,Lathyrus sylvestris,ForestDryPoor
282558,Lathyrus sylvestris,ForestDryPoor
282559,Lathyrus sylvestris,ForestDryPoor
282560,Lathyrus sylvestris,ForestDryPoor
282561,Lathyrus sylvestris,ForestDryPoor
282562,Lathyrus sylvestris,ForestDryPoor
282563,Lathyrus sylvestris,ForestDryPoor
282564,Lathyrus sylvestris,ForestDryPoor
282565,Lathyrus sylvestris,ForestDryPoor
282606,Lathyrus sylvestris,ForestDryPoor
282607,Lathyrus sylvestris,ForestDryPoor
282608,Lathyrus sylvestris,ForestDryPoor
282609,Lathyrus sylvestris,ForestDryPoor
282610,Lathyrus sylvestris,ForestDryPoor
282611,Lathyrus sylvestris,ForestDryPoor
282612,Lathyrus sylvestris,ForestDryPoor
282613,Lathyrus sylvestris,ForestDryPoor
282614,Lathyrus sylvestris,ForestDryPoor
282615,Lathyrus sylvestris,ForestDryPoor
282616,Lathyrus sylvestris,ForestDryPoor
282617,Lathyrus sylvestris,ForestDryPoor
282618,Lathyrus sylvestris,ForestDryPoor
282619,Lathyrus sylvestris,ForestDryPoor
282620,Lathyrus sylvestris,ForestDryPoor
282621,Lathyrus sylvestris,ForestDryPoor
282622,Lathyrus sylvestris,ForestDryPoor
282623,Lathyrus sylvestris,ForestDryPoor
282624,Lathyrus sylvestris,ForestDryPoor
282625,Lathyrus sylvestris,ForestDryPoor
283145,Lathyrus sylvestris,ForestDryPoor
283146,Lathyrus sylvestris,ForestDryPoor
283147,Lathyrus sylvestris,ForestDryPoor
283148,Lathyrus sylvestris,ForestDryPoor
283149,Lathyrus sylvestris,ForestDryPoor
283150,Lathyrus sylvestris,ForestDryPoor
283151,Lathyrus sylvestris,ForestDryPoor
283152,Lathyrus sylvestris,ForestDryPoor
283153,Lathyrus sylvestris,ForestDryPoor
283154,Lathyrus sylvestris,ForestDryPoor
283155,Lathyrus sylvestris,ForestDryPoor
283156,Lathyrus sylvestris,ForestDryPoor
283157,Lathyrus sylvestris,ForestDryPoor
283158,Lathyrus sylvestris,ForestDryPoor
283159,Lathyrus sylvestris,ForestDryPoor
283160,Lathyrus sylvestris,ForestDryPoor
283161,Lathyrus sylvestris,ForestDryPoor
283162,Lathyrus sylvestris,ForestDryPoor
283163,Lathyrus sylvestris,ForestDryPoor
283164,Lathyrus sylvestris,ForestDryPoor
283205,Lathyrus sylvestris,ForestDryPoor
283206,Lathyrus sylvestris,ForestDryPoor
283207,Lathyrus sylvestris,ForestDryPoor
283208,Lathyrus sylvestris,ForestDryPoor
283209,Lathyrus sylvestris,ForestDryPoor
283210,Lathyrus sylvestris,ForestDryPoor
283211,Lathyrus sylvestris,ForestDryPoor
283212,Lathyrus sylvestris,ForestDryPoor
283213,Lathyrus sylvestris,ForestDryPoor
283214,Lathyrus sylvestris,ForestDryPoor
283215,Lathyrus sylvestris,ForestDryPoor
283216,Lathyrus sylvestris,ForestDryPoor
283217,Lathyrus sylvestris,ForestDryPoor
283218,Lathyrus sylvestris,ForestDryPoor
283219,Lathyrus sylvestris,ForestDryPoor
283220,Lathyrus sylvestris,ForestDryPoor
283221,Lathyrus sylvestris,ForestDryPoor
283222,Lathyrus sylvestris,ForestDryPoor
283223,Lathyrus sylvestris,ForestDryPoor
283224,Lathyrus sylvestris,ForestDryPoor
283744,Lathyrus sylvestris,ForestDryPoor
283745,Lathyrus sylvestris,ForestDryPoor
283746,Lathyrus sylvestris,ForestDryPoor
283747,Lathyrus sylvestris,ForestDryPoor
283748,Lathyrus sylvestris,ForestDryPoor
283749,Lathyrus sylvestris,ForestDryPoor
283750,Lathyrus sylvestris,ForestDryPoor
283751,Lathyrus sylvestris,ForestDryPoor
283752,Lathyrus sylvestris,ForestDryPoor
283753,Lathyrus sylvestris,ForestDryPoor
283754,Lathyrus sylvestris,ForestDryPoor
283755,Lathyrus sylvestris,ForestDryPoor
283756,Lathyrus sylvestris,ForestDryPoor
283757,Lathyrus sylvestris,ForestDryPoor
283758,Lathyrus sylvestris,ForestDryPoor
283759,Lathyrus sylvestris,ForestDryPoor
283760,Lathyrus sylvestris,ForestDryPoor
283761,Lathyrus sylvestris,ForestDryPoor
283762,Lathyrus sylvestris,ForestDryPoor
283763,Lathyrus sylvestris,ForestDryPoor
283804,Lathyrus sylvestris,ForestDryPoor
283805,Lathyrus sylvestris,ForestDryPoor
283806,Lathyrus sylvestris,ForestDryPoor
283807,Lathyrus sylvestris,ForestDryPoor
283808,Lathyrus sylvestris,ForestDryPoor
283809,Lathyrus sylvestris,ForestDryPoor
283810,Lathyrus sylvestris,ForestDryPoor
283811,Lathyrus sylvestris,ForestDryPoor
283812,Lathyrus sylvestris,ForestDryPoor
283813,Lathyrus sylvestris,ForestDryPoor
283814,Lathyrus sylvestris,ForestDryPoor
283815,Lathyrus sylvestris,ForestDryPoor
283816,Lathyrus sylvestris,ForestDryPoor
283817,Lathyrus sylvestris,ForestDryPoor
283818,Lathyrus sylvestris,ForestDryPoor
283819,Lathyrus sylvestris,ForestDryPoor
283820,Lathyrus sylvestris,ForestDryPoor
283821,Lathyrus sylvestris,ForestDryPoor
283822,Lathyrus sylvestris,ForestDryPoor
283823,Lathyrus sylvestris,ForestDryPoor
284343,Lathyrus sylvestris,ForestDryPoor
284344,Lathyrus sylvestris,ForestDryPoor
284345,Lathyrus sylvestris,ForestDryPoor
284346,Lathyrus sylvestris,ForestDryPoor
284347,Lathyrus sylvestris,ForestDryPoor
284348,Lathyrus sylvestris,ForestDryPoor
284349,Lathyrus sylvestris,ForestDryPoor
284350,Lathyrus sylvestris,ForestDryPoor
284351,Lathyrus sylvestris,ForestDryPoor
284352,Lathyrus sylvestris,ForestDryPoor
284353,Lathyrus sylvestris,ForestDryPoor
284354,Lathyrus sylvestris,ForestDryPoor
284355,Lathyrus sylvestris,ForestDryPoor
284356,Lathyrus sylvestris,ForestDryPoor
284357,Lathyrus sylvestris,ForestDryPoor
284358,Lathyrus sylvestris,ForestDryPoor
284359,Lathyrus sylvestris,ForestDryPoor
284360,Lathyrus sylvestris,ForestDryPoor
284361,Lathyrus sylvestris,ForestDryPoor
284362,Lathyrus sylvestris,ForestDryPoor
284403,Lathyrus sylvestris,ForestDryPoor
284404,Lathyrus sylvestris,ForestDryPoor
284405,Lathyrus sylvestris,ForestDryPoor
284406,Lathyrus sylvestris,ForestDryPoor
284407,Lathyrus sylvestris,ForestDryPoor
284408,Lathyrus sylvestris,ForestDryPoor
284409,Lathyrus sylvestris,ForestDryPoor
284410,Lathyrus sylvestris,ForestDryPoor
284411,Lathyrus sylvestris,ForestDryPoor
284412,Lathyrus sylvestris,ForestDryPoor
284413,Lathyrus sylvestris,ForestDryPoor
284414,Lathyrus sylvestris,ForestDryPoor
284415,Lathyrus sylvestris,ForestDryPoor
284416,Lathyrus sylvestris,ForestDryPoor
284417,Lathyrus sylvestris,ForestDryPoor
284418,Lathyrus sylvestris,ForestDryPoor
284419,Lathyrus sylvestris,ForestDryPoor
284420,Lathyrus sylvestris,ForestDryPoor
284421,Lathyrus sylvestris,ForestDryPoor
284422,Lathyrus sylvestris,ForestDryPoor
284942,Lathyrus sylvestris,ForestDryPoor
284943,Lathyrus sylvestris,ForestDryPoor
284944,Lathyrus sylvestris,ForestDryPoor
284945,Lathyrus sylvestris,ForestDryPoor
284946,Lathyrus sylvestris,ForestDryPoor
284947,Lathyrus sylvestris,ForestDryPoor
284948,Lathyrus sylvestris,ForestDryPoor
284949,Lathyrus sylvestris,ForestDryPoor
284950,Lathyrus sylvestris,ForestDryPoor
284951,Lathyrus sylvestris,ForestDryPoor
284952,Lathyrus sylvestris,ForestDryPoor
284953,Lathyrus sylvestris,ForestDryPoor
284954,Lathyrus sylvestris,ForestDryPoor
284955,Lathyrus sylvestris,ForestDryPoor
284956,Lathyrus sylvestris,ForestDryPoor
284957,Lathyrus sylvestris,ForestDryPoor
284958,Lathyrus sylvestris,ForestDryPoor
284959,Lathyrus sylvestris,ForestDryPoor
284960,Lathyrus sylvestris,ForestDryPoor
284961,Lathyrus sylvestris,ForestDryPoor
285002,Lathyrus sylvestris,ForestDryPoor
285003,Lathyrus sylvestris,ForestDryPoor
285004,Lathyrus sylvestris,ForestDryPoor
285005,Lathyrus sylvestris,ForestDryPoor
285006,Lathyrus sylvestris,ForestDryPoor
285007,Lathyrus sylvestris,ForestDryPoor
285008,Lathyrus sylvestris,ForestDryPoor
285009,Lathyrus sylvestris,ForestDryPoor
285010,Lathyrus sylvestris,ForestDryPoor
285011,Lathyrus sylvestris,ForestDryPoor
285012,Lathyrus sylvestris,ForestDryPoor
285013,Lathyrus sylvestris,ForestDryPoor
285014,Lathyrus sylvestris,ForestDryPoor
285015,Lathyrus sylvestris,ForestDryPoor
285016,Lathyrus sylvestris,ForestDryPoor
285017,Lathyrus sylvestris,ForestDryPoor
285018,Lathyrus sylvestris,ForestDryPoor
285019,Lathyrus sylvestris,ForestDryPoor
285020,Lathyrus sylvestris,ForestDryPoor
285021,Lathyrus sylvestris,ForestDryPoor
285541,Lathyrus sylvestris,ForestDryPoor
285542,Lathyrus sylvestris,ForestDryPoor
285543,Lathyrus sylvestris,ForestDryPoor
285544,Lathyrus sylvestris,ForestDryPoor
285545,Lathyrus sylvestris,ForestDryPoor
285546,Lathyrus sylvestris,ForestDryPoor
285547,Lathyrus sylvestris,ForestDryPoor
285548,Lathyrus sylvestris,ForestDryPoor
285549,Lathyrus sylvestris,ForestDryPoor
285550,Lathyrus sylvestris,ForestDryPoor
285551,Lathyrus sylvestris,ForestDryPoor
285552,Lathyrus sylvestris,ForestDryPoor
285553,Lathyrus sylvestris,ForestDryPoor
285554,Lathyrus sylvestris,ForestDryPoor
285555,Lathyrus sylvestris,ForestDryPoor
285556,Lathyrus sylvestris,ForestDryPoor
285557,Lathyrus sylvestris,ForestDryPoor
285558,Lathyrus sylvestris,ForestDryPoor
285559,Lathyrus sylvestris,ForestDryPoor
285560,Lathyrus sylvestris,ForestDryPoor
285601,Lathyrus sylvestris,ForestDryPoor
285602,Lathyrus sylvestris,ForestDryPoor
285603,Lathyrus sylvestris,ForestDryPoor
285604,Lathyrus sylvestris,ForestDryPoor
285605,Lathyrus sylvestris,ForestDryPoor
285606,Lathyrus sylvestris,ForestDryPoor
285607,Lathyrus sylvestris,ForestDryPoor
285608,Lathyrus sylvestris,ForestDryPoor
285609,Lathyrus sylvestris,ForestDryPoor
285610,Lathyrus sylvestris,ForestDryPoor
285611,Lathyrus sylvestris,ForestDryPoor
285612,Lathyrus sylvestris,ForestDryPoor
285613,Lathyrus sylvestris,ForestDryPoor
285614,Lathyrus sylvestris,ForestDryPoor
285615,Lathyrus sylvestris,ForestDryPoor
285616,Lathyrus sylvestris,ForestDryPoor
285617,Lathyrus sylvestris,ForestDryPoor
285618,Lathyrus sylvestris,ForestDryPoor
285619,Lathyrus sylvestris,ForestDryPoor
285620,Lathyrus sylvestris,ForestDryPoor
286140,Lathyrus sylvestris,ForestDryPoor
286141,Lathyrus sylvestris,ForestDryPoor
286142,Lathyrus sylvestris,ForestDryPoor
286143,Lathyrus sylvestris,ForestDryPoor
286144,Lathyrus sylvestris,ForestDryPoor
286145,Lathyrus sylvestris,ForestDryPoor
286146,Lathyrus sylvestris,ForestDryPoor
286147,Lathyrus sylvestris,ForestDryPoor
286148,Lathyrus sylvestris,ForestDryPoor
286149,Lathyrus sylvestris,ForestDryPoor
286150,Lathyrus sylvestris,ForestDryPoor
286151,Lathyrus sylvestris,ForestDryPoor
286152,Lathyrus sylvestris,ForestDryPoor
286153,Lathyrus sylvestris,ForestDryPoor
286154,Lathyrus sylvestris,ForestDryPoor
286155,Lathyrus sylvestris,ForestDryPoor
286156,Lathyrus sylvestris,ForestDryPoor
286157,Lathyrus sylvestris,ForestDryPoor
286158,Lathyrus sylvestris,ForestDryPoor
286159,Lathyrus sylvestris,ForestDryPoor
286200,Lathyrus sylvestris,ForestDryPoor
286201,Lathyrus sylvestris,ForestDryPoor
286202,Lathyrus sylvestris,ForestDryPoor
286203,Lathyrus sylvestris,ForestDryPoor
286204,Lathyrus sylvestris,ForestDryPoor
286205,Lathyrus sylvestris,ForestDryPoor
286206,Lathyrus sylvestris,ForestDryPoor
286207,Lathyrus sylvestris,ForestDryPoor
286208,Lathyrus sylvestris,ForestDryPoor
286209,Lathyrus sylvestris,ForestDryPoor
286210,Lathyrus sylvestris,ForestDryPoor
286211,Lathyrus sylvestris,ForestDryPoor
286212,Lathyrus sylvestris,ForestDryPoor
286213,Lathyrus sylvestris,ForestDryPoor
286214,Lathyrus sylvestris,ForestDryPoor
286215,Lathyrus sylvestris,ForestDryPoor
286216,Lathyrus sylvestris,ForestDryPoor
286217,Lathyrus sylvestris,ForestDryPoor
286218,Lathyrus sylvestris,ForestDryPoor
286219,Lathyrus sylvestris,ForestDryPoor
286739,Lathyrus sylvestris,ForestDryPoor
286740,Lathyrus sylvestris,ForestDryPoor
286741,Lathyrus sylvestris,ForestDryPoor
286742,Lathyrus sylvestris,ForestDryPoor
286743,Lathyrus sylvestris,ForestDryPoor
286744,Lathyrus sylvestris,ForestDryPoor
286745,Lathyrus sylvestris,ForestDryPoor
286746,Lathyrus sylvestris,ForestDryPoor
286747,Lathyrus sylvestris,ForestDryPoor
286748,Lathyrus sylvestris,ForestDryPoor
286749,Lathyrus sylvestris,ForestDryPoor
286750,Lathyrus sylvestris,ForestDryPoor
286751,Lathyrus sylvestris,ForestDryPoor
286752,Lathyrus sylvestris,ForestDryPoor
286753,Lathyrus sylvestris,ForestDryPoor
286754,Lathyrus sylvestris,ForestDryPoor
286755,Lathyrus sylvestris,ForestDryPoor
286756,Lathyrus sylvestris,ForestDryPoor
286757,Lathyrus sylvestris,ForestDryPoor
286758,Lathyrus sylvestris,ForestDryPoor
286799,Lathyrus sylvestris,ForestDryPoor
286800,Lathyrus sylvestris,ForestDryPoor
286801,Lathyrus sylvestris,ForestDryPoor
286802,Lathyrus sylvestris,ForestDryPoor
286803,Lathyrus sylvestris,ForestDryPoor
286804,Lathyrus sylvestris,ForestDryPoor
286805,Lathyrus sylvestris,ForestDryPoor
286806,Lathyrus sylvestris,ForestDryPoor
286807,Lathyrus sylvestris,ForestDryPoor
286808,Lathyrus sylvestris,ForestDryPoor
286809,Lathyrus sylvestris,ForestDryPoor
286810,Lathyrus sylvestris,ForestDryPoor
286811,Lathyrus sylvestris,ForestDryPoor
286812,Lathyrus sylvestris,ForestDryPoor
286813,Lathyrus sylvestris,ForestDryPoor
286814,Lathyrus sylvestris,ForestDryPoor
286815,Lathyrus sylvestris,ForestDryPoor
286816,Lathyrus sylvestris,ForestDryPoor
286817,Lathyrus sylvestris,ForestDryPoor
286818,Lathyrus sylvestris,ForestDryPoor
287338,Lathyrus sylvestris,ForestDryPoor
287339,Lathyrus sylvestris,ForestDryPoor
287340,Lathyrus sylvestris,ForestDryPoor
287341,Lathyrus sylvestris,ForestDryPoor
287342,Lathyrus sylvestris,ForestDryPoor
287343,Lathyrus sylvestris,ForestDryPoor
287344,Lathyrus sylvestris,ForestDryPoor
287345,Lathyrus sylvestris,ForestDryPoor
287346,Lathyrus sylvestris,ForestDryPoor
287347,Lathyrus sylvestris,ForestDryPoor
287348,Lathyrus sylvestris,ForestDryPoor
287349,Lathyrus sylvestris,ForestDryPoor
287350,Lathyrus sylvestris,ForestDryPoor
287351,Lathyrus sylvestris,ForestDryPoor
287352,Lathyrus sylvestris,ForestDryPoor
287353,Lathyrus sylvestris,ForestDryPoor
287354,Lathyrus sylvestris,ForestDryPoor
287355,Lathyrus sylvestris,ForestDryPoor
287356,Lathyrus sylvestris,ForestDryPoor
287357,Lathyrus sylvestris,ForestDryPoor
287398,Lathyrus sylvestris,ForestDryPoor
287399,Lathyrus sylvestris,ForestDryPoor
287400,Lathyrus sylvestris,ForestDryPoor
287401,Lathyrus sylvestris,ForestDryPoor
287402,Lathyrus sylvestris,ForestDryPoor
287403,Lathyrus sylvestris,ForestDryPoor
287404,Lathyrus sylvestris,ForestDryPoor
287405,Lathyrus sylvestris,ForestDryPoor
287406,Lathyrus sylvestris,ForestDryPoor
287407,Lathyrus sylvestris,ForestDryPoor
287408,Lathyrus sylvestris,ForestDryPoor
287409,Lathyrus sylvestris,ForestDryPoor
287410,Lathyrus sylvestris,ForestDryPoor
287411,Lathyrus sylvestris,ForestDryPoor
287412,Lathyrus sylvestris,ForestDryPoor
287413,Lathyrus sylvestris,ForestDryPoor
287414,Lathyrus sylvestris,ForestDryPoor
287415,Lathyrus sylvestris,ForestDryPoor
287416,Lathyrus sylvestris,ForestDryPoor
287417,Lathyrus sylvestris,ForestDryPoor
287937,Lathyrus sylvestris,ForestDryPoor
287938,Lathyrus sylvestris,ForestDryPoor
287939,Lathyrus sylvestris,ForestDryPoor
287940,Lathyrus sylvestris,ForestDryPoor
287941,Lathyrus sylvestris,ForestDryPoor
287942,Lathyrus sylvestris,ForestDryPoor
287943,Lathyrus sylvestris,ForestDryPoor
287944,Lathyrus sylvestris,ForestDryPoor
287945,Lathyrus sylvestris,ForestDryPoor
287946,Lathyrus sylvestris,ForestDryPoor
287947,Lathyrus sylvestris,ForestDryPoor
287948,Lathyrus sylvestris,ForestDryPoor
287949,Lathyrus sylvestris,ForestDryPoor
287950,Lathyrus sylvestris,ForestDryPoor
287951,Lathyrus sylvestris,ForestDryPoor
287952,Lathyrus sylvestris,ForestDryPoor
287953,Lathyrus sylvestris,ForestDryPoor
287954,Lathyrus sylvestris,ForestDryPoor
287955,Lathyrus sylvestris,ForestDryPoor
287956,Lathyrus sylvestris,ForestDryPoor
287997,Lathyrus sylvestris,ForestDryPoor
287998,Lathyrus sylvestris,ForestDryPoor
287999,Lathyrus sylvestris,ForestDryPoor
288000,Lathyrus sylvestris,ForestDryPoor
288001,Lathyrus sylvestris,ForestDryPoor
288002,Lathyrus sylvestris,ForestDryPoor
288003,Lathyrus sylvestris,ForestDryPoor
288004,Lathyrus sylvestris,ForestDryPoor
288005,Lathyrus sylvestris,ForestDryPoor
288006,Lathyrus sylvestris,ForestDryPoor
288007,Lathyrus sylvestris,ForestDryPoor
288008,Lathyrus sylvestris,ForestDryPoor
288009,Lathyrus sylvestris,ForestDryPoor
288010,Lathyrus sylvestris,ForestDryPoor
288011,Lathyrus sylvestris,ForestDryPoor
288012,Lathyrus sylvestris,ForestDryPoor
288013,Lathyrus sylvestris,ForestDryPoor
288014,Lathyrus sylvestris,ForestDryPoor
288015,Lathyrus sylvestris,ForestDryPoor
288016,Lathyrus sylvestris,ForestDryPoor
288536,Lathyrus sylvestris,ForestDryPoor
288537,Lathyrus sylvestris,ForestDryPoor
288538,Lathyrus sylvestris,ForestDryPoor
288539,Lathyrus sylvestris,ForestDryPoor
288540,Lathyrus sylvestris,ForestDryPoor
288541,Lathyrus sylvestris,ForestDryPoor
288542,Lathyrus sylvestris,ForestDryPoor
288543,Lathyrus sylvestris,ForestDryPoor
288544,Lathyrus sylvestris,ForestDryPoor
288545,Lathyrus sylvestris,ForestDryPoor
288546,Lathyrus sylvestris,ForestDryPoor
288547,Lathyrus sylvestris,ForestDryPoor
288548,Lathyrus sylvestris,ForestDryPoor
288549,Lathyrus sylvestris,ForestDryPoor
288550,Lathyrus sylvestris,ForestDryPoor
288551,Lathyrus sylvestris,ForestDryPoor
288552,Lathyrus sylvestris,ForestDryPoor
288553,Lathyrus sylvestris,ForestDryPoor
288554,Lathyrus sylvestris,ForestDryPoor
288555,Lathyrus sylvestris,ForestDryPoor
288596,Lathyrus sylvestris,ForestDryPoor
288597,Lathyrus sylvestris,ForestDryPoor
288598,Lathyrus sylvestris,ForestDryPoor
288599,Lathyrus sylvestris,ForestDryPoor
288600,Lathyrus sylvestris,ForestDryPoor
288601,Lathyrus sylvestris,ForestDryPoor
288602,Lathyrus sylvestris,ForestDryPoor
288603,Lathyrus sylvestris,ForestDryPoor
288604,Lathyrus sylvestris,ForestDryPoor
288605,Lathyrus sylvestris,ForestDryPoor
288606,Lathyrus sylvestris,ForestDryPoor
288607,Lathyrus sylvestris,ForestDryPoor
288608,Lathyrus sylvestris,ForestDryPoor
288609,Lathyrus sylvestris,ForestDryPoor
288610,Lathyrus sylvestris,ForestDryPoor
288611,Lathyrus sylvestris,ForestDryPoor
288612,Lathyrus sylvestris,ForestDryPoor
288613,Lathyrus sylvestris,ForestDryPoor
288614,Lathyrus sylvestris,ForestDryPoor
288615,Lathyrus sylvestris,ForestDryPoor
289135,Lathyrus sylvestris,ForestDryPoor
289136,Lathyrus sylvestris,ForestDryPoor
289137,Lathyrus sylvestris,ForestDryPoor
289138,Lathyrus sylvestris,ForestDryPoor
289139,Lathyrus sylvestris,ForestDryPoor
289140,Lathyrus sylvestris,ForestDryPoor
289141,Lathyrus sylvestris,ForestDryPoor
289142,Lathyrus sylvestris,ForestDryPoor
289143,Lathyrus sylvestris,ForestDryPoor
289144,Lathyrus sylvestris,ForestDryPoor
289145,Lathyrus sylvestris,ForestDryPoor
289146,Lathyrus sylvestris,ForestDryPoor
289147,Lathyrus sylvestris,ForestDryPoor
289148,Lathyrus sylvestris,ForestDryPoor
289149,Lathyrus sylvestris,ForestDryPoor
289150,Lathyrus sylvestris,ForestDryPoor
289151,Lathyrus sylvestris,ForestDryPoor
289152,Lathyrus sylvestris,ForestDryPoor
289153,Lathyrus sylvestris,ForestDryPoor
289154,Lathyrus sylvestris,ForestDryPoor
289195,Lathyrus sylvestris,ForestDryPoor
289196,Lathyrus sylvestris,ForestDryPoor
289197,Lathyrus sylvestris,ForestDryPoor
289198,Lathyrus sylvestris,ForestDryPoor
289199,Lathyrus sylvestris,ForestDryPoor
289200,Lathyrus sylvestris,ForestDryPoor
289201,Lathyrus sylvestris,ForestDryPoor
289202,Lathyrus sylvestris,ForestDryPoor
289203,Lathyrus sylvestris,ForestDryPoor
289204,Lathyrus sylvestris,ForestDryPoor
289205,Lathyrus sylvestris,ForestDryPoor
289206,Lathyrus sylvestris,ForestDryPoor
289207,Lathyrus sylvestris,ForestDryPoor
289208,Lathyrus sylvestris,ForestDryPoor
289209,Lathyrus sylvestris,ForestDryPoor
289210,Lathyrus sylvestris,ForestDryPoor
289211,Lathyrus sylvestris,ForestDryPoor
289212,Lathyrus sylvestris,ForestDryPoor
289213,Lathyrus sylvestris,ForestDryPoor
289214,Lathyrus sylvestris,ForestDryPoor
289734,Lathyrus sylvestris,ForestDryPoor
289735,Lathyrus sylvestris,ForestDryPoor
289736,Lathyrus sylvestris,ForestDryPoor
289737,Lathyrus sylvestris,ForestDryPoor
289738,Lathyrus sylvestris,ForestDryPoor
289739,Lathyrus sylvestris,ForestDryPoor
289740,Lathyrus sylvestris,ForestDryPoor
289741,Lathyrus sylvestris,ForestDryPoor
289742,Lathyrus sylvestris,ForestDryPoor
289743,Lathyrus sylvestris,ForestDryPoor
289744,Lathyrus sylvestris,ForestDryPoor
289745,Lathyrus sylvestris,ForestDryPoor
289746,Lathyrus sylvestris,ForestDryPoor
289747,Lathyrus sylvestris,ForestDryPoor
289748,Lathyrus sylvestris,ForestDryPoor
289749,Lathyrus sylvestris,ForestDryPoor
289750,Lathyrus sylvestris,ForestDryPoor
289751,Lathyrus sylvestris,ForestDryPoor
289752,Lathyrus sylvestris,ForestDryPoor
289753,Lathyrus sylvestris,ForestDryPoor
289794,Lathyrus sylvestris,ForestDryPoor
289795,Lathyrus sylvestris,ForestDryPoor
289796,Lathyrus sylvestris,ForestDryPoor
289797,Lathyrus sylvestris,ForestDryPoor
289798,Lathyrus sylvestris,ForestDryPoor
289799,Lathyrus sylvestris,ForestDryPoor
289800,Lathyrus sylvestris,ForestDryPoor
289801,Lathyrus sylvestris,ForestDryPoor
289802,Lathyrus sylvestris,ForestDryPoor
289803,Lathyrus sylvestris,ForestDryPoor
289804,Lathyrus sylvestris,ForestDryPoor
289805,Lathyrus sylvestris,ForestDryPoor
289806,Lathyrus sylvestris,ForestDryPoor
289807,Lathyrus sylvestris,ForestDryPoor
289808,Lathyrus sylvestris,ForestDryPoor
289809,Lathyrus sylvestris,ForestDryPoor
289810,Lathyrus sylvestris,ForestDryPoor
289811,Lathyrus sylvestris,ForestDryPoor
289812,Lathyrus sylvestris,ForestDryPoor
289813,Lathyrus sylvestris,ForestDryPoor
