145970,Luzula pilosa,ForestDryPoor
145971,Luzula pilosa,ForestDryPoor
145972,Luzula pilosa,ForestDryPoor
145973,Luzula pilosa,ForestDryPoor
154400,Luzula pilosa,ForestDryPoor
154999,Luzula pilosa,ForestDryPoor
155000,Luzula pilosa,ForestDryPoor
155598,Luzula pilosa,ForestDryPoor
155599,Luzula pilosa,ForestDryPoor
155600,Luzula pilosa,ForestDryPoor
156197,Luzula pilosa,ForestDryPoor
156198,Luzula pilosa,ForestDryPoor
156199,Luzula pilosa,ForestDryPoor
156200,Luzula pilosa,ForestDryPoor
156796,Luzula pilosa,ForestDryPoor
156797,Luzula pilosa,ForestDryPoor
156798,Luzula pilosa,ForestDryPoor
156799,Luzula pilosa,ForestDryPoor
156800,Luzula pilosa,ForestDryPoor
157395,Luzula pilosa,ForestDryPoor
157396,Luzula pilosa,ForestDryPoor
157397,Luzula pilosa,ForestDryPoor
157398,Luzula pilosa,ForestDryPoor
157399,Luzula pilosa,ForestDryPoor
157400,Luzula pilosa,ForestDryPoor
157994,Luzula pilosa,ForestDryPoor
157995,Luzula pilosa,ForestDryPoor
157996,Luzula pilosa,ForestDryPoor
157997,Luzula pilosa,ForestDryPoor
157998,Luzula pilosa,ForestDryPoor
157999,Luzula pilosa,ForestDryPoor
158573,Luzula pilosa,ForestDryPoor
158574,Luzula pilosa,ForestDryPoor
158575,Luzula pilosa,ForestDryPoor
158576,Luzula pilosa,ForestDryPoor
158577,Luzula pilosa,ForestDryPoor
158578,Luzula pilosa,ForestDryPoor
158579,Luzula pilosa,ForestDryPoor
158580,Luzula pilosa,ForestDryPoor
158581,Luzula pilosa,ForestDryPoor
158582,Luzula pilosa,ForestDryPoor
158583,Luzula pilosa,ForestDryPoor
158584,Luzula pilosa,ForestDryPoor
158585,Luzula pilosa,ForestDryPoor
158586,Luzula pilosa,ForestDryPoor
158587,Luzula pilosa,ForestDryPoor
158588,Luzula pilosa,ForestDryPoor
158589,Luzula pilosa,ForestDryPoor
158590,Luzula pilosa,ForestDryPoor
158591,Luzula pilosa,ForestDryPoor
158592,Luzula pilosa,ForestDryPoor
158593,Luzula pilosa,ForestDryPoor
158594,Luzula pilosa,ForestDryPoor
158595,Luzula pilosa,ForestDryPoor
158596,Luzula pilosa,ForestDryPoor
158597,Luzula pilosa,ForestDryPoor
158598,Luzula pilosa,ForestDryPoor
158599,Luzula pilosa,ForestDryPoor
159172,Luzula pilosa,ForestDryPoor
159173,Luzula pilosa,ForestDryPoor
159174,Luzula pilosa,ForestDryPoor
159175,Luzula pilosa,ForestDryPoor
159176,Luzula pilosa,ForestDryPoor
159177,Luzula pilosa,ForestDryPoor
159178,Luzula pilosa,ForestDryPoor
159179,Luzula pilosa,ForestDryPoor
159180,Luzula pilosa,ForestDryPoor
159181,Luzula pilosa,ForestDryPoor
159182,Luzula pilosa,ForestDryPoor
159183,Luzula pilosa,ForestDryPoor
159184,Luzula pilosa,ForestDryPoor
159185,Luzula pilosa,ForestDryPoor
159186,Luzula pilosa,ForestDryPoor
159187,Luzula pilosa,ForestDryPoor
159188,Luzula pilosa,ForestDryPoor
159189,Luzula pilosa,ForestDryPoor
159190,Luzula pilosa,ForestDryPoor
159191,Luzula pilosa,ForestDryPoor
159192,Luzula pilosa,ForestDryPoor
159193,Luzula pilosa,ForestDryPoor
159194,Luzula pilosa,ForestDryPoor
159195,Luzula pilosa,ForestDryPoor
159196,Luzula pilosa,ForestDryPoor
159197,Luzula pilosa,ForestDryPoor
159198,Luzula pilosa,ForestDryPoor
159771,Luzula pilosa,ForestDryPoor
159772,Luzula pilosa,ForestDryPoor
159773,Luzula pilosa,ForestDryPoor
159774,Luzula pilosa,ForestDryPoor
159775,Luzula pilosa,ForestDryPoor
159776,Luzula pilosa,ForestDryPoor
159777,Luzula pilosa,ForestDryPoor
159778,Luzula pilosa,ForestDryPoor
159779,Luzula pilosa,ForestDryPoor
159780,Luzula pilosa,ForestDryPoor
159781,Luzula pilosa,ForestDryPoor
159782,Luzula pilosa,ForestDryPoor
159783,Luzula pilosa,ForestDryPoor
159784,Luzula pilosa,ForestDryPoor
159785,Luzula pilosa,ForestDryPoor
159786,Luzula pilosa,ForestDryPoor
159787,Luzula pilosa,ForestDryPoor
159788,Luzula pilosa,ForestDryPoor
159789,Luzula pilosa,ForestDryPoor
159790,Luzula pilosa,ForestDryPoor
159791,Luzula pilosa,ForestDryPoor
159792,Luzula pilosa,ForestDryPoor
159793,Luzula pilosa,ForestDryPoor
159794,Luzula pilosa,ForestDryPoor
159795,Luzula pilosa,ForestDryPoor
159796,Luzula pilosa,ForestDryPoor
159797,Luzula pilosa,ForestDryPoor
159798,Luzula pilosa,ForestDryPoor
160370,Luzula pilosa,ForestDryPoor
160371,Luzula pilosa,ForestDryPoor
160372,Luzula pilosa,ForestDryPoor
160373,Luzula pilosa,ForestDryPoor
160374,Luzula pilosa,ForestDryPoor
160375,Luzula pilosa,ForestDryPoor
160376,Luzula pilosa,ForestDryPoor
160377,Luzula pilosa,ForestDryPoor
160378,Luzula pilosa,ForestDryPoor
160379,Luzula pilosa,ForestDryPoor
160380,Luzula pilosa,ForestDryPoor
160381,Luzula pilosa,ForestDryPoor
160382,Luzula pilosa,ForestDryPoor
160383,Luzula pilosa,ForestDryPoor
160384,Luzula pilosa,ForestDryPoor
160385,Luzula pilosa,ForestDryPoor
160386,Luzula pilosa,ForestDryPoor
160387,Luzula pilosa,ForestDryPoor
160388,Luzula pilosa,ForestDryPoor
160389,Luzula pilosa,ForestDryPoor
160390,Luzula pilosa,ForestDryPoor
160391,Luzula pilosa,ForestDryPoor
160392,Luzula pilosa,ForestDryPoor
160393,Luzula pilosa,ForestDryPoor
160394,Luzula pilosa,ForestDryPoor
160395,Luzula pilosa,ForestDryPoor
160396,Luzula pilosa,ForestDryPoor
160397,Luzula pilosa,ForestDryPoor
160398,Luzula pilosa,ForestDryPoor
160969,Luzula pilosa,ForestDryPoor
160970,Luzula pilosa,ForestDryPoor
160971,Luzula pilosa,ForestDryPoor
160972,Luzula pilosa,ForestDryPoor
160973,Luzula pilosa,ForestDryPoor
160974,Luzula pilosa,ForestDryPoor
160975,Luzula pilosa,ForestDryPoor
160976,Luzula pilosa,ForestDryPoor
160977,Luzula pilosa,ForestDryPoor
160978,Luzula pilosa,ForestDryPoor
160979,Luzula pilosa,ForestDryPoor
160980,Luzula pilosa,ForestDryPoor
160981,Luzula pilosa,ForestDryPoor
160982,Luzula pilosa,ForestDryPoor
160983,Luzula pilosa,ForestDryPoor
160984,Luzula pilosa,ForestDryPoor
160985,Luzula pilosa,ForestDryPoor
160986,Luzula pilosa,ForestDryPoor
160987,Luzula pilosa,ForestDryPoor
160988,Luzula pilosa,ForestDryPoor
160989,Luzula pilosa,ForestDryPoor
160990,Luzula pilosa,ForestDryPoor
160991,Luzula pilosa,ForestDryPoor
160992,Luzula pilosa,ForestDryPoor
160993,Luzula pilosa,ForestDryPoor
160994,Luzula pilosa,ForestDryPoor
160995,Luzula pilosa,ForestDryPoor
160996,Luzula pilosa,ForestDryPoor
160997,Luzula pilosa,ForestDryPoor
161568,Luzula pilosa,ForestDryPoor
161569,Luzula pilosa,ForestDryPoor
161570,Luzula pilosa,ForestDryPoor
161571,Luzula pilosa,ForestDryPoor
161572,Luzula pilosa,ForestDryPoor
161573,Luzula pilosa,ForestDryPoor
161574,Luzula pilosa,ForestDryPoor
161575,Luzula pilosa,ForestDryPoor
161576,Luzula pilosa,ForestDryPoor
161577,Luzula pilosa,ForestDryPoor
161578,Luzula pilosa,ForestDryPoor
161579,Luzula pilosa,ForestDryPoor
161580,Luzula pilosa,ForestDryPoor
161581,Luzula pilosa,ForestDryPoor
161582,Luzula pilosa,ForestDryPoor
161583,Luzula pilosa,ForestDryPoor
161584,Luzula pilosa,ForestDryPoor
161585,Luzula pilosa,ForestDryPoor
161586,Luzula pilosa,ForestDryPoor
161587,Luzula pilosa,ForestDryPoor
161588,Luzula pilosa,ForestDryPoor
161589,Luzula pilosa,ForestDryPoor
161590,Luzula pilosa,ForestDryPoor
161591,Luzula pilosa,ForestDryPoor
161592,Luzula pilosa,ForestDryPoor
161593,Luzula pilosa,ForestDryPoor
161594,Luzula pilosa,ForestDryPoor
161595,Luzula pilosa,ForestDryPoor
161596,Luzula pilosa,ForestDryPoor
161597,Luzula pilosa,ForestDryPoor
162167,Luzula pilosa,ForestDryPoor
162168,Luzula pilosa,ForestDryPoor
162169,Luzula pilosa,ForestDryPoor
162170,Luzula pilosa,ForestDryPoor
162171,Luzula pilosa,ForestDryPoor
162172,Luzula pilosa,ForestDryPoor
162173,Luzula pilosa,ForestDryPoor
162174,Luzula pilosa,ForestDryPoor
162175,Luzula pilosa,ForestDryPoor
162176,Luzula pilosa,ForestDryPoor
162177,Luzula pilosa,ForestDryPoor
162178,Luzula pilosa,ForestDryPoor
162179,Luzula pilosa,ForestDryPoor
162180,Luzula pilosa,ForestDryPoor
162181,Luzula pilosa,ForestDryPoor
162182,Luzula pilosa,ForestDryPoor
162183,Luzula pilosa,ForestDryPoor
162184,Luzula pilosa,ForestDryPoor
162185,Luzula pilosa,ForestDryPoor
162186,Luzula pilosa,ForestDryPoor
162187,Luzula pilosa,ForestDryPoor
162188,Luzula pilosa,ForestDryPoor
162189,Luzula pilosa,ForestDryPoor
162190,Luzula pilosa,ForestDryPoor
162191,Luzula pilosa,ForestDryPoor
162192,Luzula pilosa,ForestDryPoor
162193,Luzula pilosa,ForestDryPoor
162194,Luzula pilosa,ForestDryPoor
162195,Luzula pilosa,ForestDryPoor
162196,Luzula pilosa,ForestDryPoor
162766,Luzula pilosa,ForestDryPoor
162767,Luzula pilosa,ForestDryPoor
162768,Luzula pilosa,ForestDryPoor
162769,Luzula pilosa,ForestDryPoor
162770,Luzula pilosa,ForestDryPoor
162771,Luzula pilosa,ForestDryPoor
162772,Luzula pilosa,ForestDryPoor
162773,Luzula pilosa,ForestDryPoor
162774,Luzula pilosa,ForestDryPoor
162775,Luzula pilosa,ForestDryPoor
162776,Luzula pilosa,ForestDryPoor
162777,Luzula pilosa,ForestDryPoor
162778,Luzula pilosa,ForestDryPoor
162779,Luzula pilosa,ForestDryPoor
162780,Luzula pilosa,ForestDryPoor
162781,Luzula pilosa,ForestDryPoor
162782,Luzula pilosa,ForestDryPoor
162783,Luzula pilosa,ForestDryPoor
162784,Luzula pilosa,ForestDryPoor
162785,Luzula pilosa,ForestDryPoor
162786,Luzula pilosa,ForestDryPoor
162787,Luzula pilosa,ForestDryPoor
162788,Luzula pilosa,ForestDryPoor
162789,Luzula pilosa,ForestDryPoor
162790,Luzula pilosa,ForestDryPoor
162791,Luzula pilosa,ForestDryPoor
162792,Luzula pilosa,ForestDryPoor
162793,Luzula pilosa,ForestDryPoor
162794,Luzula pilosa,ForestDryPoor
162795,Luzula pilosa,ForestDryPoor
162796,Luzula pilosa,ForestDryPoor
163365,Luzula pilosa,ForestDryPoor
163366,Luzula pilosa,ForestDryPoor
163367,Luzula pilosa,ForestDryPoor
163368,Luzula pilosa,ForestDryPoor
163369,Luzula pilosa,ForestDryPoor
163370,Luzula pilosa,ForestDryPoor
163371,Luzula pilosa,ForestDryPoor
163372,Luzula pilosa,ForestDryPoor
163373,Luzula pilosa,ForestDryPoor
163374,Luzula pilosa,ForestDryPoor
163375,Luzula pilosa,ForestDryPoor
163376,Luzula pilosa,ForestDryPoor
163377,Luzula pilosa,ForestDryPoor
163378,Luzula pilosa,ForestDryPoor
163379,Luzula pilosa,ForestDryPoor
163380,Luzula pilosa,ForestDryPoor
163381,Luzula pilosa,ForestDryPoor
163382,Luzula pilosa,ForestDryPoor
163383,Luzula pilosa,ForestDryPoor
163384,Luzula pilosa,ForestDryPoor
163385,Luzula pilosa,ForestDryPoor
163386,Luzula pilosa,ForestDryPoor
163387,Luzula pilosa,ForestDryPoor
163388,Luzula pilosa,ForestDryPoor
163389,Luzula pilosa,ForestDryPoor
163390,Luzula pilosa,ForestDryPoor
163391,Luzula pilosa,ForestDryPoor
163392,Luzula pilosa,ForestDryPoor
163393,Luzula pilosa,ForestDryPoor
163394,Luzula pilosa,ForestDryPoor
163395,Luzula pilosa,ForestDryPoor
163964,Luzula pilosa,ForestDryPoor
163965,Luzula pilosa,ForestDryPoor
163966,Luzula pilosa,ForestDryPoor
163967,Luzula pilosa,ForestDryPoor
163968,Luzula pilosa,ForestDryPoor
163969,Luzula pilosa,ForestDryPoor
163970,Luzula pilosa,ForestDryPoor
163971,Luzula pilosa,ForestDryPoor
163972,Luzula pilosa,ForestDryPoor
163973,Luzula pilosa,ForestDryPoor
163974,Luzula pilosa,ForestDryPoor
163975,Luzula pilosa,ForestDryPoor
163976,Luzula pilosa,ForestDryPoor
163977,Luzula pilosa,ForestDryPoor
163978,Luzula pilosa,ForestDryPoor
163979,Luzula pilosa,ForestDryPoor
163980,Luzula pilosa,ForestDryPoor
163981,Luzula pilosa,ForestDryPoor
163982,Luzula pilosa,ForestDryPoor
163983,Luzula pilosa,ForestDryPoor
163984,Luzula pilosa,ForestDryPoor
163985,Luzula pilosa,ForestDryPoor
163986,Luzula pilosa,ForestDryPoor
163987,Luzula pilosa,ForestDryPoor
163988,Luzula pilosa,ForestDryPoor
163989,Luzula pilosa,ForestDryPoor
163990,Luzula pilosa,ForestDryPoor
163991,Luzula pilosa,ForestDryPoor
163992,Luzula pilosa,ForestDryPoor
163993,Luzula pilosa,ForestDryPoor
163994,Luzula pilosa,ForestDryPoor
163995,Luzula pilosa,ForestDryPoor
164563,Luzula pilosa,ForestDryPoor
164564,Luzula pilosa,ForestDryPoor
164565,Luzula pilosa,ForestDryPoor
164566,Luzula pilosa,ForestDryPoor
164567,Luzula pilosa,ForestDryPoor
164568,Luzula pilosa,ForestDryPoor
164569,Luzula pilosa,ForestDryPoor
164570,Luzula pilosa,ForestDryPoor
164571,Luzula pilosa,ForestDryPoor
164572,Luzula pilosa,ForestDryPoor
164573,Luzula pilosa,ForestDryPoor
164574,Luzula pilosa,ForestDryPoor
164575,Luzula pilosa,ForestDryPoor
164576,Luzula pilosa,ForestDryPoor
164577,Luzula pilosa,ForestDryPoor
164578,Luzula pilosa,ForestDryPoor
164579,Luzula pilosa,ForestDryPoor
164580,Luzula pilosa,ForestDryPoor
164581,Luzula pilosa,ForestDryPoor
164582,Luzula pilosa,ForestDryPoor
164583,Luzula pilosa,ForestDryPoor
164584,Luzula pilosa,ForestDryPoor
164585,Luzula pilosa,ForestDryPoor
164586,Luzula pilosa,ForestDryPoor
164587,Luzula pilosa,ForestDryPoor
164588,Luzula pilosa,ForestDryPoor
164589,Luzula pilosa,ForestDryPoor
164590,Luzula pilosa,ForestDryPoor
164591,Luzula pilosa,ForestDryPoor
164592,Luzula pilosa,ForestDryPoor
164593,Luzula pilosa,ForestDryPoor
164594,Luzula pilosa,ForestDryPoor
165162,Luzula pilosa,ForestDryPoor
165163,Luzula pilosa,ForestDryPoor
165164,Luzula pilosa,ForestDryPoor
165165,Luzula pilosa,ForestDryPoor
165166,Luzula pilosa,ForestDryPoor
165167,Luzula pilosa,ForestDryPoor
165168,Luzula pilosa,ForestDryPoor
165169,Luzula pilosa,ForestDryPoor
165170,Luzula pilosa,ForestDryPoor
165171,Luzula pilosa,ForestDryPoor
165172,Luzula pilosa,ForestDryPoor
165173,Luzula pilosa,ForestDryPoor
165174,Luzula pilosa,ForestDryPoor
165175,Luzula pilosa,ForestDryPoor
165176,Luzula pilosa,ForestDryPoor
165177,Luzula pilosa,ForestDryPoor
165178,Luzula pilosa,ForestDryPoor
165179,Luzula pilosa,ForestDryPoor
165180,Luzula pilosa,ForestDryPoor
165181,Luzula pilosa,ForestDryPoor
165182,Luzula pilosa,ForestDryPoor
165183,Luzula pilosa,ForestDryPoor
165184,Luzula pilosa,ForestDryPoor
165185,Luzula pilosa,ForestDryPoor
165186,Luzula pilosa,ForestDryPoor
165187,Luzula pilosa,ForestDryPoor
165188,Luzula pilosa,ForestDryPoor
165189,Luzula pilosa,ForestDryPoor
165190,Luzula pilosa,ForestDryPoor
165191,Luzula pilosa,ForestDryPoor
165192,Luzula pilosa,ForestDryPoor
165193,Luzula pilosa,ForestDryPoor
165761,Luzula pilosa,ForestDryPoor
165762,Luzula pilosa,ForestDryPoor
165763,Luzula pilosa,ForestDryPoor
165764,Luzula pilosa,ForestDryPoor
165765,Luzula pilosa,ForestDryPoor
165766,Luzula pilosa,ForestDryPoor
165767,Luzula pilosa,ForestDryPoor
165768,Luzula pilosa,ForestDryPoor
165769,Luzula pilosa,ForestDryPoor
165770,Luzula pilosa,ForestDryPoor
165771,Luzula pilosa,ForestDryPoor
165772,Luzula pilosa,ForestDryPoor
165773,Luzula pilosa,ForestDryPoor
165774,Luzula pilosa,ForestDryPoor
165775,Luzula pilosa,ForestDryPoor
165776,Luzula pilosa,ForestDryPoor
165777,Luzula pilosa,ForestDryPoor
165778,Luzula pilosa,ForestDryPoor
165779,Luzula pilosa,ForestDryPoor
165780,Luzula pilosa,ForestDryPoor
165781,Luzula pilosa,ForestDryPoor
165782,Luzula pilosa,ForestDryPoor
165783,Luzula pilosa,ForestDryPoor
165784,Luzula pilosa,ForestDryPoor
165785,Luzula pilosa,ForestDryPoor
165786,Luzula pilosa,ForestDryPoor
165787,Luzula pilosa,ForestDryPoor
165788,Luzula pilosa,ForestDryPoor
165789,Luzula pilosa,ForestDryPoor
165790,Luzula pilosa,ForestDryPoor
165791,Luzula pilosa,ForestDryPoor
165792,Luzula pilosa,ForestDryPoor
165793,Luzula pilosa,ForestDryPoor
166360,Luzula pilosa,ForestDryPoor
166361,Luzula pilosa,ForestDryPoor
166362,Luzula pilosa,ForestDryPoor
166363,Luzula pilosa,ForestDryPoor
166364,Luzula pilosa,ForestDryPoor
166365,Luzula pilosa,ForestDryPoor
166366,Luzula pilosa,ForestDryPoor
166367,Luzula pilosa,ForestDryPoor
166368,Luzula pilosa,ForestDryPoor
166369,Luzula pilosa,ForestDryPoor
166370,Luzula pilosa,ForestDryPoor
166371,Luzula pilosa,ForestDryPoor
166372,Luzula pilosa,ForestDryPoor
166373,Luzula pilosa,ForestDryPoor
166374,Luzula pilosa,ForestDryPoor
166375,Luzula pilosa,ForestDryPoor
166376,Luzula pilosa,ForestDryPoor
166377,Luzula pilosa,ForestDryPoor
166378,Luzula pilosa,ForestDryPoor
166379,Luzula pilosa,ForestDryPoor
166380,Luzula pilosa,ForestDryPoor
166381,Luzula pilosa,ForestDryPoor
166382,Luzula pilosa,ForestDryPoor
166383,Luzula pilosa,ForestDryPoor
166384,Luzula pilosa,ForestDryPoor
166385,Luzula pilosa,ForestDryPoor
166386,Luzula pilosa,ForestDryPoor
166387,Luzula pilosa,ForestDryPoor
166388,Luzula pilosa,ForestDryPoor
166389,Luzula pilosa,ForestDryPoor
166390,Luzula pilosa,ForestDryPoor
166391,Luzula pilosa,ForestDryPoor
166392,Luzula pilosa,ForestDryPoor
166959,Luzula pilosa,ForestDryPoor
166960,Luzula pilosa,ForestDryPoor
166961,Luzula pilosa,ForestDryPoor
166962,Luzula pilosa,ForestDryPoor
166963,Luzula pilosa,ForestDryPoor
166964,Luzula pilosa,ForestDryPoor
166965,Luzula pilosa,ForestDryPoor
166966,Luzula pilosa,ForestDryPoor
166967,Luzula pilosa,ForestDryPoor
166968,Luzula pilosa,ForestDryPoor
166969,Luzula pilosa,ForestDryPoor
166970,Luzula pilosa,ForestDryPoor
166971,Luzula pilosa,ForestDryPoor
166972,Luzula pilosa,ForestDryPoor
166973,Luzula pilosa,ForestDryPoor
166974,Luzula pilosa,ForestDryPoor
166975,Luzula pilosa,ForestDryPoor
166976,Luzula pilosa,ForestDryPoor
166977,Luzula pilosa,ForestDryPoor
166978,Luzula pilosa,ForestDryPoor
166979,Luzula pilosa,ForestDryPoor
166980,Luzula pilosa,ForestDryPoor
166981,Luzula pilosa,ForestDryPoor
166982,Luzula pilosa,ForestDryPoor
166983,Luzula pilosa,ForestDryPoor
166984,Luzula pilosa,ForestDryPoor
166985,Luzula pilosa,ForestDryPoor
166986,Luzula pilosa,ForestDryPoor
166987,Luzula pilosa,ForestDryPoor
166988,Luzula pilosa,ForestDryPoor
166989,Luzula pilosa,ForestDryPoor
166990,Luzula pilosa,ForestDryPoor
166991,Luzula pilosa,ForestDryPoor
167558,Luzula pilosa,ForestDryPoor
167559,Luzula pilosa,ForestDryPoor
167560,Luzula pilosa,ForestDryPoor
167561,Luzula pilosa,ForestDryPoor
167562,Luzula pilosa,ForestDryPoor
167563,Luzula pilosa,ForestDryPoor
167564,Luzula pilosa,ForestDryPoor
167565,Luzula pilosa,ForestDryPoor
167566,Luzula pilosa,ForestDryPoor
167567,Luzula pilosa,ForestDryPoor
167568,Luzula pilosa,ForestDryPoor
167569,Luzula pilosa,ForestDryPoor
167570,Luzula pilosa,ForestDryPoor
167571,Luzula pilosa,ForestDryPoor
167572,Luzula pilosa,ForestDryPoor
167573,Luzula pilosa,ForestDryPoor
167574,Luzula pilosa,ForestDryPoor
167575,Luzula pilosa,ForestDryPoor
167576,Luzula pilosa,ForestDryPoor
167577,Luzula pilosa,ForestDryPoor
167578,Luzula pilosa,ForestDryPoor
167579,Luzula pilosa,ForestDryPoor
167580,Luzula pilosa,ForestDryPoor
167581,Luzula pilosa,ForestDryPoor
167582,Luzula pilosa,ForestDryPoor
167583,Luzula pilosa,ForestDryPoor
167584,Luzula pilosa,ForestDryPoor
167585,Luzula pilosa,ForestDryPoor
167586,Luzula pilosa,ForestDryPoor
167587,Luzula pilosa,ForestDryPoor
167588,Luzula pilosa,ForestDryPoor
167589,Luzula pilosa,ForestDryPoor
167590,Luzula pilosa,ForestDryPoor
167591,Luzula pilosa,ForestDryPoor
168157,Luzula pilosa,ForestDryPoor
168158,Luzula pilosa,ForestDryPoor
168159,Luzula pilosa,ForestDryPoor
168160,Luzula pilosa,ForestDryPoor
168161,Luzula pilosa,ForestDryPoor
168162,Luzula pilosa,ForestDryPoor
168163,Luzula pilosa,ForestDryPoor
168164,Luzula pilosa,ForestDryPoor
168165,Luzula pilosa,ForestDryPoor
168166,Luzula pilosa,ForestDryPoor
168167,Luzula pilosa,ForestDryPoor
168168,Luzula pilosa,ForestDryPoor
168169,Luzula pilosa,ForestDryPoor
168170,Luzula pilosa,ForestDryPoor
168171,Luzula pilosa,ForestDryPoor
168172,Luzula pilosa,ForestDryPoor
168173,Luzula pilosa,ForestDryPoor
168174,Luzula pilosa,ForestDryPoor
168175,Luzula pilosa,ForestDryPoor
168176,Luzula pilosa,ForestDryPoor
168177,Luzula pilosa,ForestDryPoor
168178,Luzula pilosa,ForestDryPoor
168179,Luzula pilosa,ForestDryPoor
168180,Luzula pilosa,ForestDryPoor
168181,Luzula pilosa,ForestDryPoor
168182,Luzula pilosa,ForestDryPoor
168183,Luzula pilosa,ForestDryPoor
168184,Luzula pilosa,ForestDryPoor
168185,Luzula pilosa,ForestDryPoor
168186,Luzula pilosa,ForestDryPoor
168187,Luzula pilosa,ForestDryPoor
168188,Luzula pilosa,ForestDryPoor
168189,Luzula pilosa,ForestDryPoor
168190,Luzula pilosa,ForestDryPoor
168756,Luzula pilosa,ForestDryPoor
168757,Luzula pilosa,ForestDryPoor
168758,Luzula pilosa,ForestDryPoor
168759,Luzula pilosa,ForestDryPoor
168760,Luzula pilosa,ForestDryPoor
168761,Luzula pilosa,ForestDryPoor
168762,Luzula pilosa,ForestDryPoor
168763,Luzula pilosa,ForestDryPoor
168764,Luzula pilosa,ForestDryPoor
168765,Luzula pilosa,ForestDryPoor
168766,Luzula pilosa,ForestDryPoor
168767,Luzula pilosa,ForestDryPoor
168768,Luzula pilosa,ForestDryPoor
168769,Luzula pilosa,ForestDryPoor
168770,Luzula pilosa,ForestDryPoor
168771,Luzula pilosa,ForestDryPoor
168772,Luzula pilosa,ForestDryPoor
168773,Luzula pilosa,ForestDryPoor
168774,Luzula pilosa,ForestDryPoor
168775,Luzula pilosa,ForestDryPoor
168776,Luzula pilosa,ForestDryPoor
168777,Luzula pilosa,ForestDryPoor
168778,Luzula pilosa,ForestDryPoor
168779,Luzula pilosa,ForestDryPoor
168780,Luzula pilosa,ForestDryPoor
168781,Luzula pilosa,ForestDryPoor
168782,Luzula pilosa,ForestDryPoor
168783,Luzula pilosa,ForestDryPoor
168784,Luzula pilosa,ForestDryPoor
168785,Luzula pilosa,ForestDryPoor
168786,Luzula pilosa,ForestDryPoor
168787,Luzula pilosa,ForestDryPoor
168788,Luzula pilosa,ForestDryPoor
168789,Luzula pilosa,ForestDryPoor
169355,Luzula pilosa,ForestDryPoor
169356,Luzula pilosa,ForestDryPoor
169357,Luzula pilosa,ForestDryPoor
169358,Luzula pilosa,ForestDryPoor
169359,Luzula pilosa,ForestDryPoor
169360,Luzula pilosa,ForestDryPoor
169361,Luzula pilosa,ForestDryPoor
169362,Luzula pilosa,ForestDryPoor
169363,Luzula pilosa,ForestDryPoor
169364,Luzula pilosa,ForestDryPoor
169365,Luzula pilosa,ForestDryPoor
169366,Luzula pilosa,ForestDryPoor
169367,Luzula pilosa,ForestDryPoor
169368,Luzula pilosa,ForestDryPoor
169369,Luzula pilosa,ForestDryPoor
169370,Luzula pilosa,ForestDryPoor
169371,Luzula pilosa,ForestDryPoor
169372,Luzula pilosa,ForestDryPoor
169373,Luzula pilosa,ForestDryPoor
169374,Luzula pilosa,ForestDryPoor
169375,Luzula pilosa,ForestDryPoor
169376,Luzula pilosa,ForestDryPoor
169377,Luzula pilosa,ForestDryPoor
169378,Luzula pilosa,ForestDryPoor
169379,Luzula pilosa,ForestDryPoor
169380,Luzula pilosa,ForestDryPoor
169381,Luzula pilosa,ForestDryPoor
169382,Luzula pilosa,ForestDryPoor
169383,Luzula pilosa,ForestDryPoor
169384,Luzula pilosa,ForestDryPoor
169385,Luzula pilosa,ForestDryPoor
169386,Luzula pilosa,ForestDryPoor
169387,Luzula pilosa,ForestDryPoor
169388,Luzula pilosa,ForestDryPoor
169954,Luzula pilosa,ForestDryPoor
169955,Luzula pilosa,ForestDryPoor
169956,Luzula pilosa,ForestDryPoor
169957,Luzula pilosa,ForestDryPoor
169958,Luzula pilosa,ForestDryPoor
169959,Luzula pilosa,ForestDryPoor
169960,Luzula pilosa,ForestDryPoor
169961,Luzula pilosa,ForestDryPoor
169962,Luzula pilosa,ForestDryPoor
169963,Luzula pilosa,ForestDryPoor
169964,Luzula pilosa,ForestDryPoor
169965,Luzula pilosa,ForestDryPoor
169966,Luzula pilosa,ForestDryPoor
169967,Luzula pilosa,ForestDryPoor
169968,Luzula pilosa,ForestDryPoor
169969,Luzula pilosa,ForestDryPoor
169970,Luzula pilosa,ForestDryPoor
169971,Luzula pilosa,ForestDryPoor
169972,Luzula pilosa,ForestDryPoor
169973,Luzula pilosa,ForestDryPoor
169974,Luzula pilosa,ForestDryPoor
169975,Luzula pilosa,ForestDryPoor
169976,Luzula pilosa,ForestDryPoor
169977,Luzula pilosa,ForestDryPoor
169978,Luzula pilosa,ForestDryPoor
169979,Luzula pilosa,ForestDryPoor
169980,Luzula pilosa,ForestDryPoor
169981,Luzula pilosa,ForestDryPoor
169982,Luzula pilosa,ForestDryPoor
169983,Luzula pilosa,ForestDryPoor
169984,Luzula pilosa,ForestDryPoor
169985,Luzula pilosa,ForestDryPoor
169986,Luzula pilosa,ForestDryPoor
169987,Luzula pilosa,ForestDryPoor
169988,Luzula pilosa,ForestDryPoor
182470,Luzula pilosa,ForestDryPoor
182471,Luzula pilosa,ForestDryPoor
182472,Luzula pilosa,ForestDryPoor
183069,Luzula pilosa,ForestDryPoor
183070,Luzula pilosa,ForestDryPoor
183071,Luzula pilosa,ForestDryPoor
183669,Luzula pilosa,ForestDryPoor
183670,Luzula pilosa,ForestDryPoor
184268,Luzula pilosa,ForestDryPoor
184269,Luzula pilosa,ForestDryPoor
184867,Luzula pilosa,ForestDryPoor
184868,Luzula pilosa,ForestDryPoor
185467,Luzula pilosa,ForestDryPoor
186066,Luzula pilosa,ForestDryPoor
186665,Luzula pilosa,ForestDryPoor
