182453,Matricaria discoidea,ForestDryPoor
182454,Matricaria discoidea,ForestDryPoor
182455,Matricaria discoidea,ForestDryPoor
182456,Matricaria discoidea,ForestDryPoor
182457,Matricaria discoidea,ForestDryPoor
182458,Matricaria discoidea,ForestDryPoor
182459,Matricaria discoidea,ForestDryPoor
182460,Matricaria discoidea,ForestDryPoor
182461,Matricaria discoidea,ForestDryPoor
182462,Matricaria discoidea,ForestDryPoor
182463,Matricaria discoidea,ForestDryPoor
182464,Matricaria discoidea,ForestDryPoor
182465,Matricaria discoidea,ForestDryPoor
182466,Matricaria discoidea,ForestDryPoor
182467,Matricaria discoidea,ForestDryPoor
182468,Matricaria discoidea,ForestDryPoor
182469,Matricaria discoidea,ForestDryPoor
182470,Matricaria discoidea,ForestDryPoor
182471,Matricaria discoidea,ForestDryPoor
182472,Matricaria discoidea,ForestDryPoor
183052,Matricaria discoidea,ForestDryPoor
183053,Matricaria discoidea,ForestDryPoor
183054,Matricaria discoidea,ForestDryPoor
183055,Matricaria discoidea,ForestDryPoor
183056,Matricaria discoidea,ForestDryPoor
183057,Matricaria discoidea,ForestDryPoor
183058,Matricaria discoidea,ForestDryPoor
183059,Matricaria discoidea,ForestDryPoor
183060,Matricaria discoidea,ForestDryPoor
183061,Matricaria discoidea,ForestDryPoor
183062,Matricaria discoidea,ForestDryPoor
183063,Matricaria discoidea,ForestDryPoor
183064,Matricaria discoidea,ForestDryPoor
183065,Matricaria discoidea,ForestDryPoor
183066,Matricaria discoidea,ForestDryPoor
183067,Matricaria discoidea,ForestDryPoor
183068,Matricaria discoidea,ForestDryPoor
183069,Matricaria discoidea,ForestDryPoor
183070,Matricaria discoidea,ForestDryPoor
183071,Matricaria discoidea,ForestDryPoor
183651,Matricaria discoidea,ForestDryPoor
183652,Matricaria discoidea,ForestDryPoor
183653,Matricaria discoidea,ForestDryPoor
183654,Matricaria discoidea,ForestDryPoor
183655,Matricaria discoidea,ForestDryPoor
183656,Matricaria discoidea,ForestDryPoor
183657,Matricaria discoidea,ForestDryPoor
183658,Matricaria discoidea,ForestDryPoor
183659,Matricaria discoidea,ForestDryPoor
183660,Matricaria discoidea,ForestDryPoor
183661,Matricaria discoidea,ForestDryPoor
183662,Matricaria discoidea,ForestDryPoor
183663,Matricaria discoidea,ForestDryPoor
183664,Matricaria discoidea,ForestDryPoor
183665,Matricaria discoidea,ForestDryPoor
183666,Matricaria discoidea,ForestDryPoor
183667,Matricaria discoidea,ForestDryPoor
183668,Matricaria discoidea,ForestDryPoor
183669,Matricaria discoidea,ForestDryPoor
183670,Matricaria discoidea,ForestDryPoor
184250,Matricaria discoidea,ForestDryPoor
184251,Matricaria discoidea,ForestDryPoor
184252,Matricaria discoidea,ForestDryPoor
184253,Matricaria discoidea,ForestDryPoor
184254,Matricaria discoidea,ForestDryPoor
184255,Matricaria discoidea,ForestDryPoor
184256,Matricaria discoidea,ForestDryPoor
184257,Matricaria discoidea,ForestDryPoor
184258,Matricaria discoidea,ForestDryPoor
184259,Matricaria discoidea,ForestDryPoor
184260,Matricaria discoidea,ForestDryPoor
184261,Matricaria discoidea,ForestDryPoor
184262,Matricaria discoidea,ForestDryPoor
184263,Matricaria discoidea,ForestDryPoor
184264,Matricaria discoidea,ForestDryPoor
184265,Matricaria discoidea,ForestDryPoor
184266,Matricaria discoidea,ForestDryPoor
184267,Matricaria discoidea,ForestDryPoor
184268,Matricaria discoidea,ForestDryPoor
184269,Matricaria discoidea,ForestDryPoor
184849,Matricaria discoidea,ForestDryPoor
184850,Matricaria discoidea,ForestDryPoor
184851,Matricaria discoidea,ForestDryPoor
184852,Matricaria discoidea,ForestDryPoor
184853,Matricaria discoidea,ForestDryPoor
184854,Matricaria discoidea,ForestDryPoor
184855,Matricaria discoidea,ForestDryPoor
184856,Matricaria discoidea,ForestDryPoor
184857,Matricaria discoidea,ForestDryPoor
184858,Matricaria discoidea,ForestDryPoor
184859,Matricaria discoidea,ForestDryPoor
184860,Matricaria discoidea,ForestDryPoor
184861,Matricaria discoidea,ForestDryPoor
184862,Matricaria discoidea,ForestDryPoor
184863,Matricaria discoidea,ForestDryPoor
184864,Matricaria discoidea,ForestDryPoor
184865,Matricaria discoidea,ForestDryPoor
184866,Matricaria discoidea,ForestDryPoor
184867,Matricaria discoidea,ForestDryPoor
184868,Matricaria discoidea,ForestDryPoor
185448,Matricaria discoidea,ForestDryPoor
185449,Matricaria discoidea,ForestDryPoor
185450,Matricaria discoidea,ForestDryPoor
185451,Matricaria discoidea,ForestDryPoor
185452,Matricaria discoidea,ForestDryPoor
185453,Matricaria discoidea,ForestDryPoor
185454,Matricaria discoidea,ForestDryPoor
185455,Matricaria discoidea,ForestDryPoor
185456,Matricaria discoidea,ForestDryPoor
185457,Matricaria discoidea,ForestDryPoor
185458,Matricaria discoidea,ForestDryPoor
185459,Matricaria discoidea,ForestDryPoor
185460,Matricaria discoidea,ForestDryPoor
185461,Matricaria discoidea,ForestDryPoor
185462,Matricaria discoidea,ForestDryPoor
185463,Matricaria discoidea,ForestDryPoor
185464,Matricaria discoidea,ForestDryPoor
185465,Matricaria discoidea,ForestDryPoor
185466,Matricaria discoidea,ForestDryPoor
185467,Matricaria discoidea,ForestDryPoor
186047,Matricaria discoidea,ForestDryPoor
186048,Matricaria discoidea,ForestDryPoor
186049,Matricaria discoidea,ForestDryPoor
186050,Matricaria discoidea,ForestDryPoor
186051,Matricaria discoidea,ForestDryPoor
186052,Matricaria discoidea,ForestDryPoor
186053,Matricaria discoidea,ForestDryPoor
186054,Matricaria discoidea,ForestDryPoor
186055,Matricaria discoidea,ForestDryPoor
186056,Matricaria discoidea,ForestDryPoor
186057,Matricaria discoidea,ForestDryPoor
186058,Matricaria discoidea,ForestDryPoor
186059,Matricaria discoidea,ForestDryPoor
186060,Matricaria discoidea,ForestDryPoor
186061,Matricaria discoidea,ForestDryPoor
186062,Matricaria discoidea,ForestDryPoor
186063,Matricaria discoidea,ForestDryPoor
186064,Matricaria discoidea,ForestDryPoor
186065,Matricaria discoidea,ForestDryPoor
186066,Matricaria discoidea,ForestDryPoor
186646,Matricaria discoidea,ForestDryPoor
186647,Matricaria discoidea,ForestDryPoor
186648,Matricaria discoidea,ForestDryPoor
186649,Matricaria discoidea,ForestDryPoor
186650,Matricaria discoidea,ForestDryPoor
186651,Matricaria discoidea,ForestDryPoor
186652,Matricaria discoidea,ForestDryPoor
186653,Matricaria discoidea,ForestDryPoor
186654,Matricaria discoidea,ForestDryPoor
186655,Matricaria discoidea,ForestDryPoor
186656,Matricaria discoidea,ForestDryPoor
186657,Matricaria discoidea,ForestDryPoor
186658,Matricaria discoidea,ForestDryPoor
186659,Matricaria discoidea,ForestDryPoor
186660,Matricaria discoidea,ForestDryPoor
186661,Matricaria discoidea,ForestDryPoor
186662,Matricaria discoidea,ForestDryPoor
186663,Matricaria discoidea,ForestDryPoor
186664,Matricaria discoidea,ForestDryPoor
186665,Matricaria discoidea,ForestDryPoor
187245,Matricaria discoidea,ForestDryPoor
187246,Matricaria discoidea,ForestDryPoor
187247,Matricaria discoidea,ForestDryPoor
187248,Matricaria discoidea,ForestDryPoor
187249,Matricaria discoidea,ForestDryPoor
187250,Matricaria discoidea,ForestDryPoor
187251,Matricaria discoidea,ForestDryPoor
187252,Matricaria discoidea,ForestDryPoor
187253,Matricaria discoidea,ForestDryPoor
187254,Matricaria discoidea,ForestDryPoor
187255,Matricaria discoidea,ForestDryPoor
187256,Matricaria discoidea,ForestDryPoor
187257,Matricaria discoidea,ForestDryPoor
187258,Matricaria discoidea,ForestDryPoor
187259,Matricaria discoidea,ForestDryPoor
187260,Matricaria discoidea,ForestDryPoor
187261,Matricaria discoidea,ForestDryPoor
187262,Matricaria discoidea,ForestDryPoor
187263,Matricaria discoidea,ForestDryPoor
187264,Matricaria discoidea,ForestDryPoor
187844,Matricaria discoidea,ForestDryPoor
187845,Matricaria discoidea,ForestDryPoor
187846,Matricaria discoidea,ForestDryPoor
187847,Matricaria discoidea,ForestDryPoor
187848,Matricaria discoidea,ForestDryPoor
187849,Matricaria discoidea,ForestDryPoor
187850,Matricaria discoidea,ForestDryPoor
187851,Matricaria discoidea,ForestDryPoor
187852,Matricaria discoidea,ForestDryPoor
187853,Matricaria discoidea,ForestDryPoor
187854,Matricaria discoidea,ForestDryPoor
187855,Matricaria discoidea,ForestDryPoor
187856,Matricaria discoidea,ForestDryPoor
187857,Matricaria discoidea,ForestDryPoor
187858,Matricaria discoidea,ForestDryPoor
187859,Matricaria discoidea,ForestDryPoor
187860,Matricaria discoidea,ForestDryPoor
187861,Matricaria discoidea,ForestDryPoor
187862,Matricaria discoidea,ForestDryPoor
188443,Matricaria discoidea,ForestDryPoor
188444,Matricaria discoidea,ForestDryPoor
188445,Matricaria discoidea,ForestDryPoor
188446,Matricaria discoidea,ForestDryPoor
188447,Matricaria discoidea,ForestDryPoor
188448,Matricaria discoidea,ForestDryPoor
188449,Matricaria discoidea,ForestDryPoor
188450,Matricaria discoidea,ForestDryPoor
188451,Matricaria discoidea,ForestDryPoor
188452,Matricaria discoidea,ForestDryPoor
188453,Matricaria discoidea,ForestDryPoor
188454,Matricaria discoidea,ForestDryPoor
188455,Matricaria discoidea,ForestDryPoor
188456,Matricaria discoidea,ForestDryPoor
188457,Matricaria discoidea,ForestDryPoor
188458,Matricaria discoidea,ForestDryPoor
188459,Matricaria discoidea,ForestDryPoor
188460,Matricaria discoidea,ForestDryPoor
188461,Matricaria discoidea,ForestDryPoor
189042,Matricaria discoidea,ForestDryPoor
189043,Matricaria discoidea,ForestDryPoor
189044,Matricaria discoidea,ForestDryPoor
189045,Matricaria discoidea,ForestDryPoor
189046,Matricaria discoidea,ForestDryPoor
189047,Matricaria discoidea,ForestDryPoor
189048,Matricaria discoidea,ForestDryPoor
189049,Matricaria discoidea,ForestDryPoor
189050,Matricaria discoidea,ForestDryPoor
189051,Matricaria discoidea,ForestDryPoor
189052,Matricaria discoidea,ForestDryPoor
189053,Matricaria discoidea,ForestDryPoor
189054,Matricaria discoidea,ForestDryPoor
189055,Matricaria discoidea,ForestDryPoor
189056,Matricaria discoidea,ForestDryPoor
189057,Matricaria discoidea,ForestDryPoor
189058,Matricaria discoidea,ForestDryPoor
189059,Matricaria discoidea,ForestDryPoor
189641,Matricaria discoidea,ForestDryPoor
189642,Matricaria discoidea,ForestDryPoor
189643,Matricaria discoidea,ForestDryPoor
189644,Matricaria discoidea,ForestDryPoor
189645,Matricaria discoidea,ForestDryPoor
189646,Matricaria discoidea,ForestDryPoor
189647,Matricaria discoidea,ForestDryPoor
189648,Matricaria discoidea,ForestDryPoor
189649,Matricaria discoidea,ForestDryPoor
189650,Matricaria discoidea,ForestDryPoor
189651,Matricaria discoidea,ForestDryPoor
189652,Matricaria discoidea,ForestDryPoor
189653,Matricaria discoidea,ForestDryPoor
189654,Matricaria discoidea,ForestDryPoor
189655,Matricaria discoidea,ForestDryPoor
189656,Matricaria discoidea,ForestDryPoor
189657,Matricaria discoidea,ForestDryPoor
190240,Matricaria discoidea,ForestDryPoor
190241,Matricaria discoidea,ForestDryPoor
190242,Matricaria discoidea,ForestDryPoor
190243,Matricaria discoidea,ForestDryPoor
190244,Matricaria discoidea,ForestDryPoor
190245,Matricaria discoidea,ForestDryPoor
190246,Matricaria discoidea,ForestDryPoor
190247,Matricaria discoidea,ForestDryPoor
190248,Matricaria discoidea,ForestDryPoor
190249,Matricaria discoidea,ForestDryPoor
190250,Matricaria discoidea,ForestDryPoor
190251,Matricaria discoidea,ForestDryPoor
190252,Matricaria discoidea,ForestDryPoor
190253,Matricaria discoidea,ForestDryPoor
190254,Matricaria discoidea,ForestDryPoor
190255,Matricaria discoidea,ForestDryPoor
190256,Matricaria discoidea,ForestDryPoor
190839,Matricaria discoidea,ForestDryPoor
190840,Matricaria discoidea,ForestDryPoor
190841,Matricaria discoidea,ForestDryPoor
190842,Matricaria discoidea,ForestDryPoor
190843,Matricaria discoidea,ForestDryPoor
190844,Matricaria discoidea,ForestDryPoor
190845,Matricaria discoidea,ForestDryPoor
190846,Matricaria discoidea,ForestDryPoor
190847,Matricaria discoidea,ForestDryPoor
190848,Matricaria discoidea,ForestDryPoor
190849,Matricaria discoidea,ForestDryPoor
190850,Matricaria discoidea,ForestDryPoor
190851,Matricaria discoidea,ForestDryPoor
190852,Matricaria discoidea,ForestDryPoor
190853,Matricaria discoidea,ForestDryPoor
190854,Matricaria discoidea,ForestDryPoor
191438,Matricaria discoidea,ForestDryPoor
191439,Matricaria discoidea,ForestDryPoor
191440,Matricaria discoidea,ForestDryPoor
191441,Matricaria discoidea,ForestDryPoor
191442,Matricaria discoidea,ForestDryPoor
191443,Matricaria discoidea,ForestDryPoor
191444,Matricaria discoidea,ForestDryPoor
191445,Matricaria discoidea,ForestDryPoor
191446,Matricaria discoidea,ForestDryPoor
191447,Matricaria discoidea,ForestDryPoor
191448,Matricaria discoidea,ForestDryPoor
191449,Matricaria discoidea,ForestDryPoor
191450,Matricaria discoidea,ForestDryPoor
191451,Matricaria discoidea,ForestDryPoor
191452,Matricaria discoidea,ForestDryPoor
192037,Matricaria discoidea,ForestDryPoor
192038,Matricaria discoidea,ForestDryPoor
192039,Matricaria discoidea,ForestDryPoor
192040,Matricaria discoidea,ForestDryPoor
192041,Matricaria discoidea,ForestDryPoor
192042,Matricaria discoidea,ForestDryPoor
192043,Matricaria discoidea,ForestDryPoor
192044,Matricaria discoidea,ForestDryPoor
192045,Matricaria discoidea,ForestDryPoor
192046,Matricaria discoidea,ForestDryPoor
192047,Matricaria discoidea,ForestDryPoor
192048,Matricaria discoidea,ForestDryPoor
192049,Matricaria discoidea,ForestDryPoor
192050,Matricaria discoidea,ForestDryPoor
192051,Matricaria discoidea,ForestDryPoor
192636,Matricaria discoidea,ForestDryPoor
192637,Matricaria discoidea,ForestDryPoor
192638,Matricaria discoidea,ForestDryPoor
192639,Matricaria discoidea,ForestDryPoor
192640,Matricaria discoidea,ForestDryPoor
192641,Matricaria discoidea,ForestDryPoor
192642,Matricaria discoidea,ForestDryPoor
192643,Matricaria discoidea,ForestDryPoor
192644,Matricaria discoidea,ForestDryPoor
192645,Matricaria discoidea,ForestDryPoor
192646,Matricaria discoidea,ForestDryPoor
192647,Matricaria discoidea,ForestDryPoor
192648,Matricaria discoidea,ForestDryPoor
192649,Matricaria discoidea,ForestDryPoor
193235,Matricaria discoidea,ForestDryPoor
193236,Matricaria discoidea,ForestDryPoor
193237,Matricaria discoidea,ForestDryPoor
193238,Matricaria discoidea,ForestDryPoor
193239,Matricaria discoidea,ForestDryPoor
193240,Matricaria discoidea,ForestDryPoor
193241,Matricaria discoidea,ForestDryPoor
193242,Matricaria discoidea,ForestDryPoor
193243,Matricaria discoidea,ForestDryPoor
193244,Matricaria discoidea,ForestDryPoor
193245,Matricaria discoidea,ForestDryPoor
193246,Matricaria discoidea,ForestDryPoor
193247,Matricaria discoidea,ForestDryPoor
193834,Matricaria discoidea,ForestDryPoor
193835,Matricaria discoidea,ForestDryPoor
193836,Matricaria discoidea,ForestDryPoor
193837,Matricaria discoidea,ForestDryPoor
193838,Matricaria discoidea,ForestDryPoor
193839,Matricaria discoidea,ForestDryPoor
193840,Matricaria discoidea,ForestDryPoor
193841,Matricaria discoidea,ForestDryPoor
193842,Matricaria discoidea,ForestDryPoor
193843,Matricaria discoidea,ForestDryPoor
193844,Matricaria discoidea,ForestDryPoor
193845,Matricaria discoidea,ForestDryPoor
