145970,Poa nemoralis,ForestDryPoor
145971,Poa nemoralis,ForestDryPoor
145972,Poa nemoralis,ForestDryPoor
145973,Poa nemoralis,ForestDryPoor
154400,Poa nemoralis,ForestDryPoor
154999,Poa nemoralis,ForestDryPoor
155000,Poa nemoralis,ForestDryPoor
155598,Poa nemoralis,ForestDryPoor
155599,Poa nemoralis,ForestDryPoor
155600,Poa nemoralis,ForestDryPoor
156197,Poa nemoralis,ForestDryPoor
156198,Poa nemoralis,ForestDryPoor
156199,Poa nemoralis,ForestDryPoor
156200,Poa nemoralis,ForestDryPoor
156796,Poa nemoralis,ForestDryPoor
156797,Poa nemoralis,ForestDryPoor
156798,Poa nemoralis,ForestDryPoor
156799,Poa nemoralis,ForestDryPoor
156800,Poa nemoralis,ForestDryPoor
157395,Poa nemoralis,ForestDryPoor
157396,Poa nemoralis,ForestDryPoor
157397,Poa nemoralis,ForestDryPoor
157398,Poa nemoralis,ForestDryPoor
157399,Poa nemoralis,ForestDryPoor
157400,Poa nemoralis,ForestDryPoor
157994,Poa nemoralis,ForestDryPoor
157995,Poa nemoralis,ForestDryPoor
157996,Poa nemoralis,ForestDryPoor
157997,Poa nemoralis,ForestDryPoor
157998,Poa nemoralis,ForestDryPoor
157999,Poa nemoralis,ForestDryPoor
158573,Poa nemoralis,ForestDryPoor
158574,Poa nemoralis,ForestDryPoor
158575,Poa nemoralis,ForestDryPoor
158576,Poa nemoralis,ForestDryPoor
158577,Poa nemoralis,ForestDryPoor
158578,Poa nemoralis,ForestDryPoor
158579,Poa nemoralis,ForestDryPoor
158580,Poa nemoralis,ForestDryPoor
158581,Poa nemoralis,ForestDryPoor
158582,Poa nemoralis,ForestDryPoor
158583,Poa nemoralis,ForestDryPoor
158584,Poa nemoralis,ForestDryPoor
158585,Poa nemoralis,ForestDryPoor
158586,Poa nemoralis,ForestDryPoor
158587,Poa nemoralis,ForestDryPoor
158588,Poa nemoralis,ForestDryPoor
158589,Poa nemoralis,ForestDryPoor
158590,Poa nemoralis,ForestDryPoor
158591,Poa nemoralis,ForestDryPoor
158592,Poa nemoralis,ForestDryPoor
158593,Poa nemoralis,ForestDryPoor
158594,Poa nemoralis,ForestDryPoor
158595,Poa nemoralis,ForestDryPoor
158596,Poa nemoralis,ForestDryPoor
158597,Poa nemoralis,ForestDryPoor
158598,Poa nemoralis,ForestDryPoor
158599,Poa nemoralis,ForestDryPoor
159172,Poa nemoralis,ForestDryPoor
159173,Poa nemoralis,ForestDryPoor
159174,Poa nemoralis,ForestDryPoor
159175,Poa nemoralis,ForestDryPoor
159176,Poa nemoralis,ForestDryPoor
159177,Poa nemoralis,ForestDryPoor
159178,Poa nemoralis,ForestDryPoor
159179,Poa nemoralis,ForestDryPoor
159180,Poa nemoralis,ForestDryPoor
159181,Poa nemoralis,ForestDryPoor
159182,Poa nemoralis,ForestDryPoor
159183,Poa nemoralis,ForestDryPoor
159184,Poa nemoralis,ForestDryPoor
159185,Poa nemoralis,ForestDryPoor
159186,Poa nemoralis,ForestDryPoor
159187,Poa nemoralis,ForestDryPoor
159188,Poa nemoralis,ForestDryPoor
159189,Poa nemoralis,ForestDryPoor
159190,Poa nemoralis,ForestDryPoor
159191,Poa nemoralis,ForestDryPoor
159192,Poa nemoralis,ForestDryPoor
159193,Poa nemoralis,ForestDryPoor
159194,Poa nemoralis,ForestDryPoor
159195,Poa nemoralis,ForestDryPoor
159196,Poa nemoralis,ForestDryPoor
159197,Poa nemoralis,ForestDryPoor
159198,Poa nemoralis,ForestDryPoor
159771,Poa nemoralis,ForestDryPoor
159772,Poa nemoralis,ForestDryPoor
159773,Poa nemoralis,ForestDryPoor
159774,Poa nemoralis,ForestDryPoor
159775,Poa nemoralis,ForestDryPoor
159776,Poa nemoralis,ForestDryPoor
159777,Poa nemoralis,ForestDryPoor
159778,Poa nemoralis,ForestDryPoor
159779,Poa nemoralis,ForestDryPoor
159780,Poa nemoralis,ForestDryPoor
159781,Poa nemoralis,ForestDryPoor
159782,Poa nemoralis,ForestDryPoor
159783,Poa nemoralis,ForestDryPoor
159784,Poa nemoralis,ForestDryPoor
159785,Poa nemoralis,ForestDryPoor
159786,Poa nemoralis,ForestDryPoor
159787,Poa nemoralis,ForestDryPoor
159788,Poa nemoralis,ForestDryPoor
159789,Poa nemoralis,ForestDryPoor
159790,Poa nemoralis,ForestDryPoor
159791,Poa nemoralis,ForestDryPoor
159792,Poa nemoralis,ForestDryPoor
159793,Poa nemoralis,ForestDryPoor
159794,Poa nemoralis,ForestDryPoor
159795,Poa nemoralis,ForestDryPoor
159796,Poa nemoralis,ForestDryPoor
159797,Poa nemoralis,ForestDryPoor
159798,Poa nemoralis,ForestDryPoor
160370,Poa nemoralis,ForestDryPoor
160371,Poa nemoralis,ForestDryPoor
160372,Poa nemoralis,ForestDryPoor
160373,Poa nemoralis,ForestDryPoor
160374,Poa nemoralis,ForestDryPoor
160375,Poa nemoralis,ForestDryPoor
160376,Poa nemoralis,ForestDryPoor
160377,Poa nemoralis,ForestDryPoor
160378,Poa nemoralis,ForestDryPoor
160379,Poa nemoralis,ForestDryPoor
160380,Poa nemoralis,ForestDryPoor
160381,Poa nemoralis,ForestDryPoor
160382,Poa nemoralis,ForestDryPoor
160383,Poa nemoralis,ForestDryPoor
160384,Poa nemoralis,ForestDryPoor
160385,Poa nemoralis,ForestDryPoor
160386,Poa nemoralis,ForestDryPoor
160387,Poa nemoralis,ForestDryPoor
160388,Poa nemoralis,ForestDryPoor
160389,Poa nemoralis,ForestDryPoor
160390,Poa nemoralis,ForestDryPoor
160391,Poa nemoralis,ForestDryPoor
160392,Poa nemoralis,ForestDryPoor
160393,Poa nemoralis,ForestDryPoor
160394,Poa nemoralis,ForestDryPoor
160395,Poa nemoralis,ForestDryPoor
160396,Poa nemoralis,ForestDryPoor
160397,Poa nemoralis,ForestDryPoor
160398,Poa nemoralis,ForestDryPoor
160969,Poa nemoralis,ForestDryPoor
160970,Poa nemoralis,ForestDryPoor
160971,Poa nemoralis,ForestDryPoor
160972,Poa nemoralis,ForestDryPoor
160973,Poa nemoralis,ForestDryPoor
160974,Poa nemoralis,ForestDryPoor
160975,Poa nemoralis,ForestDryPoor
160976,Poa nemoralis,ForestDryPoor
160977,Poa nemoralis,ForestDryPoor
160978,Poa nemoralis,ForestDryPoor
160979,Poa nemoralis,ForestDryPoor
160980,Poa nemoralis,ForestDryPoor
160981,Poa nemoralis,ForestDryPoor
160982,Poa nemoralis,ForestDryPoor
160983,Poa nemoralis,ForestDryPoor
160984,Poa nemoralis,ForestDryPoor
160985,Poa nemoralis,ForestDryPoor
160986,Poa nemoralis,ForestDryPoor
160987,Poa nemoralis,ForestDryPoor
160988,Poa nemoralis,ForestDryPoor
160989,Poa nemoralis,ForestDryPoor
160990,Poa nemoralis,ForestDryPoor
160991,Poa nemoralis,ForestDryPoor
160992,Poa nemoralis,ForestDryPoor
160993,Poa nemoralis,ForestDryPoor
160994,Poa nemoralis,ForestDryPoor
160995,Poa nemoralis,ForestDryPoor
160996,Poa nemoralis,ForestDryPoor
160997,Poa nemoralis,ForestDryPoor
161568,Poa nemoralis,ForestDryPoor
161569,Poa nemoralis,ForestDryPoor
161570,Poa nemoralis,ForestDryPoor
161571,Poa nemoralis,ForestDryPoor
161572,Poa nemoralis,ForestDryPoor
161573,Poa nemoralis,ForestDryPoor
161574,Poa nemoralis,ForestDryPoor
161575,Poa nemoralis,ForestDryPoor
161576,Poa nemoralis,ForestDryPoor
161577,Poa nemoralis,ForestDryPoor
161578,Poa nemoralis,ForestDryPoor
161579,Poa nemoralis,ForestDryPoor
161580,Poa nemoralis,ForestDryPoor
161581,Poa nemoralis,ForestDryPoor
161582,Poa nemoralis,ForestDryPoor
161583,Poa nemoralis,ForestDryPoor
161584,Poa nemoralis,ForestDryPoor
161585,Poa nemoralis,ForestDryPoor
161586,Poa nemoralis,ForestDryPoor
161587,Poa nemoralis,ForestDryPoor
161588,Poa nemoralis,ForestDryPoor
161589,Poa nemoralis,ForestDryPoor
161590,Poa nemoralis,ForestDryPoor
161591,Poa nemoralis,ForestDryPoor
161592,Poa nemoralis,ForestDryPoor
161593,Poa nemoralis,ForestDryPoor
161594,Poa nemoralis,ForestDryPoor
161595,Poa nemoralis,ForestDryPoor
161596,Poa nemoralis,ForestDryPoor
161597,Poa nemoralis,ForestDryPoor
162167,Poa nemoralis,ForestDryPoor
162168,Poa nemoralis,ForestDryPoor
162169,Poa nemoralis,ForestDryPoor
162170,Poa nemoralis,ForestDryPoor
162171,Poa nemoralis,ForestDryPoor
162172,Poa nemoralis,ForestDryPoor
162173,Poa nemoralis,ForestDryPoor
162174,Poa nemoralis,ForestDryPoor
162175,Poa nemoralis,ForestDryPoor
162176,Poa nemoralis,ForestDryPoor
162177,Poa nemoralis,ForestDryPoor
162178,Poa nemoralis,ForestDryPoor
162179,Poa nemoralis,ForestDryPoor
162180,Poa nemoralis,ForestDryPoor
162181,Poa nemoralis,ForestDryPoor
162182,Poa nemoralis,ForestDryPoor
162183,Poa nemoralis,ForestDryPoor
162184,Poa nemoralis,ForestDryPoor
162185,Poa nemoralis,ForestDryPoor
162186,Poa nemoralis,ForestDryPoor
162187,Poa nemoralis,ForestDryPoor
162188,Poa nemoralis,ForestDryPoor
162189,Poa nemoralis,ForestDryPoor
162190,Poa nemoralis,ForestDryPoor
162191,Poa nemoralis,ForestDryPoor
162192,Poa nemoralis,ForestDryPoor
162193,Poa nemoralis,ForestDryPoor
162194,Poa nemoralis,ForestDryPoor
162195,Poa nemoralis,ForestDryPoor
162196,Poa nemoralis,ForestDryPoor
162766,Poa nemoralis,ForestDryPoor
162767,Poa nemoralis,ForestDryPoor
162768,Poa nemoralis,ForestDryPoor
162769,Poa nemoralis,ForestDryPoor
162770,Poa nemoralis,ForestDryPoor
162771,Poa nemoralis,ForestDryPoor
162772,Poa nemoralis,ForestDryPoor
162773,Poa nemoralis,ForestDryPoor
162774,Poa nemoralis,ForestDryPoor
162775,Poa nemoralis,ForestDryPoor
162776,Poa nemoralis,ForestDryPoor
162777,Poa nemoralis,ForestDryPoor
162778,Poa nemoralis,ForestDryPoor
162779,Poa nemoralis,ForestDryPoor
162780,Poa nemoralis,ForestDryPoor
162781,Poa nemoralis,ForestDryPoor
162782,Poa nemoralis,ForestDryPoor
162783,Poa nemoralis,ForestDryPoor
162784,Poa nemoralis,ForestDryPoor
162785,Poa nemoralis,ForestDryPoor
162786,Poa nemoralis,ForestDryPoor
162787,Poa nemoralis,ForestDryPoor
162788,Poa nemoralis,ForestDryPoor
162789,Poa nemoralis,ForestDryPoor
162790,Poa nemoralis,ForestDryPoor
162791,Poa nemoralis,ForestDryPoor
162792,Poa nemoralis,ForestDryPoor
162793,Poa nemoralis,ForestDryPoor
162794,Poa nemoralis,ForestDryPoor
162795,Poa nemoralis,ForestDryPoor
162796,Poa nemoralis,ForestDryPoor
163365,Poa nemoralis,ForestDryPoor
163366,Poa nemoralis,ForestDryPoor
163367,Poa nemoralis,ForestDryPoor
163368,Poa nemoralis,ForestDryPoor
163369,Poa nemoralis,ForestDryPoor
163370,Poa nemoralis,ForestDryPoor
163371,Poa nemoralis,ForestDryPoor
163372,Poa nemoralis,ForestDryPoor
163373,Poa nemoralis,ForestDryPoor
163374,Poa nemoralis,ForestDryPoor
163375,Poa nemoralis,ForestDryPoor
163376,Poa nemoralis,ForestDryPoor
163377,Poa nemoralis,ForestDryPoor
163378,Poa nemoralis,ForestDryPoor
163379,Poa nemoralis,ForestDryPoor
163380,Poa nemoralis,ForestDryPoor
163381,Poa nemoralis,ForestDryPoor
163382,Poa nemoralis,ForestDryPoor
163383,Poa nemoralis,ForestDryPoor
163384,Poa nemoralis,ForestDryPoor
163385,Poa nemoralis,ForestDryPoor
163386,Poa nemoralis,ForestDryPoor
163387,Poa nemoralis,ForestDryPoor
163388,Poa nemoralis,ForestDryPoor
163389,Poa nemoralis,ForestDryPoor
163390,Poa nemoralis,ForestDryPoor
163391,Poa nemoralis,ForestDryPoor
163392,Poa nemoralis,ForestDryPoor
163393,Poa nemoralis,ForestDryPoor
163394,Poa nemoralis,ForestDryPoor
163395,Poa nemoralis,ForestDryPoor
163964,Poa nemoralis,ForestDryPoor
163965,Poa nemoralis,ForestDryPoor
163966,Poa nemoralis,ForestDryPoor
163967,Poa nemoralis,ForestDryPoor
163968,Poa nemoralis,ForestDryPoor
163969,Poa nemoralis,ForestDryPoor
163970,Poa nemoralis,ForestDryPoor
163971,Poa nemoralis,ForestDryPoor
163972,Poa nemoralis,ForestDryPoor
163973,Poa nemoralis,ForestDryPoor
163974,Poa nemoralis,ForestDryPoor
163975,Poa nemoralis,ForestDryPoor
163976,Poa nemoralis,ForestDryPoor
163977,Poa nemoralis,ForestDryPoor
163978,Poa nemoralis,ForestDryPoor
163979,Poa nemoralis,ForestDryPoor
163980,Poa nemoralis,ForestDryPoor
163981,Poa nemoralis,ForestDryPoor
163982,Poa nemoralis,ForestDryPoor
163983,Poa nemoralis,ForestDryPoor
163984,Poa nemoralis,ForestDryPoor
163985,Poa nemoralis,ForestDryPoor
163986,Poa nemoralis,ForestDryPoor
163987,Poa nemoralis,ForestDryPoor
163988,Poa nemoralis,ForestDryPoor
163989,Poa nemoralis,ForestDryPoor
163990,Poa nemoralis,ForestDryPoor
163991,Poa nemoralis,ForestDryPoor
163992,Poa nemoralis,ForestDryPoor
163993,Poa nemoralis,ForestDryPoor
163994,Poa nemoralis,ForestDryPoor
163995,Poa nemoralis,ForestDryPoor
164563,Poa nemoralis,ForestDryPoor
164564,Poa nemoralis,ForestDryPoor
164565,Poa nemoralis,ForestDryPoor
164566,Poa nemoralis,ForestDryPoor
164567,Poa nemoralis,ForestDryPoor
164568,Poa nemoralis,ForestDryPoor
164569,Poa nemoralis,ForestDryPoor
164570,Poa nemoralis,ForestDryPoor
164571,Poa nemoralis,ForestDryPoor
164572,Poa nemoralis,ForestDryPoor
164573,Poa nemoralis,ForestDryPoor
164574,Poa nemoralis,ForestDryPoor
164575,Poa nemoralis,ForestDryPoor
164576,Poa nemoralis,ForestDryPoor
164577,Poa nemoralis,ForestDryPoor
164578,Poa nemoralis,ForestDryPoor
164579,Poa nemoralis,ForestDryPoor
164580,Poa nemoralis,ForestDryPoor
164581,Poa nemoralis,ForestDryPoor
164582,Poa nemoralis,ForestDryPoor
164583,Poa nemoralis,ForestDryPoor
164584,Poa nemoralis,ForestDryPoor
164585,Poa nemoralis,ForestDryPoor
164586,Poa nemoralis,ForestDryPoor
164587,Poa nemoralis,ForestDryPoor
164588,Poa nemoralis,ForestDryPoor
164589,Poa nemoralis,ForestDryPoor
164590,Poa nemoralis,ForestDryPoor
164591,Poa nemoralis,ForestDryPoor
164592,Poa nemoralis,ForestDryPoor
164593,Poa nemoralis,ForestDryPoor
164594,Poa nemoralis,ForestDryPoor
165162,Poa nemoralis,ForestDryPoor
165163,Poa nemoralis,ForestDryPoor
165164,Poa nemoralis,ForestDryPoor
165165,Poa nemoralis,ForestDryPoor
165166,Poa nemoralis,ForestDryPoor
165167,Poa nemoralis,ForestDryPoor
165168,Poa nemoralis,ForestDryPoor
165169,Poa nemoralis,ForestDryPoor
165170,Poa nemoralis,ForestDryPoor
165171,Poa nemoralis,ForestDryPoor
165172,Poa nemoralis,ForestDryPoor
165173,Poa nemoralis,ForestDryPoor
165174,Poa nemoralis,ForestDryPoor
165175,Poa nemoralis,ForestDryPoor
165176,Poa nemoralis,ForestDryPoor
165177,Poa nemoralis,ForestDryPoor
165178,Poa nemoralis,ForestDryPoor
165179,Poa nemoralis,ForestDryPoor
165180,Poa nemoralis,ForestDryPoor
165181,Poa nemoralis,ForestDryPoor
165182,Poa nemoralis,ForestDryPoor
165183,Poa nemoralis,ForestDryPoor
165184,Poa nemoralis,ForestDryPoor
165185,Poa nemoralis,ForestDryPoor
165186,Poa nemoralis,ForestDryPoor
165187,Poa nemoralis,ForestDryPoor
165188,Poa nemoralis,ForestDryPoor
165189,Poa nemoralis,ForestDryPoor
165190,Poa nemoralis,ForestDryPoor
165191,Poa nemoralis,ForestDryPoor
165192,Poa nemoralis,ForestDryPoor
165193,Poa nemoralis,ForestDryPoor
165761,Poa nemoralis,ForestDryPoor
165762,Poa nemoralis,ForestDryPoor
165763,Poa nemoralis,ForestDryPoor
165764,Poa nemoralis,ForestDryPoor
165765,Poa nemoralis,ForestDryPoor
165766,Poa nemoralis,ForestDryPoor
165767,Poa nemoralis,ForestDryPoor
165768,Poa nemoralis,ForestDryPoor
165769,Poa nemoralis,ForestDryPoor
165770,Poa nemoralis,ForestDryPoor
165771,Poa nemoralis,ForestDryPoor
165772,Poa nemoralis,ForestDryPoor
165773,Poa nemoralis,ForestDryPoor
165774,Poa nemoralis,ForestDryPoor
165775,Poa nemoralis,ForestDryPoor
165776,Poa nemoralis,ForestDryPoor
165777,Poa nemoralis,ForestDryPoor
165778,Poa nemoralis,ForestDryPoor
165779,Poa nemoralis,ForestDryPoor
165780,Poa nemoralis,ForestDryPoor
165781,Poa nemoralis,ForestDryPoor
165782,Poa nemoralis,ForestDryPoor
165783,Poa nemoralis,ForestDryPoor
165784,Poa nemoralis,ForestDryPoor
165785,Poa nemoralis,ForestDryPoor
165786,Poa nemoralis,ForestDryPoor
165787,Poa nemoralis,ForestDryPoor
165788,Poa nemoralis,ForestDryPoor
165789,Poa nemoralis,ForestDryPoor
165790,Poa nemoralis,ForestDryPoor
165791,Poa nemoralis,ForestDryPoor
165792,Poa nemoralis,ForestDryPoor
165793,Poa nemoralis,ForestDryPoor
166360,Poa nemoralis,ForestDryPoor
166361,Poa nemoralis,ForestDryPoor
166362,Poa nemoralis,ForestDryPoor
166363,Poa nemoralis,ForestDryPoor
166364,Poa nemoralis,ForestDryPoor
166365,Poa nemoralis,ForestDryPoor
166366,Poa nemoralis,ForestDryPoor
166367,Poa nemoralis,ForestDryPoor
166368,Poa nemoralis,ForestDryPoor
166369,Poa nemoralis,ForestDryPoor
166370,Poa nemoralis,ForestDryPoor
166371,Poa nemoralis,ForestDryPoor
166372,Poa nemoralis,ForestDryPoor
166373,Poa nemoralis,ForestDryPoor
166374,Poa nemoralis,ForestDryPoor
166375,Poa nemoralis,ForestDryPoor
166376,Poa nemoralis,ForestDryPoor
166377,Poa nemoralis,ForestDryPoor
166378,Poa nemoralis,ForestDryPoor
166379,Poa nemoralis,ForestDryPoor
166380,Poa nemoralis,ForestDryPoor
166381,Poa nemoralis,ForestDryPoor
166382,Poa nemoralis,ForestDryPoor
166383,Poa nemoralis,ForestDryPoor
166384,Poa nemoralis,ForestDryPoor
166385,Poa nemoralis,ForestDryPoor
166386,Poa nemoralis,ForestDryPoor
166387,Poa nemoralis,ForestDryPoor
166388,Poa nemoralis,ForestDryPoor
166389,Poa nemoralis,ForestDryPoor
166390,Poa nemoralis,ForestDryPoor
166391,Poa nemoralis,ForestDryPoor
166392,Poa nemoralis,ForestDryPoor
166959,Poa nemoralis,ForestDryPoor
166960,Poa nemoralis,ForestDryPoor
166961,Poa nemoralis,ForestDryPoor
166962,Poa nemoralis,ForestDryPoor
166963,Poa nemoralis,ForestDryPoor
166964,Poa nemoralis,ForestDryPoor
166965,Poa nemoralis,ForestDryPoor
166966,Poa nemoralis,ForestDryPoor
166967,Poa nemoralis,ForestDryPoor
166968,Poa nemoralis,ForestDryPoor
166969,Poa nemoralis,ForestDryPoor
166970,Poa nemoralis,ForestDryPoor
166971,Poa nemoralis,ForestDryPoor
166972,Poa nemoralis,ForestDryPoor
166973,Poa nemoralis,ForestDryPoor
166974,Poa nemoralis,ForestDryPoor
166975,Poa nemoralis,ForestDryPoor
166976,Poa nemoralis,ForestDryPoor
166977,Poa nemoralis,ForestDryPoor
166978,Poa nemoralis,ForestDryPoor
166979,Poa nemoralis,ForestDryPoor
166980,Poa nemoralis,ForestDryPoor
166981,Poa nemoralis,ForestDryPoor
166982,Poa nemoralis,ForestDryPoor
166983,Poa nemoralis,ForestDryPoor
166984,Poa nemoralis,ForestDryPoor
166985,Poa nemoralis,ForestDryPoor
166986,Poa nemoralis,ForestDryPoor
166987,Poa nemoralis,ForestDryPoor
166988,Poa nemoralis,ForestDryPoor
166989,Poa nemoralis,ForestDryPoor
166990,Poa nemoralis,ForestDryPoor
166991,Poa nemoralis,ForestDryPoor
167558,Poa nemoralis,ForestDryPoor
167559,Poa nemoralis,ForestDryPoor
167560,Poa nemoralis,ForestDryPoor
167561,Poa nemoralis,ForestDryPoor
167562,Poa nemoralis,ForestDryPoor
167563,Poa nemoralis,ForestDryPoor
167564,Poa nemoralis,ForestDryPoor
167565,Poa nemoralis,ForestDryPoor
167566,Poa nemoralis,ForestDryPoor
167567,Poa nemoralis,ForestDryPoor
167568,Poa nemoralis,ForestDryPoor
167569,Poa nemoralis,ForestDryPoor
167570,Poa nemoralis,ForestDryPoor
167571,Poa nemoralis,ForestDryPoor
167572,Poa nemoralis,ForestDryPoor
167573,Poa nemoralis,ForestDryPoor
167574,Poa nemoralis,ForestDryPoor
167575,Poa nemoralis,ForestDryPoor
167576,Poa nemoralis,ForestDryPoor
167577,Poa nemoralis,ForestDryPoor
167578,Poa nemoralis,ForestDryPoor
167579,Poa nemoralis,ForestDryPoor
167580,Poa nemoralis,ForestDryPoor
167581,Poa nemoralis,ForestDryPoor
167582,Poa nemoralis,ForestDryPoor
167583,Poa nemoralis,ForestDryPoor
167584,Poa nemoralis,ForestDryPoor
167585,Poa nemoralis,ForestDryPoor
167586,Poa nemoralis,ForestDryPoor
167587,Poa nemoralis,ForestDryPoor
167588,Poa nemoralis,ForestDryPoor
167589,Poa nemoralis,ForestDryPoor
167590,Poa nemoralis,ForestDryPoor
167591,Poa nemoralis,ForestDryPoor
168157,Poa nemoralis,ForestDryPoor
168158,Poa nemoralis,ForestDryPoor
168159,Poa nemoralis,ForestDryPoor
168160,Poa nemoralis,ForestDryPoor
168161,Poa nemoralis,ForestDryPoor
168162,Poa nemoralis,ForestDryPoor
168163,Poa nemoralis,ForestDryPoor
168164,Poa nemoralis,ForestDryPoor
168165,Poa nemoralis,ForestDryPoor
168166,Poa nemoralis,ForestDryPoor
168167,Poa nemoralis,ForestDryPoor
168168,Poa nemoralis,ForestDryPoor
168169,Poa nemoralis,ForestDryPoor
168170,Poa nemoralis,ForestDryPoor
168171,Poa nemoralis,ForestDryPoor
168172,Poa nemoralis,ForestDryPoor
168173,Poa nemoralis,ForestDryPoor
168174,Poa nemoralis,ForestDryPoor
168175,Poa nemoralis,ForestDryPoor
168176,Poa nemoralis,ForestDryPoor
168177,Poa nemoralis,ForestDryPoor
168178,Poa nemoralis,ForestDryPoor
168179,Poa nemoralis,ForestDryPoor
168180,Poa nemoralis,ForestDryPoor
168181,Poa nemoralis,ForestDryPoor
168182,Poa nemoralis,ForestDryPoor
168183,Poa nemoralis,ForestDryPoor
168184,Poa nemoralis,ForestDryPoor
168185,Poa nemoralis,ForestDryPoor
168186,Poa nemoralis,ForestDryPoor
168187,Poa nemoralis,ForestDryPoor
168188,Poa nemoralis,ForestDryPoor
168189,Poa nemoralis,ForestDryPoor
168190,Poa nemoralis,ForestDryPoor
168756,Poa nemoralis,ForestDryPoor
168757,Poa nemoralis,ForestDryPoor
168758,Poa nemoralis,ForestDryPoor
168759,Poa nemoralis,ForestDryPoor
168760,Poa nemoralis,ForestDryPoor
168761,Poa nemoralis,ForestDryPoor
168762,Poa nemoralis,ForestDryPoor
168763,Poa nemoralis,ForestDryPoor
168764,Poa nemoralis,ForestDryPoor
168765,Poa nemoralis,ForestDryPoor
168766,Poa nemoralis,ForestDryPoor
168767,Poa nemoralis,ForestDryPoor
168768,Poa nemoralis,ForestDryPoor
168769,Poa nemoralis,ForestDryPoor
168770,Poa nemoralis,ForestDryPoor
168771,Poa nemoralis,ForestDryPoor
168772,Poa nemoralis,ForestDryPoor
168773,Poa nemoralis,ForestDryPoor
168774,Poa nemoralis,ForestDryPoor
168775,Poa nemoralis,ForestDryPoor
168776,Poa nemoralis,ForestDryPoor
168777,Poa nemoralis,ForestDryPoor
168778,Poa nemoralis,ForestDryPoor
168779,Poa nemoralis,ForestDryPoor
168780,Poa nemoralis,ForestDryPoor
168781,Poa nemoralis,ForestDryPoor
168782,Poa nemoralis,ForestDryPoor
168783,Poa nemoralis,ForestDryPoor
168784,Poa nemoralis,ForestDryPoor
168785,Poa nemoralis,ForestDryPoor
168786,Poa nemoralis,ForestDryPoor
168787,Poa nemoralis,ForestDryPoor
168788,Poa nemoralis,ForestDryPoor
168789,Poa nemoralis,ForestDryPoor
169355,Poa nemoralis,ForestDryPoor
169356,Poa nemoralis,ForestDryPoor
169357,Poa nemoralis,ForestDryPoor
169358,Poa nemoralis,ForestDryPoor
169359,Poa nemoralis,ForestDryPoor
169360,Poa nemoralis,ForestDryPoor
169361,Poa nemoralis,ForestDryPoor
169362,Poa nemoralis,ForestDryPoor
169363,Poa nemoralis,ForestDryPoor
169364,Poa nemoralis,ForestDryPoor
169365,Poa nemoralis,ForestDryPoor
169366,Poa nemoralis,ForestDryPoor
169367,Poa nemoralis,ForestDryPoor
169368,Poa nemoralis,ForestDryPoor
169369,Poa nemoralis,ForestDryPoor
169370,Poa nemoralis,ForestDryPoor
169371,Poa nemoralis,ForestDryPoor
169372,Poa nemoralis,ForestDryPoor
169373,Poa nemoralis,ForestDryPoor
169374,Poa nemoralis,ForestDryPoor
169375,Poa nemoralis,ForestDryPoor
169376,Poa nemoralis,ForestDryPoor
169377,Poa nemoralis,ForestDryPoor
169378,Poa nemoralis,ForestDryPoor
169379,Poa nemoralis,ForestDryPoor
169380,Poa nemoralis,ForestDryPoor
169381,Poa nemoralis,ForestDryPoor
169382,Poa nemoralis,ForestDryPoor
169383,Poa nemoralis,ForestDryPoor
169384,Poa nemoralis,ForestDryPoor
169385,Poa nemoralis,ForestDryPoor
169386,Poa nemoralis,ForestDryPoor
169387,Poa nemoralis,ForestDryPoor
169388,Poa nemoralis,ForestDryPoor
169954,Poa nemoralis,ForestDryPoor
169955,Poa nemoralis,ForestDryPoor
169956,Poa nemoralis,ForestDryPoor
169957,Poa nemoralis,ForestDryPoor
169958,Poa nemoralis,ForestDryPoor
169959,Poa nemoralis,ForestDryPoor
169960,Poa nemoralis,ForestDryPoor
169961,Poa nemoralis,ForestDryPoor
169962,Poa nemoralis,ForestDryPoor
169963,Poa nemoralis,ForestDryPoor
169964,Poa nemoralis,ForestDryPoor
169965,Poa nemoralis,ForestDryPoor
169966,Poa nemoralis,ForestDryPoor
169967,Poa nemoralis,ForestDryPoor
169968,Poa nemoralis,ForestDryPoor
169969,Poa nemoralis,ForestDryPoor
169970,Poa nemoralis,ForestDryPoor
169971,Poa nemoralis,ForestDryPoor
169972,Poa nemoralis,ForestDryPoor
169973,Poa nemoralis,ForestDryPoor
169974,Poa nemoralis,ForestDryPoor
169975,Poa nemoralis,ForestDryPoor
169976,Poa nemoralis,ForestDryPoor
169977,Poa nemoralis,ForestDryPoor
169978,Poa nemoralis,ForestDryPoor
169979,Poa nemoralis,ForestDryPoor
169980,Poa nemoralis,ForestDryPoor
169981,Poa nemoralis,ForestDryPoor
169982,Poa nemoralis,ForestDryPoor
169983,Poa nemoralis,ForestDryPoor
169984,Poa nemoralis,ForestDryPoor
169985,Poa nemoralis,ForestDryPoor
169986,Poa nemoralis,ForestDryPoor
169987,Poa nemoralis,ForestDryPoor
169988,Poa nemoralis,ForestDryPoor
182470,Poa nemoralis,ForestDryPoor
182471,Poa nemoralis,ForestDryPoor
182472,Poa nemoralis,ForestDryPoor
183069,Poa nemoralis,ForestDryPoor
183070,Poa nemoralis,ForestDryPoor
183071,Poa nemoralis,ForestDryPoor
183669,Poa nemoralis,ForestDryPoor
183670,Poa nemoralis,ForestDryPoor
184268,Poa nemoralis,ForestDryPoor
184269,Poa nemoralis,ForestDryPoor
184867,Poa nemoralis,ForestDryPoor
184868,Poa nemoralis,ForestDryPoor
185467,Poa nemoralis,ForestDryPoor
186066,Poa nemoralis,ForestDryPoor
186665,Poa nemoralis,ForestDryPoor
