182453,Reynoutria japonica,ForestDryPoor
182454,Reynoutria japonica,ForestDryPoor
182455,Reynoutria japonica,ForestDryPoor
182456,Reynoutria japonica,ForestDryPoor
182457,Reynoutria japonica,ForestDryPoor
182458,Reynoutria japonica,ForestDryPoor
182459,Reynoutria japonica,ForestDryPoor
182460,Reynoutria japonica,ForestDryPoor
182461,Reynoutria japonica,ForestDryPoor
182462,Reynoutria japonica,ForestDryPoor
182463,Reynoutria japonica,ForestDryPoor
182464,Reynoutria japonica,ForestDryPoor
182465,Reynoutria japonica,ForestDryPoor
182466,Reynoutria japonica,ForestDryPoor
182467,Reynoutria japonica,ForestDryPoor
182468,Reynoutria japonica,ForestDryPoor
182469,Reynoutria japonica,ForestDryPoor
182470,Reynoutria japonica,ForestDryPoor
183052,Reynoutria japonica,ForestDryPoor
183053,Reynoutria japonica,ForestDryPoor
183054,Reynoutria japonica,ForestDryPoor
183055,Reynoutria japonica,ForestDryPoor
183056,Reynoutria japonica,ForestDryPoor
183057,Reynoutria japonica,ForestDryPoor
183058,Reynoutria japonica,ForestDryPoor
183059,Reynoutria japonica,ForestDryPoor
183060,Reynoutria japonica,ForestDryPoor
183061,Reynoutria japonica,ForestDryPoor
183062,Reynoutria japonica,ForestDryPoor
183063,Reynoutria japonica,ForestDryPoor
183064,Reynoutria japonica,ForestDryPoor
183065,Reynoutria japonica,ForestDryPoor
183066,Reynoutria japonica,ForestDryPoor
183067,Reynoutria japonica,ForestDryPoor
183068,Reynoutria japonica,ForestDryPoor
183069,Reynoutria japonica,ForestDryPoor
183651,Reynoutria japonica,ForestDryPoor
183652,Reynoutria japonica,ForestDryPoor
183653,Reynoutria japonica,ForestDryPoor
183654,Reynoutria japonica,ForestDryPoor
183655,Reynoutria japonica,ForestDryPoor
183656,Reynoutria japonica,ForestDryPoor
183657,Reynoutria japonica,ForestDryPoor
183658,Reynoutria japonica,ForestDryPoor
183659,Reynoutria japonica,ForestDryPoor
183660,Reynoutria japonica,ForestDryPoor
183661,Reynoutria japonica,ForestDryPoor
183662,Reynoutria japonica,ForestDryPoor
183663,Reynoutria japonica,ForestDryPoor
183664,Reynoutria japonica,ForestDryPoor
183665,Reynoutria japonica,ForestDryPoor
183666,Reynoutria japonica,ForestDryPoor
183667,Reynoutria japonica,ForestDryPoor
184250,Reynoutria japonica,ForestDryPoor
184251,Reynoutria japonica,ForestDryPoor
184252,Reynoutria japonica,ForestDryPoor
184253,Reynoutria japonica,ForestDryPoor
184254,Reynoutria japonica,ForestDryPoor
184255,Reynoutria japonica,ForestDryPoor
184256,Reynoutria japonica,ForestDryPoor
184257,Reynoutria japonica,ForestDryPoor
184258,Reynoutria japonica,ForestDryPoor
184259,Reynoutria japonica,ForestDryPoor
184260,Reynoutria japonica,ForestDryPoor
184261,Reynoutria japonica,ForestDryPoor
184262,Reynoutria japonica,ForestDryPoor
184263,Reynoutria japonica,ForestDryPoor
184264,Reynoutria japonica,ForestDryPoor
184265,Reynoutria japonica,ForestDryPoor
184849,Reynoutria japonica,ForestDryPoor
184850,Reynoutria japonica,ForestDryPoor
184851,Reynoutria japonica,ForestDryPoor
184852,Reynoutria japonica,ForestDryPoor
184853,Reynoutria japonica,ForestDryPoor
184854,Reynoutria japonica,ForestDryPoor
184855,Reynoutria japonica,ForestDryPoor
184856,Reynoutria japonica,ForestDryPoor
184857,Reynoutria japonica,ForestDryPoor
184858,Reynoutria japonica,ForestDryPoor
184859,Reynoutria japonica,ForestDryPoor
184860,Reynoutria japonica,ForestDryPoor
184861,Reynoutria japonica,ForestDryPoor
184862,Reynoutria japonica,ForestDryPoor
184863,Reynoutria japonica,ForestDryPoor
185448,Reynoutria japonica,ForestDryPoor
185449,Reynoutria japonica,ForestDryPoor
185450,Reynoutria japonica,ForestDryPoor
185451,Reynoutria japonica,ForestDryPoor
185452,Reynoutria japonica,ForestDryPoor
185453,Reynoutria japonica,ForestDryPoor
185454,Reynoutria japonica,ForestDryPoor
185455,Reynoutria japonica,ForestDryPoor
185456,Reynoutria japonica,ForestDryPoor
185457,Reynoutria japonica,ForestDryPoor
185458,Reynoutria japonica,ForestDryPoor
185459,Reynoutria japonica,ForestDryPoor
185460,Reynoutria japonica,ForestDryPoor
185461,Reynoutria japonica,ForestDryPoor
185462,Reynoutria japonica,ForestDryPoor
186047,Reynoutria japonica,ForestDryPoor
186048,Reynoutria japonica,ForestDryPoor
186049,Reynoutria japonica,ForestDryPoor
186050,Reynoutria japonica,ForestDryPoor
186051,Reynoutria japonica,ForestDryPoor
186052,Reynoutria japonica,ForestDryPoor
186053,Reynoutria japonica,ForestDryPoor
186054,Reynoutria japonica,ForestDryPoor
186055,Reynoutria japonica,ForestDryPoor
186056,Reynoutria japonica,ForestDryPoor
186057,Reynoutria japonica,ForestDryPoor
186058,Reynoutria japonica,ForestDryPoor
186059,Reynoutria japonica,ForestDryPoor
186060,Reynoutria japonica,ForestDryPoor
186646,Reynoutria japonica,ForestDryPoor
186647,Reynoutria japonica,ForestDryPoor
186648,Reynoutria japonica,ForestDryPoor
186649,Reynoutria japonica,ForestDryPoor
186650,Reynoutria japonica,ForestDryPoor
186651,Reynoutria japonica,ForestDryPoor
186652,Reynoutria japonica,ForestDryPoor
186653,Reynoutria japonica,ForestDryPoor
186654,Reynoutria japonica,ForestDryPoor
186655,Reynoutria japonica,ForestDryPoor
186656,Reynoutria japonica,ForestDryPoor
186657,Reynoutria japonica,ForestDryPoor
186658,Reynoutria japonica,ForestDryPoor
187245,Reynoutria japonica,ForestDryPoor
187246,Reynoutria japonica,ForestDryPoor
187247,Reynoutria japonica,ForestDryPoor
187248,Reynoutria japonica,ForestDryPoor
187249,Reynoutria japonica,ForestDryPoor
187250,Reynoutria japonica,ForestDryPoor
187251,Reynoutria japonica,ForestDryPoor
187252,Reynoutria japonica,ForestDryPoor
187253,Reynoutria japonica,ForestDryPoor
187254,Reynoutria japonica,ForestDryPoor
187255,Reynoutria japonica,ForestDryPoor
187256,Reynoutria japonica,ForestDryPoor
187844,Reynoutria japonica,ForestDryPoor
187845,Reynoutria japonica,ForestDryPoor
187846,Reynoutria japonica,ForestDryPoor
187847,Reynoutria japonica,ForestDryPoor
187848,Reynoutria japonica,ForestDryPoor
187849,Reynoutria japonica,ForestDryPoor
187850,Reynoutria japonica,ForestDryPoor
187851,Reynoutria japonica,ForestDryPoor
187852,Reynoutria japonica,ForestDryPoor
187853,Reynoutria japonica,ForestDryPoor
187854,Reynoutria japonica,ForestDryPoor
188443,Reynoutria japonica,ForestDryPoor
188444,Reynoutria japonica,ForestDryPoor
188445,Reynoutria japonica,ForestDryPoor
188446,Reynoutria japonica,ForestDryPoor
188447,Reynoutria japonica,ForestDryPoor
188448,Reynoutria japonica,ForestDryPoor
188449,Reynoutria japonica,ForestDryPoor
188450,Reynoutria japonica,ForestDryPoor
188451,Reynoutria japonica,ForestDryPoor
188452,Reynoutria japonica,ForestDryPoor
189042,Reynoutria japonica,ForestDryPoor
189043,Reynoutria japonica,ForestDryPoor
189044,Reynoutria japonica,ForestDryPoor
189045,Reynoutria japonica,ForestDryPoor
189046,Reynoutria japonica,ForestDryPoor
189047,Reynoutria japonica,ForestDryPoor
189048,Reynoutria japonica,ForestDryPoor
189049,Reynoutria japonica,ForestDryPoor
189641,Reynoutria japonica,ForestDryPoor
189642,Reynoutria japonica,ForestDryPoor
189643,Reynoutria japonica,ForestDryPoor
189644,Reynoutria japonica,ForestDryPoor
189645,Reynoutria japonica,ForestDryPoor
189646,Reynoutria japonica,ForestDryPoor
189647,Reynoutria japonica,ForestDryPoor
190240,Reynoutria japonica,ForestDryPoor
190241,Reynoutria japonica,ForestDryPoor
190242,Reynoutria japonica,ForestDryPoor
190243,Reynoutria japonica,ForestDryPoor
190244,Reynoutria japonica,ForestDryPoor
190245,Reynoutria japonica,ForestDryPoor
190839,Reynoutria japonica,ForestDryPoor
190840,Reynoutria japonica,ForestDryPoor
190841,Reynoutria japonica,ForestDryPoor
190842,Reynoutria japonica,ForestDryPoor
191438,Reynoutria japonica,ForestDryPoor
191439,Reynoutria japonica,ForestDryPoor
191440,Reynoutria japonica,ForestDryPoor
192037,Reynoutria japonica,ForestDryPoor
182453,Reynoutria japonica,ForestDryPoor
182454,Reynoutria japonica,ForestDryPoor
182455,Reynoutria japonica,ForestDryPoor
182456,Reynoutria japonica,ForestDryPoor
182457,Reynoutria japonica,ForestDryPoor
182458,Reynoutria japonica,ForestDryPoor
182459,Reynoutria japonica,ForestDryPoor
182460,Reynoutria japonica,ForestDryPoor
182461,Reynoutria japonica,ForestDryPoor
182462,Reynoutria japonica,ForestDryPoor
182463,Reynoutria japonica,ForestDryPoor
182464,Reynoutria japonica,ForestDryPoor
182465,Reynoutria japonica,ForestDryPoor
182466,Reynoutria japonica,ForestDryPoor
182467,Reynoutria japonica,ForestDryPoor
182468,Reynoutria japonica,ForestDryPoor
183052,Reynoutria japonica,ForestDryPoor
183053,Reynoutria japonica,ForestDryPoor
183054,Reynoutria japonica,ForestDryPoor
183055,Reynoutria japonica,ForestDryPoor
183056,Reynoutria japonica,ForestDryPoor
183057,Reynoutria japonica,ForestDryPoor
183058,Reynoutria japonica,ForestDryPoor
183059,Reynoutria japonica,ForestDryPoor
183060,Reynoutria japonica,ForestDryPoor
183061,Reynoutria japonica,ForestDryPoor
183062,Reynoutria japonica,ForestDryPoor
183063,Reynoutria japonica,ForestDryPoor
183064,Reynoutria japonica,ForestDryPoor
183065,Reynoutria japonica,ForestDryPoor
183066,Reynoutria japonica,ForestDryPoor
183651,Reynoutria japonica,ForestDryPoor
183652,Reynoutria japonica,ForestDryPoor
183653,Reynoutria japonica,ForestDryPoor
183654,Reynoutria japonica,ForestDryPoor
183655,Reynoutria japonica,ForestDryPoor
183656,Reynoutria japonica,ForestDryPoor
183657,Reynoutria japonica,ForestDryPoor
183658,Reynoutria japonica,ForestDryPoor
183659,Reynoutria japonica,ForestDryPoor
183660,Reynoutria japonica,ForestDryPoor
183661,Reynoutria japonica,ForestDryPoor
183662,Reynoutria japonica,ForestDryPoor
183663,Reynoutria japonica,ForestDryPoor
183664,Reynoutria japonica,ForestDryPoor
184250,Reynoutria japonica,ForestDryPoor
184251,Reynoutria japonica,ForestDryPoor
184252,Reynoutria japonica,ForestDryPoor
184253,Reynoutria japonica,ForestDryPoor
184254,Reynoutria japonica,ForestDryPoor
184255,Reynoutria japonica,ForestDryPoor
184256,Reynoutria japonica,ForestDryPoor
184257,Reynoutria japonica,ForestDryPoor
184258,Reynoutria japonica,ForestDryPoor
184259,Reynoutria japonica,ForestDryPoor
184260,Reynoutria japonica,ForestDryPoor
184261,Reynoutria japonica,ForestDryPoor
184262,Reynoutria japonica,ForestDryPoor
184263,Reynoutria japonica,ForestDryPoor
184849,Reynoutria japonica,ForestDryPoor
184850,Reynoutria japonica,ForestDryPoor
184851,Reynoutria japonica,ForestDryPoor
184852,Reynoutria japonica,ForestDryPoor
184853,Reynoutria japonica,ForestDryPoor
184854,Reynoutria japonica,ForestDryPoor
184855,Reynoutria japonica,ForestDryPoor
184856,Reynoutria japonica,ForestDryPoor
184857,Reynoutria japonica,ForestDryPoor
184858,Reynoutria japonica,ForestDryPoor
184859,Reynoutria japonica,ForestDryPoor
184860,Reynoutria japonica,ForestDryPoor
184861,Reynoutria japonica,ForestDryPoor
185448,Reynoutria japonica,ForestDryPoor
185449,Reynoutria japonica,ForestDryPoor
185450,Reynoutria japonica,ForestDryPoor
185451,Reynoutria japonica,ForestDryPoor
185452,Reynoutria japonica,ForestDryPoor
185453,Reynoutria japonica,ForestDryPoor
185454,Reynoutria japonica,ForestDryPoor
185455,Reynoutria japonica,ForestDryPoor
185456,Reynoutria japonica,ForestDryPoor
185457,Reynoutria japonica,ForestDryPoor
185458,Reynoutria japonica,ForestDryPoor
185459,Reynoutria japonica,ForestDryPoor
185460,Reynoutria japonica,ForestDryPoor
186047,Reynoutria japonica,ForestDryPoor
186048,Reynoutria japonica,ForestDryPoor
186049,Reynoutria japonica,ForestDryPoor
186050,Reynoutria japonica,ForestDryPoor
186051,Reynoutria japonica,ForestDryPoor
186052,Reynoutria japonica,ForestDryPoor
186053,Reynoutria japonica,ForestDryPoor
186054,Reynoutria japonica,ForestDryPoor
186055,Reynoutria japonica,ForestDryPoor
186056,Reynoutria japonica,ForestDryPoor
186057,Reynoutria japonica,ForestDryPoor
186058,Reynoutria japonica,ForestDryPoor
186646,Reynoutria japonica,ForestDryPoor
186647,Reynoutria japonica,ForestDryPoor
186648,Reynoutria japonica,ForestDryPoor
186649,Reynoutria japonica,ForestDryPoor
186650,Reynoutria japonica,ForestDryPoor
186651,Reynoutria japonica,ForestDryPoor
186652,Reynoutria japonica,ForestDryPoor
186653,Reynoutria japonica,ForestDryPoor
186654,Reynoutria japonica,ForestDryPoor
186655,Reynoutria japonica,ForestDryPoor
186656,Reynoutria japonica,ForestDryPoor
187245,Reynoutria japonica,ForestDryPoor
187246,Reynoutria japonica,ForestDryPoor
187247,Reynoutria japonica,ForestDryPoor
187248,Reynoutria japonica,ForestDryPoor
187249,Reynoutria japonica,ForestDryPoor
187250,Reynoutria japonica,ForestDryPoor
187251,Reynoutria japonica,ForestDryPoor
187252,Reynoutria japonica,ForestDryPoor
187253,Reynoutria japonica,ForestDryPoor
187254,Reynoutria japonica,ForestDryPoor
187844,Reynoutria japonica,ForestDryPoor
187845,Reynoutria japonica,ForestDryPoor
187846,Reynoutria japonica,ForestDryPoor
187847,Reynoutria japonica,ForestDryPoor
187848,Reynoutria japonica,ForestDryPoor
187849,Reynoutria japonica,ForestDryPoor
187850,Reynoutria japonica,ForestDryPoor
187851,Reynoutria japonica,ForestDryPoor
187852,Reynoutria japonica,ForestDryPoor
188443,Reynoutria japonica,ForestDryPoor
188444,Reynoutria japonica,ForestDryPoor
188445,Reynoutria japonica,ForestDryPoor
188446,Reynoutria japonica,ForestDryPoor
188447,Reynoutria japonica,ForestDryPoor
188448,Reynoutria japonica,ForestDryPoor
188449,Reynoutria japonica,ForestDryPoor
188450,Reynoutria japonica,ForestDryPoor
188451,Reynoutria japonica,ForestDryPoor
189042,Reynoutria japonica,ForestDryPoor
189043,Reynoutria japonica,ForestDryPoor
189044,Reynoutria japonica,ForestDryPoor
189045,Reynoutria japonica,ForestDryPoor
189046,Reynoutria japonica,ForestDryPoor
189047,Reynoutria japonica,ForestDryPoor
189048,Reynoutria japonica,ForestDryPoor
189049,Reynoutria japonica,ForestDryPoor
189641,Reynoutria japonica,ForestDryPoor
189642,Reynoutria japonica,ForestDryPoor
189643,Reynoutria japonica,ForestDryPoor
189644,Reynoutria japonica,ForestDryPoor
189645,Reynoutria japonica,ForestDryPoor
189646,Reynoutria japonica,ForestDryPoor
189647,Reynoutria japonica,ForestDryPoor
190240,Reynoutria japonica,ForestDryPoor
190241,Reynoutria japonica,ForestDryPoor
190242,Reynoutria japonica,ForestDryPoor
190243,Reynoutria japonica,ForestDryPoor
190244,Reynoutria japonica,ForestDryPoor
190245,Reynoutria japonica,ForestDryPoor
190839,Reynoutria japonica,ForestDryPoor
190840,Reynoutria japonica,ForestDryPoor
190841,Reynoutria japonica,ForestDryPoor
190842,Reynoutria japonica,ForestDryPoor
190843,Reynoutria japonica,ForestDryPoor
191438,Reynoutria japonica,ForestDryPoor
191439,Reynoutria japonica,ForestDryPoor
191440,Reynoutria japonica,ForestDryPoor
192037,Reynoutria japonica,ForestDryPoor
192038,Reynoutria japonica,ForestDryPoor
192636,Reynoutria japonica,ForestDryPoor
