74513,Solidago virgaurea,ForestDryPoor
74514,Solidago virgaurea,ForestDryPoor
74515,Solidago virgaurea,ForestDryPoor
74516,Solidago virgaurea,ForestDryPoor
74517,Solidago virgaurea,ForestDryPoor
74518,Solidago virgaurea,ForestDryPoor
74519,Solidago virgaurea,ForestDryPoor
74520,Solidago virgaurea,ForestDryPoor
74521,Solidago virgaurea,ForestDryPoor
74522,Solidago virgaurea,ForestDryPoor
74523,Solidago virgaurea,ForestDryPoor
74524,Solidago virgaurea,ForestDryPoor
74525,Solidago virgaurea,ForestDryPoor
74526,Solidago virgaurea,ForestDryPoor
74527,Solidago virgaurea,ForestDryPoor
74528,Solidago virgaurea,ForestDryPoor
74529,Solidago virgaurea,ForestDryPoor
74530,Solidago virgaurea,ForestDryPoor
74531,Solidago virgaurea,ForestDryPoor
74532,Solidago virgaurea,ForestDryPoor
75112,Solidago virgaurea,ForestDryPoor
75113,Solidago virgaurea,ForestDryPoor
75114,Solidago virgaurea,ForestDryPoor
75115,Solidago virgaurea,ForestDryPoor
75116,Solidago virgaurea,ForestDryPoor
75117,Solidago virgaurea,ForestDryPoor
75118,Solidago virgaurea,ForestDryPoor
75119,Solidago virgaurea,ForestDryPoor
75120,Solidago virgaurea,ForestDryPoor
75121,Solidago virgaurea,ForestDryPoor
75122,Solidago virgaurea,ForestDryPoor
75123,Solidago virgaurea,ForestDryPoor
75124,Solidago virgaurea,ForestDryPoor
75125,Solidago virgaurea,ForestDryPoor
75126,Solidago virgaurea,ForestDryPoor
75127,Solidago virgaurea,ForestDryPoor
75128,Solidago virgaurea,ForestDryPoor
75129,Solidago virgaurea,ForestDryPoor
75130,Solidago virgaurea,ForestDryPoor
75131,Solidago virgaurea,ForestDryPoor
75711,Solidago virgaurea,ForestDryPoor
75712,Solidago virgaurea,ForestDryPoor
75713,Solidago virgaurea,ForestDryPoor
75714,Solidago virgaurea,ForestDryPoor
75715,Solidago virgaurea,ForestDryPoor
75716,Solidago virgaurea,ForestDryPoor
75717,Solidago virgaurea,ForestDryPoor
75718,Solidago virgaurea,ForestDryPoor
75719,Solidago virgaurea,ForestDryPoor
75720,Solidago virgaurea,ForestDryPoor
75721,Solidago virgaurea,ForestDryPoor
75722,Solidago virgaurea,ForestDryPoor
75723,Solidago virgaurea,ForestDryPoor
75724,Solidago virgaurea,ForestDryPoor
75725,Solidago virgaurea,ForestDryPoor
75726,Solidago virgaurea,ForestDryPoor
75727,Solidago virgaurea,ForestDryPoor
75728,Solidago virgaurea,ForestDryPoor
75729,Solidago virgaurea,ForestDryPoor
75730,Solidago virgaurea,ForestDryPoor
76310,Solidago virgaurea,ForestDryPoor
76311,Solidago virgaurea,ForestDryPoor
76312,Solidago virgaurea,ForestDryPoor
76313,Solidago virgaurea,ForestDryPoor
76314,Solidago virgaurea,ForestDryPoor
76315,Solidago virgaurea,ForestDryPoor
76316,Solidago virgaurea,ForestDryPoor
76317,Solidago virgaurea,ForestDryPoor
76318,Solidago virgaurea,ForestDryPoor
76319,Solidago virgaurea,ForestDryPoor
76320,Solidago virgaurea,ForestDryPoor
76321,Solidago virgaurea,ForestDryPoor
76322,Solidago virgaurea,ForestDryPoor
76323,Solidago virgaurea,ForestDryPoor
76324,Solidago virgaurea,ForestDryPoor
76325,Solidago virgaurea,ForestDryPoor
76326,Solidago virgaurea,ForestDryPoor
76327,Solidago virgaurea,ForestDryPoor
76328,Solidago virgaurea,ForestDryPoor
76329,Solidago virgaurea,ForestDryPoor
76909,Solidago virgaurea,ForestDryPoor
76910,Solidago virgaurea,ForestDryPoor
76911,Solidago virgaurea,ForestDryPoor
76912,Solidago virgaurea,ForestDryPoor
76913,Solidago virgaurea,ForestDryPoor
76914,Solidago virgaurea,ForestDryPoor
76915,Solidago virgaurea,ForestDryPoor
76916,Solidago virgaurea,ForestDryPoor
76917,Solidago virgaurea,ForestDryPoor
76918,Solidago virgaurea,ForestDryPoor
76919,Solidago virgaurea,ForestDryPoor
76920,Solidago virgaurea,ForestDryPoor
76921,Solidago virgaurea,ForestDryPoor
76922,Solidago virgaurea,ForestDryPoor
76923,Solidago virgaurea,ForestDryPoor
76924,Solidago virgaurea,ForestDryPoor
76925,Solidago virgaurea,ForestDryPoor
76926,Solidago virgaurea,ForestDryPoor
76927,Solidago virgaurea,ForestDryPoor
76928,Solidago virgaurea,ForestDryPoor
77508,Solidago virgaurea,ForestDryPoor
77509,Solidago virgaurea,ForestDryPoor
77510,Solidago virgaurea,ForestDryPoor
77511,Solidago virgaurea,ForestDryPoor
77512,Solidago virgaurea,ForestDryPoor
77513,Solidago virgaurea,ForestDryPoor
77514,Solidago virgaurea,ForestDryPoor
77515,Solidago virgaurea,ForestDryPoor
77516,Solidago virgaurea,ForestDryPoor
77517,Solidago virgaurea,ForestDryPoor
77518,Solidago virgaurea,ForestDryPoor
77519,Solidago virgaurea,ForestDryPoor
77520,Solidago virgaurea,ForestDryPoor
77521,Solidago virgaurea,ForestDryPoor
77522,Solidago virgaurea,ForestDryPoor
77523,Solidago virgaurea,ForestDryPoor
77524,Solidago virgaurea,ForestDryPoor
77525,Solidago virgaurea,ForestDryPoor
77526,Solidago virgaurea,ForestDryPoor
77527,Solidago virgaurea,ForestDryPoor
78107,Solidago virgaurea,ForestDryPoor
78108,Solidago virgaurea,ForestDryPoor
78109,Solidago virgaurea,ForestDryPoor
78110,Solidago virgaurea,ForestDryPoor
78111,Solidago virgaurea,ForestDryPoor
78112,Solidago virgaurea,ForestDryPoor
78113,Solidago virgaurea,ForestDryPoor
78114,Solidago virgaurea,ForestDryPoor
78115,Solidago virgaurea,ForestDryPoor
78116,Solidago virgaurea,ForestDryPoor
78117,Solidago virgaurea,ForestDryPoor
78118,Solidago virgaurea,ForestDryPoor
78119,Solidago virgaurea,ForestDryPoor
78120,Solidago virgaurea,ForestDryPoor
78121,Solidago virgaurea,ForestDryPoor
78122,Solidago virgaurea,ForestDryPoor
78123,Solidago virgaurea,ForestDryPoor
78124,Solidago virgaurea,ForestDryPoor
78125,Solidago virgaurea,ForestDryPoor
78126,Solidago virgaurea,ForestDryPoor
78706,Solidago virgaurea,ForestDryPoor
78707,Solidago virgaurea,ForestDryPoor
78708,Solidago virgaurea,ForestDryPoor
78709,Solidago virgaurea,ForestDryPoor
78710,Solidago virgaurea,ForestDryPoor
78711,Solidago virgaurea,ForestDryPoor
78712,Solidago virgaurea,ForestDryPoor
78713,Solidago virgaurea,ForestDryPoor
78714,Solidago virgaurea,ForestDryPoor
78715,Solidago virgaurea,ForestDryPoor
78716,Solidago virgaurea,ForestDryPoor
78717,Solidago virgaurea,ForestDryPoor
78718,Solidago virgaurea,ForestDryPoor
78719,Solidago virgaurea,ForestDryPoor
78720,Solidago virgaurea,ForestDryPoor
78721,Solidago virgaurea,ForestDryPoor
78722,Solidago virgaurea,ForestDryPoor
78723,Solidago virgaurea,ForestDryPoor
78724,Solidago virgaurea,ForestDryPoor
78725,Solidago virgaurea,ForestDryPoor
79305,Solidago virgaurea,ForestDryPoor
79306,Solidago virgaurea,ForestDryPoor
79307,Solidago virgaurea,ForestDryPoor
79308,Solidago virgaurea,ForestDryPoor
79309,Solidago virgaurea,ForestDryPoor
79310,Solidago virgaurea,ForestDryPoor
79311,Solidago virgaurea,ForestDryPoor
79312,Solidago virgaurea,ForestDryPoor
79313,Solidago virgaurea,ForestDryPoor
79314,Solidago virgaurea,ForestDryPoor
79315,Solidago virgaurea,ForestDryPoor
79316,Solidago virgaurea,ForestDryPoor
79317,Solidago virgaurea,ForestDryPoor
79318,Solidago virgaurea,ForestDryPoor
79319,Solidago virgaurea,ForestDryPoor
79320,Solidago virgaurea,ForestDryPoor
79321,Solidago virgaurea,ForestDryPoor
79322,Solidago virgaurea,ForestDryPoor
79323,Solidago virgaurea,ForestDryPoor
79324,Solidago virgaurea,ForestDryPoor
79904,Solidago virgaurea,ForestDryPoor
79905,Solidago virgaurea,ForestDryPoor
79906,Solidago virgaurea,ForestDryPoor
79907,Solidago virgaurea,ForestDryPoor
79908,Solidago virgaurea,ForestDryPoor
79909,Solidago virgaurea,ForestDryPoor
79910,Solidago virgaurea,ForestDryPoor
79911,Solidago virgaurea,ForestDryPoor
79912,Solidago virgaurea,ForestDryPoor
79913,Solidago virgaurea,ForestDryPoor
79914,Solidago virgaurea,ForestDryPoor
79915,Solidago virgaurea,ForestDryPoor
79916,Solidago virgaurea,ForestDryPoor
79917,Solidago virgaurea,ForestDryPoor
79918,Solidago virgaurea,ForestDryPoor
79919,Solidago virgaurea,ForestDryPoor
79920,Solidago virgaurea,ForestDryPoor
79921,Solidago virgaurea,ForestDryPoor
79922,Solidago virgaurea,ForestDryPoor
79923,Solidago virgaurea,ForestDryPoor
80503,Solidago virgaurea,ForestDryPoor
80504,Solidago virgaurea,ForestDryPoor
80505,Solidago virgaurea,ForestDryPoor
80506,Solidago virgaurea,ForestDryPoor
80507,Solidago virgaurea,ForestDryPoor
80508,Solidago virgaurea,ForestDryPoor
80509,Solidago virgaurea,ForestDryPoor
80510,Solidago virgaurea,ForestDryPoor
80511,Solidago virgaurea,ForestDryPoor
80512,Solidago virgaurea,ForestDryPoor
80513,Solidago virgaurea,ForestDryPoor
80514,Solidago virgaurea,ForestDryPoor
80515,Solidago virgaurea,ForestDryPoor
80516,Solidago virgaurea,ForestDryPoor
80517,Solidago virgaurea,ForestDryPoor
80518,Solidago virgaurea,ForestDryPoor
80519,Solidago virgaurea,ForestDryPoor
80520,Solidago virgaurea,ForestDryPoor
80521,Solidago virgaurea,ForestDryPoor
80522,Solidago virgaurea,ForestDryPoor
81102,Solidago virgaurea,ForestDryPoor
81103,Solidago virgaurea,ForestDryPoor
81104,Solidago virgaurea,ForestDryPoor
81105,Solidago virgaurea,ForestDryPoor
81106,Solidago virgaurea,ForestDryPoor
81107,Solidago virgaurea,ForestDryPoor
81108,Solidago virgaurea,ForestDryPoor
81109,Solidago virgaurea,ForestDryPoor
81110,Solidago virgaurea,ForestDryPoor
81111,Solidago virgaurea,ForestDryPoor
81112,Solidago virgaurea,ForestDryPoor
81113,Solidago virgaurea,ForestDryPoor
81114,Solidago virgaurea,ForestDryPoor
81115,Solidago virgaurea,ForestDryPoor
81116,Solidago virgaurea,ForestDryPoor
81117,Solidago virgaurea,ForestDryPoor
81118,Solidago virgaurea,ForestDryPoor
81119,Solidago virgaurea,ForestDryPoor
81120,Solidago virgaurea,ForestDryPoor
81121,Solidago virgaurea,ForestDryPoor
81701,Solidago virgaurea,ForestDryPoor
81702,Solidago virgaurea,ForestDryPoor
81703,Solidago virgaurea,ForestDryPoor
81704,Solidago virgaurea,ForestDryPoor
81705,Solidago virgaurea,ForestDryPoor
81706,Solidago virgaurea,ForestDryPoor
81707,Solidago virgaurea,ForestDryPoor
81708,Solidago virgaurea,ForestDryPoor
81709,Solidago virgaurea,ForestDryPoor
81710,Solidago virgaurea,ForestDryPoor
81711,Solidago virgaurea,ForestDryPoor
81712,Solidago virgaurea,ForestDryPoor
81713,Solidago virgaurea,ForestDryPoor
81714,Solidago virgaurea,ForestDryPoor
81715,Solidago virgaurea,ForestDryPoor
81716,Solidago virgaurea,ForestDryPoor
81717,Solidago virgaurea,ForestDryPoor
81718,Solidago virgaurea,ForestDryPoor
81719,Solidago virgaurea,ForestDryPoor
81720,Solidago virgaurea,ForestDryPoor
82300,Solidago virgaurea,ForestDryPoor
82301,Solidago virgaurea,ForestDryPoor
82302,Solidago virgaurea,ForestDryPoor
82303,Solidago virgaurea,ForestDryPoor
82304,Solidago virgaurea,ForestDryPoor
82305,Solidago virgaurea,ForestDryPoor
82306,Solidago virgaurea,ForestDryPoor
82307,Solidago virgaurea,ForestDryPoor
82308,Solidago virgaurea,ForestDryPoor
82309,Solidago virgaurea,ForestDryPoor
82310,Solidago virgaurea,ForestDryPoor
82311,Solidago virgaurea,ForestDryPoor
82312,Solidago virgaurea,ForestDryPoor
82313,Solidago virgaurea,ForestDryPoor
82314,Solidago virgaurea,ForestDryPoor
82315,Solidago virgaurea,ForestDryPoor
82316,Solidago virgaurea,ForestDryPoor
82317,Solidago virgaurea,ForestDryPoor
82318,Solidago virgaurea,ForestDryPoor
82319,Solidago virgaurea,ForestDryPoor
82899,Solidago virgaurea,ForestDryPoor
82900,Solidago virgaurea,ForestDryPoor
82901,Solidago virgaurea,ForestDryPoor
82902,Solidago virgaurea,ForestDryPoor
82903,Solidago virgaurea,ForestDryPoor
82904,Solidago virgaurea,ForestDryPoor
82905,Solidago virgaurea,ForestDryPoor
82906,Solidago virgaurea,ForestDryPoor
82907,Solidago virgaurea,ForestDryPoor
82908,Solidago virgaurea,ForestDryPoor
82909,Solidago virgaurea,ForestDryPoor
82910,Solidago virgaurea,ForestDryPoor
82911,Solidago virgaurea,ForestDryPoor
82912,Solidago virgaurea,ForestDryPoor
82913,Solidago virgaurea,ForestDryPoor
82914,Solidago virgaurea,ForestDryPoor
82915,Solidago virgaurea,ForestDryPoor
82916,Solidago virgaurea,ForestDryPoor
82917,Solidago virgaurea,ForestDryPoor
82918,Solidago virgaurea,ForestDryPoor
83498,Solidago virgaurea,ForestDryPoor
83499,Solidago virgaurea,ForestDryPoor
83500,Solidago virgaurea,ForestDryPoor
83501,Solidago virgaurea,ForestDryPoor
83502,Solidago virgaurea,ForestDryPoor
83503,Solidago virgaurea,ForestDryPoor
83504,Solidago virgaurea,ForestDryPoor
83505,Solidago virgaurea,ForestDryPoor
83506,Solidago virgaurea,ForestDryPoor
83507,Solidago virgaurea,ForestDryPoor
83508,Solidago virgaurea,ForestDryPoor
83509,Solidago virgaurea,ForestDryPoor
83510,Solidago virgaurea,ForestDryPoor
83511,Solidago virgaurea,ForestDryPoor
83512,Solidago virgaurea,ForestDryPoor
83513,Solidago virgaurea,ForestDryPoor
83514,Solidago virgaurea,ForestDryPoor
83515,Solidago virgaurea,ForestDryPoor
83516,Solidago virgaurea,ForestDryPoor
83517,Solidago virgaurea,ForestDryPoor
84097,Solidago virgaurea,ForestDryPoor
84098,Solidago virgaurea,ForestDryPoor
84099,Solidago virgaurea,ForestDryPoor
84100,Solidago virgaurea,ForestDryPoor
84101,Solidago virgaurea,ForestDryPoor
84102,Solidago virgaurea,ForestDryPoor
84103,Solidago virgaurea,ForestDryPoor
84104,Solidago virgaurea,ForestDryPoor
84105,Solidago virgaurea,ForestDryPoor
84106,Solidago virgaurea,ForestDryPoor
84107,Solidago virgaurea,ForestDryPoor
84108,Solidago virgaurea,ForestDryPoor
84109,Solidago virgaurea,ForestDryPoor
84110,Solidago virgaurea,ForestDryPoor
84111,Solidago virgaurea,ForestDryPoor
84112,Solidago virgaurea,ForestDryPoor
84113,Solidago virgaurea,ForestDryPoor
84114,Solidago virgaurea,ForestDryPoor
84115,Solidago virgaurea,ForestDryPoor
84116,Solidago virgaurea,ForestDryPoor
84696,Solidago virgaurea,ForestDryPoor
84697,Solidago virgaurea,ForestDryPoor
84698,Solidago virgaurea,ForestDryPoor
84699,Solidago virgaurea,ForestDryPoor
84700,Solidago virgaurea,ForestDryPoor
84701,Solidago virgaurea,ForestDryPoor
84702,Solidago virgaurea,ForestDryPoor
84703,Solidago virgaurea,ForestDryPoor
84704,Solidago virgaurea,ForestDryPoor
84705,Solidago virgaurea,ForestDryPoor
84706,Solidago virgaurea,ForestDryPoor
84707,Solidago virgaurea,ForestDryPoor
84708,Solidago virgaurea,ForestDryPoor
84709,Solidago virgaurea,ForestDryPoor
84710,Solidago virgaurea,ForestDryPoor
84711,Solidago virgaurea,ForestDryPoor
84712,Solidago virgaurea,ForestDryPoor
84713,Solidago virgaurea,ForestDryPoor
84714,Solidago virgaurea,ForestDryPoor
84715,Solidago virgaurea,ForestDryPoor
85295,Solidago virgaurea,ForestDryPoor
85296,Solidago virgaurea,ForestDryPoor
85297,Solidago virgaurea,ForestDryPoor
85298,Solidago virgaurea,ForestDryPoor
85299,Solidago virgaurea,ForestDryPoor
85300,Solidago virgaurea,ForestDryPoor
85301,Solidago virgaurea,ForestDryPoor
85302,Solidago virgaurea,ForestDryPoor
85303,Solidago virgaurea,ForestDryPoor
85304,Solidago virgaurea,ForestDryPoor
85305,Solidago virgaurea,ForestDryPoor
85306,Solidago virgaurea,ForestDryPoor
85307,Solidago virgaurea,ForestDryPoor
85308,Solidago virgaurea,ForestDryPoor
85309,Solidago virgaurea,ForestDryPoor
85310,Solidago virgaurea,ForestDryPoor
85311,Solidago virgaurea,ForestDryPoor
85312,Solidago virgaurea,ForestDryPoor
85313,Solidago virgaurea,ForestDryPoor
85314,Solidago virgaurea,ForestDryPoor
85894,Solidago virgaurea,ForestDryPoor
85895,Solidago virgaurea,ForestDryPoor
85896,Solidago virgaurea,ForestDryPoor
85897,Solidago virgaurea,ForestDryPoor
85898,Solidago virgaurea,ForestDryPoor
85899,Solidago virgaurea,ForestDryPoor
85900,Solidago virgaurea,ForestDryPoor
85901,Solidago virgaurea,ForestDryPoor
85902,Solidago virgaurea,ForestDryPoor
85903,Solidago virgaurea,ForestDryPoor
85904,Solidago virgaurea,ForestDryPoor
85905,Solidago virgaurea,ForestDryPoor
85906,Solidago virgaurea,ForestDryPoor
85907,Solidago virgaurea,ForestDryPoor
85908,Solidago virgaurea,ForestDryPoor
85909,Solidago virgaurea,ForestDryPoor
85910,Solidago virgaurea,ForestDryPoor
85911,Solidago virgaurea,ForestDryPoor
85912,Solidago virgaurea,ForestDryPoor
85913,Solidago virgaurea,ForestDryPoor
86493,Solidago virgaurea,ForestDryPoor
86494,Solidago virgaurea,ForestDryPoor
86495,Solidago virgaurea,ForestDryPoor
86496,Solidago virgaurea,ForestDryPoor
86497,Solidago virgaurea,ForestDryPoor
86498,Solidago virgaurea,ForestDryPoor
86499,Solidago virgaurea,ForestDryPoor
86500,Solidago virgaurea,ForestDryPoor
86501,Solidago virgaurea,ForestDryPoor
86502,Solidago virgaurea,ForestDryPoor
86503,Solidago virgaurea,ForestDryPoor
86504,Solidago virgaurea,ForestDryPoor
86505,Solidago virgaurea,ForestDryPoor
86506,Solidago virgaurea,ForestDryPoor
86507,Solidago virgaurea,ForestDryPoor
86508,Solidago virgaurea,ForestDryPoor
86509,Solidago virgaurea,ForestDryPoor
86510,Solidago virgaurea,ForestDryPoor
86511,Solidago virgaurea,ForestDryPoor
86512,Solidago virgaurea,ForestDryPoor
86553,Solidago virgaurea,ForestDryPoor
86554,Solidago virgaurea,ForestDryPoor
86555,Solidago virgaurea,ForestDryPoor
86556,Solidago virgaurea,ForestDryPoor
86557,Solidago virgaurea,ForestDryPoor
86558,Solidago virgaurea,ForestDryPoor
86559,Solidago virgaurea,ForestDryPoor
86560,Solidago virgaurea,ForestDryPoor
86561,Solidago virgaurea,ForestDryPoor
86562,Solidago virgaurea,ForestDryPoor
86563,Solidago virgaurea,ForestDryPoor
87092,Solidago virgaurea,ForestDryPoor
87093,Solidago virgaurea,ForestDryPoor
87094,Solidago virgaurea,ForestDryPoor
87095,Solidago virgaurea,ForestDryPoor
87096,Solidago virgaurea,ForestDryPoor
87097,Solidago virgaurea,ForestDryPoor
87098,Solidago virgaurea,ForestDryPoor
87099,Solidago virgaurea,ForestDryPoor
87100,Solidago virgaurea,ForestDryPoor
87101,Solidago virgaurea,ForestDryPoor
87102,Solidago virgaurea,ForestDryPoor
87103,Solidago virgaurea,ForestDryPoor
87104,Solidago virgaurea,ForestDryPoor
87105,Solidago virgaurea,ForestDryPoor
87106,Solidago virgaurea,ForestDryPoor
87107,Solidago virgaurea,ForestDryPoor
87108,Solidago virgaurea,ForestDryPoor
87109,Solidago virgaurea,ForestDryPoor
87110,Solidago virgaurea,ForestDryPoor
87111,Solidago virgaurea,ForestDryPoor
87152,Solidago virgaurea,ForestDryPoor
87153,Solidago virgaurea,ForestDryPoor
87154,Solidago virgaurea,ForestDryPoor
87155,Solidago virgaurea,ForestDryPoor
87156,Solidago virgaurea,ForestDryPoor
87157,Solidago virgaurea,ForestDryPoor
87158,Solidago virgaurea,ForestDryPoor
87159,Solidago virgaurea,ForestDryPoor
87160,Solidago virgaurea,ForestDryPoor
87161,Solidago virgaurea,ForestDryPoor
87162,Solidago virgaurea,ForestDryPoor
87691,Solidago virgaurea,ForestDryPoor
87692,Solidago virgaurea,ForestDryPoor
87693,Solidago virgaurea,ForestDryPoor
87694,Solidago virgaurea,ForestDryPoor
87695,Solidago virgaurea,ForestDryPoor
87696,Solidago virgaurea,ForestDryPoor
87697,Solidago virgaurea,ForestDryPoor
87698,Solidago virgaurea,ForestDryPoor
87699,Solidago virgaurea,ForestDryPoor
87700,Solidago virgaurea,ForestDryPoor
87701,Solidago virgaurea,ForestDryPoor
87702,Solidago virgaurea,ForestDryPoor
87703,Solidago virgaurea,ForestDryPoor
87704,Solidago virgaurea,ForestDryPoor
87705,Solidago virgaurea,ForestDryPoor
87706,Solidago virgaurea,ForestDryPoor
87707,Solidago virgaurea,ForestDryPoor
87708,Solidago virgaurea,ForestDryPoor
87709,Solidago virgaurea,ForestDryPoor
87710,Solidago virgaurea,ForestDryPoor
87751,Solidago virgaurea,ForestDryPoor
87752,Solidago virgaurea,ForestDryPoor
87753,Solidago virgaurea,ForestDryPoor
87754,Solidago virgaurea,ForestDryPoor
87755,Solidago virgaurea,ForestDryPoor
87756,Solidago virgaurea,ForestDryPoor
87757,Solidago virgaurea,ForestDryPoor
87758,Solidago virgaurea,ForestDryPoor
87759,Solidago virgaurea,ForestDryPoor
87760,Solidago virgaurea,ForestDryPoor
87761,Solidago virgaurea,ForestDryPoor
87762,Solidago virgaurea,ForestDryPoor
88290,Solidago virgaurea,ForestDryPoor
88291,Solidago virgaurea,ForestDryPoor
88292,Solidago virgaurea,ForestDryPoor
88293,Solidago virgaurea,ForestDryPoor
88294,Solidago virgaurea,ForestDryPoor
88295,Solidago virgaurea,ForestDryPoor
88296,Solidago virgaurea,ForestDryPoor
88297,Solidago virgaurea,ForestDryPoor
88298,Solidago virgaurea,ForestDryPoor
88299,Solidago virgaurea,ForestDryPoor
88300,Solidago virgaurea,ForestDryPoor
88301,Solidago virgaurea,ForestDryPoor
88302,Solidago virgaurea,ForestDryPoor
88303,Solidago virgaurea,ForestDryPoor
88304,Solidago virgaurea,ForestDryPoor
88305,Solidago virgaurea,ForestDryPoor
88306,Solidago virgaurea,ForestDryPoor
88307,Solidago virgaurea,ForestDryPoor
88308,Solidago virgaurea,ForestDryPoor
88309,Solidago virgaurea,ForestDryPoor
88350,Solidago virgaurea,ForestDryPoor
88351,Solidago virgaurea,ForestDryPoor
88352,Solidago virgaurea,ForestDryPoor
88353,Solidago virgaurea,ForestDryPoor
88354,Solidago virgaurea,ForestDryPoor
88355,Solidago virgaurea,ForestDryPoor
88356,Solidago virgaurea,ForestDryPoor
88357,Solidago virgaurea,ForestDryPoor
88358,Solidago virgaurea,ForestDryPoor
88359,Solidago virgaurea,ForestDryPoor
88360,Solidago virgaurea,ForestDryPoor
88361,Solidago virgaurea,ForestDryPoor
88889,Solidago virgaurea,ForestDryPoor
88890,Solidago virgaurea,ForestDryPoor
88891,Solidago virgaurea,ForestDryPoor
88892,Solidago virgaurea,ForestDryPoor
88893,Solidago virgaurea,ForestDryPoor
88894,Solidago virgaurea,ForestDryPoor
88895,Solidago virgaurea,ForestDryPoor
88896,Solidago virgaurea,ForestDryPoor
88897,Solidago virgaurea,ForestDryPoor
88898,Solidago virgaurea,ForestDryPoor
88899,Solidago virgaurea,ForestDryPoor
88900,Solidago virgaurea,ForestDryPoor
88901,Solidago virgaurea,ForestDryPoor
88902,Solidago virgaurea,ForestDryPoor
88903,Solidago virgaurea,ForestDryPoor
88904,Solidago virgaurea,ForestDryPoor
88905,Solidago virgaurea,ForestDryPoor
88906,Solidago virgaurea,ForestDryPoor
88907,Solidago virgaurea,ForestDryPoor
88908,Solidago virgaurea,ForestDryPoor
88949,Solidago virgaurea,ForestDryPoor
88950,Solidago virgaurea,ForestDryPoor
88951,Solidago virgaurea,ForestDryPoor
88952,Solidago virgaurea,ForestDryPoor
88953,Solidago virgaurea,ForestDryPoor
88954,Solidago virgaurea,ForestDryPoor
88955,Solidago virgaurea,ForestDryPoor
88956,Solidago virgaurea,ForestDryPoor
88957,Solidago virgaurea,ForestDryPoor
88958,Solidago virgaurea,ForestDryPoor
88959,Solidago virgaurea,ForestDryPoor
88960,Solidago virgaurea,ForestDryPoor
89488,Solidago virgaurea,ForestDryPoor
89489,Solidago virgaurea,ForestDryPoor
89490,Solidago virgaurea,ForestDryPoor
89491,Solidago virgaurea,ForestDryPoor
89492,Solidago virgaurea,ForestDryPoor
89493,Solidago virgaurea,ForestDryPoor
89494,Solidago virgaurea,ForestDryPoor
89495,Solidago virgaurea,ForestDryPoor
89496,Solidago virgaurea,ForestDryPoor
89497,Solidago virgaurea,ForestDryPoor
89498,Solidago virgaurea,ForestDryPoor
89499,Solidago virgaurea,ForestDryPoor
89500,Solidago virgaurea,ForestDryPoor
89501,Solidago virgaurea,ForestDryPoor
89502,Solidago virgaurea,ForestDryPoor
89503,Solidago virgaurea,ForestDryPoor
89504,Solidago virgaurea,ForestDryPoor
89505,Solidago virgaurea,ForestDryPoor
89506,Solidago virgaurea,ForestDryPoor
89507,Solidago virgaurea,ForestDryPoor
89548,Solidago virgaurea,ForestDryPoor
89549,Solidago virgaurea,ForestDryPoor
89550,Solidago virgaurea,ForestDryPoor
89551,Solidago virgaurea,ForestDryPoor
89552,Solidago virgaurea,ForestDryPoor
89553,Solidago virgaurea,ForestDryPoor
89554,Solidago virgaurea,ForestDryPoor
89555,Solidago virgaurea,ForestDryPoor
89556,Solidago virgaurea,ForestDryPoor
89557,Solidago virgaurea,ForestDryPoor
89558,Solidago virgaurea,ForestDryPoor
89559,Solidago virgaurea,ForestDryPoor
90087,Solidago virgaurea,ForestDryPoor
90088,Solidago virgaurea,ForestDryPoor
90089,Solidago virgaurea,ForestDryPoor
90090,Solidago virgaurea,ForestDryPoor
90091,Solidago virgaurea,ForestDryPoor
90092,Solidago virgaurea,ForestDryPoor
90093,Solidago virgaurea,ForestDryPoor
90094,Solidago virgaurea,ForestDryPoor
90095,Solidago virgaurea,ForestDryPoor
90096,Solidago virgaurea,ForestDryPoor
90097,Solidago virgaurea,ForestDryPoor
90098,Solidago virgaurea,ForestDryPoor
90099,Solidago virgaurea,ForestDryPoor
90100,Solidago virgaurea,ForestDryPoor
90101,Solidago virgaurea,ForestDryPoor
90102,Solidago virgaurea,ForestDryPoor
90103,Solidago virgaurea,ForestDryPoor
90104,Solidago virgaurea,ForestDryPoor
90105,Solidago virgaurea,ForestDryPoor
90106,Solidago virgaurea,ForestDryPoor
90147,Solidago virgaurea,ForestDryPoor
90148,Solidago virgaurea,ForestDryPoor
90149,Solidago virgaurea,ForestDryPoor
90150,Solidago virgaurea,ForestDryPoor
90151,Solidago virgaurea,ForestDryPoor
90152,Solidago virgaurea,ForestDryPoor
90153,Solidago virgaurea,ForestDryPoor
90154,Solidago virgaurea,ForestDryPoor
90155,Solidago virgaurea,ForestDryPoor
90156,Solidago virgaurea,ForestDryPoor
90157,Solidago virgaurea,ForestDryPoor
90158,Solidago virgaurea,ForestDryPoor
90159,Solidago virgaurea,ForestDryPoor
90686,Solidago virgaurea,ForestDryPoor
90687,Solidago virgaurea,ForestDryPoor
90688,Solidago virgaurea,ForestDryPoor
90689,Solidago virgaurea,ForestDryPoor
90690,Solidago virgaurea,ForestDryPoor
90691,Solidago virgaurea,ForestDryPoor
90692,Solidago virgaurea,ForestDryPoor
90693,Solidago virgaurea,ForestDryPoor
90694,Solidago virgaurea,ForestDryPoor
90695,Solidago virgaurea,ForestDryPoor
90696,Solidago virgaurea,ForestDryPoor
90697,Solidago virgaurea,ForestDryPoor
90698,Solidago virgaurea,ForestDryPoor
90699,Solidago virgaurea,ForestDryPoor
90700,Solidago virgaurea,ForestDryPoor
90701,Solidago virgaurea,ForestDryPoor
90702,Solidago virgaurea,ForestDryPoor
90703,Solidago virgaurea,ForestDryPoor
90704,Solidago virgaurea,ForestDryPoor
90705,Solidago virgaurea,ForestDryPoor
90746,Solidago virgaurea,ForestDryPoor
90747,Solidago virgaurea,ForestDryPoor
90748,Solidago virgaurea,ForestDryPoor
90749,Solidago virgaurea,ForestDryPoor
90750,Solidago virgaurea,ForestDryPoor
90751,Solidago virgaurea,ForestDryPoor
90752,Solidago virgaurea,ForestDryPoor
90753,Solidago virgaurea,ForestDryPoor
90754,Solidago virgaurea,ForestDryPoor
90755,Solidago virgaurea,ForestDryPoor
90756,Solidago virgaurea,ForestDryPoor
90757,Solidago virgaurea,ForestDryPoor
90758,Solidago virgaurea,ForestDryPoor
91285,Solidago virgaurea,ForestDryPoor
91286,Solidago virgaurea,ForestDryPoor
91287,Solidago virgaurea,ForestDryPoor
91288,Solidago virgaurea,ForestDryPoor
91289,Solidago virgaurea,ForestDryPoor
91290,Solidago virgaurea,ForestDryPoor
91291,Solidago virgaurea,ForestDryPoor
91292,Solidago virgaurea,ForestDryPoor
91293,Solidago virgaurea,ForestDryPoor
91294,Solidago virgaurea,ForestDryPoor
91295,Solidago virgaurea,ForestDryPoor
91296,Solidago virgaurea,ForestDryPoor
91297,Solidago virgaurea,ForestDryPoor
91298,Solidago virgaurea,ForestDryPoor
91299,Solidago virgaurea,ForestDryPoor
91300,Solidago virgaurea,ForestDryPoor
91301,Solidago virgaurea,ForestDryPoor
91302,Solidago virgaurea,ForestDryPoor
91303,Solidago virgaurea,ForestDryPoor
91304,Solidago virgaurea,ForestDryPoor
91345,Solidago virgaurea,ForestDryPoor
91346,Solidago virgaurea,ForestDryPoor
91347,Solidago virgaurea,ForestDryPoor
91348,Solidago virgaurea,ForestDryPoor
91349,Solidago virgaurea,ForestDryPoor
91350,Solidago virgaurea,ForestDryPoor
91351,Solidago virgaurea,ForestDryPoor
91352,Solidago virgaurea,ForestDryPoor
91353,Solidago virgaurea,ForestDryPoor
91354,Solidago virgaurea,ForestDryPoor
91355,Solidago virgaurea,ForestDryPoor
91356,Solidago virgaurea,ForestDryPoor
91357,Solidago virgaurea,ForestDryPoor
91884,Solidago virgaurea,ForestDryPoor
91885,Solidago virgaurea,ForestDryPoor
91886,Solidago virgaurea,ForestDryPoor
91887,Solidago virgaurea,ForestDryPoor
91888,Solidago virgaurea,ForestDryPoor
91889,Solidago virgaurea,ForestDryPoor
91890,Solidago virgaurea,ForestDryPoor
91891,Solidago virgaurea,ForestDryPoor
91892,Solidago virgaurea,ForestDryPoor
91893,Solidago virgaurea,ForestDryPoor
91894,Solidago virgaurea,ForestDryPoor
91895,Solidago virgaurea,ForestDryPoor
91896,Solidago virgaurea,ForestDryPoor
91897,Solidago virgaurea,ForestDryPoor
91898,Solidago virgaurea,ForestDryPoor
91899,Solidago virgaurea,ForestDryPoor
91900,Solidago virgaurea,ForestDryPoor
91901,Solidago virgaurea,ForestDryPoor
91902,Solidago virgaurea,ForestDryPoor
91903,Solidago virgaurea,ForestDryPoor
91944,Solidago virgaurea,ForestDryPoor
91945,Solidago virgaurea,ForestDryPoor
91946,Solidago virgaurea,ForestDryPoor
91947,Solidago virgaurea,ForestDryPoor
91948,Solidago virgaurea,ForestDryPoor
91949,Solidago virgaurea,ForestDryPoor
91950,Solidago virgaurea,ForestDryPoor
91951,Solidago virgaurea,ForestDryPoor
91952,Solidago virgaurea,ForestDryPoor
91953,Solidago virgaurea,ForestDryPoor
91954,Solidago virgaurea,ForestDryPoor
91955,Solidago virgaurea,ForestDryPoor
91956,Solidago virgaurea,ForestDryPoor
92483,Solidago virgaurea,ForestDryPoor
92484,Solidago virgaurea,ForestDryPoor
92485,Solidago virgaurea,ForestDryPoor
92486,Solidago virgaurea,ForestDryPoor
92487,Solidago virgaurea,ForestDryPoor
92488,Solidago virgaurea,ForestDryPoor
92489,Solidago virgaurea,ForestDryPoor
92490,Solidago virgaurea,ForestDryPoor
92491,Solidago virgaurea,ForestDryPoor
92492,Solidago virgaurea,ForestDryPoor
92493,Solidago virgaurea,ForestDryPoor
92494,Solidago virgaurea,ForestDryPoor
92495,Solidago virgaurea,ForestDryPoor
92496,Solidago virgaurea,ForestDryPoor
92497,Solidago virgaurea,ForestDryPoor
92498,Solidago virgaurea,ForestDryPoor
92499,Solidago virgaurea,ForestDryPoor
92500,Solidago virgaurea,ForestDryPoor
92501,Solidago virgaurea,ForestDryPoor
92502,Solidago virgaurea,ForestDryPoor
92543,Solidago virgaurea,ForestDryPoor
92544,Solidago virgaurea,ForestDryPoor
92545,Solidago virgaurea,ForestDryPoor
92546,Solidago virgaurea,ForestDryPoor
92547,Solidago virgaurea,ForestDryPoor
92548,Solidago virgaurea,ForestDryPoor
92549,Solidago virgaurea,ForestDryPoor
92550,Solidago virgaurea,ForestDryPoor
92551,Solidago virgaurea,ForestDryPoor
92552,Solidago virgaurea,ForestDryPoor
92553,Solidago virgaurea,ForestDryPoor
92554,Solidago virgaurea,ForestDryPoor
92555,Solidago virgaurea,ForestDryPoor
93082,Solidago virgaurea,ForestDryPoor
93083,Solidago virgaurea,ForestDryPoor
93084,Solidago virgaurea,ForestDryPoor
93085,Solidago virgaurea,ForestDryPoor
93086,Solidago virgaurea,ForestDryPoor
93087,Solidago virgaurea,ForestDryPoor
93088,Solidago virgaurea,ForestDryPoor
93089,Solidago virgaurea,ForestDryPoor
93090,Solidago virgaurea,ForestDryPoor
93091,Solidago virgaurea,ForestDryPoor
93092,Solidago virgaurea,ForestDryPoor
93093,Solidago virgaurea,ForestDryPoor
93094,Solidago virgaurea,ForestDryPoor
93095,Solidago virgaurea,ForestDryPoor
93096,Solidago virgaurea,ForestDryPoor
93097,Solidago virgaurea,ForestDryPoor
93098,Solidago virgaurea,ForestDryPoor
93099,Solidago virgaurea,ForestDryPoor
93100,Solidago virgaurea,ForestDryPoor
93101,Solidago virgaurea,ForestDryPoor
93142,Solidago virgaurea,ForestDryPoor
93143,Solidago virgaurea,ForestDryPoor
93144,Solidago virgaurea,ForestDryPoor
93145,Solidago virgaurea,ForestDryPoor
93146,Solidago virgaurea,ForestDryPoor
93147,Solidago virgaurea,ForestDryPoor
93148,Solidago virgaurea,ForestDryPoor
93149,Solidago virgaurea,ForestDryPoor
93150,Solidago virgaurea,ForestDryPoor
93151,Solidago virgaurea,ForestDryPoor
93152,Solidago virgaurea,ForestDryPoor
93153,Solidago virgaurea,ForestDryPoor
93154,Solidago virgaurea,ForestDryPoor
93155,Solidago virgaurea,ForestDryPoor
93681,Solidago virgaurea,ForestDryPoor
93682,Solidago virgaurea,ForestDryPoor
93683,Solidago virgaurea,ForestDryPoor
93684,Solidago virgaurea,ForestDryPoor
93685,Solidago virgaurea,ForestDryPoor
93686,Solidago virgaurea,ForestDryPoor
93687,Solidago virgaurea,ForestDryPoor
93688,Solidago virgaurea,ForestDryPoor
93689,Solidago virgaurea,ForestDryPoor
93690,Solidago virgaurea,ForestDryPoor
93691,Solidago virgaurea,ForestDryPoor
93692,Solidago virgaurea,ForestDryPoor
93693,Solidago virgaurea,ForestDryPoor
93694,Solidago virgaurea,ForestDryPoor
93695,Solidago virgaurea,ForestDryPoor
93696,Solidago virgaurea,ForestDryPoor
93697,Solidago virgaurea,ForestDryPoor
93698,Solidago virgaurea,ForestDryPoor
93699,Solidago virgaurea,ForestDryPoor
93700,Solidago virgaurea,ForestDryPoor
93741,Solidago virgaurea,ForestDryPoor
93742,Solidago virgaurea,ForestDryPoor
93743,Solidago virgaurea,ForestDryPoor
93744,Solidago virgaurea,ForestDryPoor
93745,Solidago virgaurea,ForestDryPoor
93746,Solidago virgaurea,ForestDryPoor
93747,Solidago virgaurea,ForestDryPoor
93748,Solidago virgaurea,ForestDryPoor
93749,Solidago virgaurea,ForestDryPoor
93750,Solidago virgaurea,ForestDryPoor
93751,Solidago virgaurea,ForestDryPoor
93752,Solidago virgaurea,ForestDryPoor
93753,Solidago virgaurea,ForestDryPoor
93754,Solidago virgaurea,ForestDryPoor
94280,Solidago virgaurea,ForestDryPoor
94281,Solidago virgaurea,ForestDryPoor
94282,Solidago virgaurea,ForestDryPoor
94283,Solidago virgaurea,ForestDryPoor
94284,Solidago virgaurea,ForestDryPoor
94285,Solidago virgaurea,ForestDryPoor
94286,Solidago virgaurea,ForestDryPoor
94287,Solidago virgaurea,ForestDryPoor
94288,Solidago virgaurea,ForestDryPoor
94289,Solidago virgaurea,ForestDryPoor
94290,Solidago virgaurea,ForestDryPoor
94291,Solidago virgaurea,ForestDryPoor
94292,Solidago virgaurea,ForestDryPoor
94293,Solidago virgaurea,ForestDryPoor
94294,Solidago virgaurea,ForestDryPoor
94295,Solidago virgaurea,ForestDryPoor
94296,Solidago virgaurea,ForestDryPoor
94297,Solidago virgaurea,ForestDryPoor
94298,Solidago virgaurea,ForestDryPoor
94299,Solidago virgaurea,ForestDryPoor
94340,Solidago virgaurea,ForestDryPoor
94341,Solidago virgaurea,ForestDryPoor
94342,Solidago virgaurea,ForestDryPoor
94343,Solidago virgaurea,ForestDryPoor
94344,Solidago virgaurea,ForestDryPoor
94345,Solidago virgaurea,ForestDryPoor
94346,Solidago virgaurea,ForestDryPoor
94347,Solidago virgaurea,ForestDryPoor
94348,Solidago virgaurea,ForestDryPoor
94349,Solidago virgaurea,ForestDryPoor
94350,Solidago virgaurea,ForestDryPoor
94351,Solidago virgaurea,ForestDryPoor
94352,Solidago virgaurea,ForestDryPoor
94353,Solidago virgaurea,ForestDryPoor
94879,Solidago virgaurea,ForestDryPoor
94880,Solidago virgaurea,ForestDryPoor
94881,Solidago virgaurea,ForestDryPoor
94882,Solidago virgaurea,ForestDryPoor
94883,Solidago virgaurea,ForestDryPoor
94884,Solidago virgaurea,ForestDryPoor
94885,Solidago virgaurea,ForestDryPoor
94886,Solidago virgaurea,ForestDryPoor
94887,Solidago virgaurea,ForestDryPoor
94888,Solidago virgaurea,ForestDryPoor
94889,Solidago virgaurea,ForestDryPoor
94890,Solidago virgaurea,ForestDryPoor
94891,Solidago virgaurea,ForestDryPoor
94892,Solidago virgaurea,ForestDryPoor
94893,Solidago virgaurea,ForestDryPoor
94894,Solidago virgaurea,ForestDryPoor
94895,Solidago virgaurea,ForestDryPoor
94896,Solidago virgaurea,ForestDryPoor
94897,Solidago virgaurea,ForestDryPoor
94898,Solidago virgaurea,ForestDryPoor
94939,Solidago virgaurea,ForestDryPoor
94940,Solidago virgaurea,ForestDryPoor
94941,Solidago virgaurea,ForestDryPoor
94942,Solidago virgaurea,ForestDryPoor
94943,Solidago virgaurea,ForestDryPoor
94944,Solidago virgaurea,ForestDryPoor
94945,Solidago virgaurea,ForestDryPoor
94946,Solidago virgaurea,ForestDryPoor
94947,Solidago virgaurea,ForestDryPoor
94948,Solidago virgaurea,ForestDryPoor
94949,Solidago virgaurea,ForestDryPoor
94950,Solidago virgaurea,ForestDryPoor
94951,Solidago virgaurea,ForestDryPoor
94952,Solidago virgaurea,ForestDryPoor
95478,Solidago virgaurea,ForestDryPoor
95479,Solidago virgaurea,ForestDryPoor
95480,Solidago virgaurea,ForestDryPoor
95481,Solidago virgaurea,ForestDryPoor
95482,Solidago virgaurea,ForestDryPoor
95483,Solidago virgaurea,ForestDryPoor
95484,Solidago virgaurea,ForestDryPoor
95485,Solidago virgaurea,ForestDryPoor
95486,Solidago virgaurea,ForestDryPoor
95487,Solidago virgaurea,ForestDryPoor
95488,Solidago virgaurea,ForestDryPoor
95489,Solidago virgaurea,ForestDryPoor
95490,Solidago virgaurea,ForestDryPoor
95491,Solidago virgaurea,ForestDryPoor
95492,Solidago virgaurea,ForestDryPoor
95493,Solidago virgaurea,ForestDryPoor
95494,Solidago virgaurea,ForestDryPoor
95495,Solidago virgaurea,ForestDryPoor
95496,Solidago virgaurea,ForestDryPoor
95497,Solidago virgaurea,ForestDryPoor
95538,Solidago virgaurea,ForestDryPoor
95539,Solidago virgaurea,ForestDryPoor
95540,Solidago virgaurea,ForestDryPoor
95541,Solidago virgaurea,ForestDryPoor
95542,Solidago virgaurea,ForestDryPoor
95543,Solidago virgaurea,ForestDryPoor
95544,Solidago virgaurea,ForestDryPoor
95545,Solidago virgaurea,ForestDryPoor
95546,Solidago virgaurea,ForestDryPoor
95547,Solidago virgaurea,ForestDryPoor
95548,Solidago virgaurea,ForestDryPoor
95549,Solidago virgaurea,ForestDryPoor
95550,Solidago virgaurea,ForestDryPoor
95551,Solidago virgaurea,ForestDryPoor
96077,Solidago virgaurea,ForestDryPoor
96078,Solidago virgaurea,ForestDryPoor
96079,Solidago virgaurea,ForestDryPoor
96080,Solidago virgaurea,ForestDryPoor
96081,Solidago virgaurea,ForestDryPoor
96082,Solidago virgaurea,ForestDryPoor
96083,Solidago virgaurea,ForestDryPoor
96084,Solidago virgaurea,ForestDryPoor
96085,Solidago virgaurea,ForestDryPoor
96086,Solidago virgaurea,ForestDryPoor
96087,Solidago virgaurea,ForestDryPoor
96088,Solidago virgaurea,ForestDryPoor
96089,Solidago virgaurea,ForestDryPoor
96090,Solidago virgaurea,ForestDryPoor
96091,Solidago virgaurea,ForestDryPoor
96092,Solidago virgaurea,ForestDryPoor
96093,Solidago virgaurea,ForestDryPoor
96094,Solidago virgaurea,ForestDryPoor
96095,Solidago virgaurea,ForestDryPoor
96096,Solidago virgaurea,ForestDryPoor
96137,Solidago virgaurea,ForestDryPoor
96138,Solidago virgaurea,ForestDryPoor
96139,Solidago virgaurea,ForestDryPoor
96140,Solidago virgaurea,ForestDryPoor
96141,Solidago virgaurea,ForestDryPoor
96142,Solidago virgaurea,ForestDryPoor
96143,Solidago virgaurea,ForestDryPoor
96144,Solidago virgaurea,ForestDryPoor
96145,Solidago virgaurea,ForestDryPoor
96146,Solidago virgaurea,ForestDryPoor
96147,Solidago virgaurea,ForestDryPoor
96148,Solidago virgaurea,ForestDryPoor
96149,Solidago virgaurea,ForestDryPoor
96150,Solidago virgaurea,ForestDryPoor
96676,Solidago virgaurea,ForestDryPoor
96677,Solidago virgaurea,ForestDryPoor
96678,Solidago virgaurea,ForestDryPoor
96679,Solidago virgaurea,ForestDryPoor
96680,Solidago virgaurea,ForestDryPoor
96681,Solidago virgaurea,ForestDryPoor
96682,Solidago virgaurea,ForestDryPoor
96683,Solidago virgaurea,ForestDryPoor
96684,Solidago virgaurea,ForestDryPoor
96685,Solidago virgaurea,ForestDryPoor
96686,Solidago virgaurea,ForestDryPoor
96687,Solidago virgaurea,ForestDryPoor
96688,Solidago virgaurea,ForestDryPoor
96689,Solidago virgaurea,ForestDryPoor
96690,Solidago virgaurea,ForestDryPoor
96691,Solidago virgaurea,ForestDryPoor
96692,Solidago virgaurea,ForestDryPoor
96693,Solidago virgaurea,ForestDryPoor
96694,Solidago virgaurea,ForestDryPoor
96695,Solidago virgaurea,ForestDryPoor
96736,Solidago virgaurea,ForestDryPoor
96737,Solidago virgaurea,ForestDryPoor
96738,Solidago virgaurea,ForestDryPoor
96739,Solidago virgaurea,ForestDryPoor
96740,Solidago virgaurea,ForestDryPoor
96741,Solidago virgaurea,ForestDryPoor
96742,Solidago virgaurea,ForestDryPoor
96743,Solidago virgaurea,ForestDryPoor
96744,Solidago virgaurea,ForestDryPoor
96745,Solidago virgaurea,ForestDryPoor
96746,Solidago virgaurea,ForestDryPoor
96747,Solidago virgaurea,ForestDryPoor
96748,Solidago virgaurea,ForestDryPoor
96749,Solidago virgaurea,ForestDryPoor
97275,Solidago virgaurea,ForestDryPoor
97276,Solidago virgaurea,ForestDryPoor
97277,Solidago virgaurea,ForestDryPoor
97278,Solidago virgaurea,ForestDryPoor
97279,Solidago virgaurea,ForestDryPoor
97280,Solidago virgaurea,ForestDryPoor
97281,Solidago virgaurea,ForestDryPoor
97282,Solidago virgaurea,ForestDryPoor
97283,Solidago virgaurea,ForestDryPoor
97284,Solidago virgaurea,ForestDryPoor
97285,Solidago virgaurea,ForestDryPoor
97286,Solidago virgaurea,ForestDryPoor
97287,Solidago virgaurea,ForestDryPoor
97288,Solidago virgaurea,ForestDryPoor
97289,Solidago virgaurea,ForestDryPoor
97290,Solidago virgaurea,ForestDryPoor
97291,Solidago virgaurea,ForestDryPoor
97292,Solidago virgaurea,ForestDryPoor
97293,Solidago virgaurea,ForestDryPoor
97294,Solidago virgaurea,ForestDryPoor
97335,Solidago virgaurea,ForestDryPoor
97336,Solidago virgaurea,ForestDryPoor
97337,Solidago virgaurea,ForestDryPoor
97338,Solidago virgaurea,ForestDryPoor
97339,Solidago virgaurea,ForestDryPoor
97340,Solidago virgaurea,ForestDryPoor
97341,Solidago virgaurea,ForestDryPoor
97342,Solidago virgaurea,ForestDryPoor
97343,Solidago virgaurea,ForestDryPoor
97344,Solidago virgaurea,ForestDryPoor
97345,Solidago virgaurea,ForestDryPoor
97346,Solidago virgaurea,ForestDryPoor
97347,Solidago virgaurea,ForestDryPoor
97348,Solidago virgaurea,ForestDryPoor
97874,Solidago virgaurea,ForestDryPoor
97875,Solidago virgaurea,ForestDryPoor
97876,Solidago virgaurea,ForestDryPoor
97877,Solidago virgaurea,ForestDryPoor
97878,Solidago virgaurea,ForestDryPoor
97879,Solidago virgaurea,ForestDryPoor
97880,Solidago virgaurea,ForestDryPoor
97881,Solidago virgaurea,ForestDryPoor
97882,Solidago virgaurea,ForestDryPoor
97883,Solidago virgaurea,ForestDryPoor
97884,Solidago virgaurea,ForestDryPoor
97885,Solidago virgaurea,ForestDryPoor
97886,Solidago virgaurea,ForestDryPoor
97887,Solidago virgaurea,ForestDryPoor
97888,Solidago virgaurea,ForestDryPoor
97889,Solidago virgaurea,ForestDryPoor
97890,Solidago virgaurea,ForestDryPoor
97891,Solidago virgaurea,ForestDryPoor
97892,Solidago virgaurea,ForestDryPoor
97893,Solidago virgaurea,ForestDryPoor
97934,Solidago virgaurea,ForestDryPoor
97935,Solidago virgaurea,ForestDryPoor
97936,Solidago virgaurea,ForestDryPoor
97937,Solidago virgaurea,ForestDryPoor
97938,Solidago virgaurea,ForestDryPoor
97939,Solidago virgaurea,ForestDryPoor
97940,Solidago virgaurea,ForestDryPoor
97941,Solidago virgaurea,ForestDryPoor
97942,Solidago virgaurea,ForestDryPoor
97943,Solidago virgaurea,ForestDryPoor
97944,Solidago virgaurea,ForestDryPoor
97945,Solidago virgaurea,ForestDryPoor
97946,Solidago virgaurea,ForestDryPoor
97947,Solidago virgaurea,ForestDryPoor
98473,Solidago virgaurea,ForestDryPoor
98474,Solidago virgaurea,ForestDryPoor
98475,Solidago virgaurea,ForestDryPoor
98476,Solidago virgaurea,ForestDryPoor
98477,Solidago virgaurea,ForestDryPoor
98478,Solidago virgaurea,ForestDryPoor
98479,Solidago virgaurea,ForestDryPoor
98480,Solidago virgaurea,ForestDryPoor
98481,Solidago virgaurea,ForestDryPoor
98482,Solidago virgaurea,ForestDryPoor
98483,Solidago virgaurea,ForestDryPoor
98484,Solidago virgaurea,ForestDryPoor
98485,Solidago virgaurea,ForestDryPoor
98486,Solidago virgaurea,ForestDryPoor
98487,Solidago virgaurea,ForestDryPoor
98488,Solidago virgaurea,ForestDryPoor
98489,Solidago virgaurea,ForestDryPoor
98490,Solidago virgaurea,ForestDryPoor
98491,Solidago virgaurea,ForestDryPoor
98492,Solidago virgaurea,ForestDryPoor
98513,Solidago virgaurea,ForestDryPoor
98514,Solidago virgaurea,ForestDryPoor
98515,Solidago virgaurea,ForestDryPoor
98516,Solidago virgaurea,ForestDryPoor
98517,Solidago virgaurea,ForestDryPoor
98518,Solidago virgaurea,ForestDryPoor
98519,Solidago virgaurea,ForestDryPoor
98520,Solidago virgaurea,ForestDryPoor
98521,Solidago virgaurea,ForestDryPoor
98522,Solidago virgaurea,ForestDryPoor
98523,Solidago virgaurea,ForestDryPoor
98524,Solidago virgaurea,ForestDryPoor
98525,Solidago virgaurea,ForestDryPoor
98526,Solidago virgaurea,ForestDryPoor
98527,Solidago virgaurea,ForestDryPoor
98528,Solidago virgaurea,ForestDryPoor
98529,Solidago virgaurea,ForestDryPoor
98530,Solidago virgaurea,ForestDryPoor
98531,Solidago virgaurea,ForestDryPoor
98532,Solidago virgaurea,ForestDryPoor
99072,Solidago virgaurea,ForestDryPoor
99073,Solidago virgaurea,ForestDryPoor
99074,Solidago virgaurea,ForestDryPoor
99075,Solidago virgaurea,ForestDryPoor
99076,Solidago virgaurea,ForestDryPoor
99077,Solidago virgaurea,ForestDryPoor
99078,Solidago virgaurea,ForestDryPoor
99079,Solidago virgaurea,ForestDryPoor
99080,Solidago virgaurea,ForestDryPoor
99081,Solidago virgaurea,ForestDryPoor
99082,Solidago virgaurea,ForestDryPoor
99083,Solidago virgaurea,ForestDryPoor
99084,Solidago virgaurea,ForestDryPoor
99085,Solidago virgaurea,ForestDryPoor
99086,Solidago virgaurea,ForestDryPoor
99087,Solidago virgaurea,ForestDryPoor
99088,Solidago virgaurea,ForestDryPoor
99089,Solidago virgaurea,ForestDryPoor
99090,Solidago virgaurea,ForestDryPoor
99091,Solidago virgaurea,ForestDryPoor
99112,Solidago virgaurea,ForestDryPoor
99113,Solidago virgaurea,ForestDryPoor
99114,Solidago virgaurea,ForestDryPoor
99115,Solidago virgaurea,ForestDryPoor
99116,Solidago virgaurea,ForestDryPoor
99117,Solidago virgaurea,ForestDryPoor
99118,Solidago virgaurea,ForestDryPoor
99119,Solidago virgaurea,ForestDryPoor
99120,Solidago virgaurea,ForestDryPoor
99121,Solidago virgaurea,ForestDryPoor
99122,Solidago virgaurea,ForestDryPoor
99123,Solidago virgaurea,ForestDryPoor
99124,Solidago virgaurea,ForestDryPoor
99125,Solidago virgaurea,ForestDryPoor
99126,Solidago virgaurea,ForestDryPoor
99127,Solidago virgaurea,ForestDryPoor
99128,Solidago virgaurea,ForestDryPoor
99129,Solidago virgaurea,ForestDryPoor
99130,Solidago virgaurea,ForestDryPoor
99131,Solidago virgaurea,ForestDryPoor
99671,Solidago virgaurea,ForestDryPoor
99672,Solidago virgaurea,ForestDryPoor
99673,Solidago virgaurea,ForestDryPoor
99674,Solidago virgaurea,ForestDryPoor
99675,Solidago virgaurea,ForestDryPoor
99676,Solidago virgaurea,ForestDryPoor
99677,Solidago virgaurea,ForestDryPoor
99678,Solidago virgaurea,ForestDryPoor
99679,Solidago virgaurea,ForestDryPoor
99680,Solidago virgaurea,ForestDryPoor
99681,Solidago virgaurea,ForestDryPoor
99682,Solidago virgaurea,ForestDryPoor
99683,Solidago virgaurea,ForestDryPoor
99684,Solidago virgaurea,ForestDryPoor
99685,Solidago virgaurea,ForestDryPoor
99686,Solidago virgaurea,ForestDryPoor
99687,Solidago virgaurea,ForestDryPoor
99688,Solidago virgaurea,ForestDryPoor
99689,Solidago virgaurea,ForestDryPoor
99690,Solidago virgaurea,ForestDryPoor
99711,Solidago virgaurea,ForestDryPoor
99712,Solidago virgaurea,ForestDryPoor
99713,Solidago virgaurea,ForestDryPoor
99714,Solidago virgaurea,ForestDryPoor
99715,Solidago virgaurea,ForestDryPoor
99716,Solidago virgaurea,ForestDryPoor
99717,Solidago virgaurea,ForestDryPoor
99718,Solidago virgaurea,ForestDryPoor
99719,Solidago virgaurea,ForestDryPoor
99720,Solidago virgaurea,ForestDryPoor
99721,Solidago virgaurea,ForestDryPoor
99722,Solidago virgaurea,ForestDryPoor
99723,Solidago virgaurea,ForestDryPoor
99724,Solidago virgaurea,ForestDryPoor
99725,Solidago virgaurea,ForestDryPoor
99726,Solidago virgaurea,ForestDryPoor
99727,Solidago virgaurea,ForestDryPoor
99728,Solidago virgaurea,ForestDryPoor
99729,Solidago virgaurea,ForestDryPoor
99730,Solidago virgaurea,ForestDryPoor
100270,Solidago virgaurea,ForestDryPoor
100271,Solidago virgaurea,ForestDryPoor
100272,Solidago virgaurea,ForestDryPoor
100273,Solidago virgaurea,ForestDryPoor
100274,Solidago virgaurea,ForestDryPoor
100275,Solidago virgaurea,ForestDryPoor
100276,Solidago virgaurea,ForestDryPoor
100277,Solidago virgaurea,ForestDryPoor
100278,Solidago virgaurea,ForestDryPoor
100279,Solidago virgaurea,ForestDryPoor
100280,Solidago virgaurea,ForestDryPoor
100281,Solidago virgaurea,ForestDryPoor
100282,Solidago virgaurea,ForestDryPoor
100283,Solidago virgaurea,ForestDryPoor
100284,Solidago virgaurea,ForestDryPoor
100285,Solidago virgaurea,ForestDryPoor
100286,Solidago virgaurea,ForestDryPoor
100287,Solidago virgaurea,ForestDryPoor
100288,Solidago virgaurea,ForestDryPoor
100289,Solidago virgaurea,ForestDryPoor
100310,Solidago virgaurea,ForestDryPoor
100311,Solidago virgaurea,ForestDryPoor
100312,Solidago virgaurea,ForestDryPoor
100313,Solidago virgaurea,ForestDryPoor
100314,Solidago virgaurea,ForestDryPoor
100315,Solidago virgaurea,ForestDryPoor
100316,Solidago virgaurea,ForestDryPoor
100317,Solidago virgaurea,ForestDryPoor
100318,Solidago virgaurea,ForestDryPoor
100319,Solidago virgaurea,ForestDryPoor
100320,Solidago virgaurea,ForestDryPoor
100321,Solidago virgaurea,ForestDryPoor
100322,Solidago virgaurea,ForestDryPoor
100323,Solidago virgaurea,ForestDryPoor
100324,Solidago virgaurea,ForestDryPoor
100325,Solidago virgaurea,ForestDryPoor
100326,Solidago virgaurea,ForestDryPoor
100327,Solidago virgaurea,ForestDryPoor
100328,Solidago virgaurea,ForestDryPoor
100329,Solidago virgaurea,ForestDryPoor
100869,Solidago virgaurea,ForestDryPoor
100870,Solidago virgaurea,ForestDryPoor
100871,Solidago virgaurea,ForestDryPoor
100872,Solidago virgaurea,ForestDryPoor
100873,Solidago virgaurea,ForestDryPoor
100874,Solidago virgaurea,ForestDryPoor
100875,Solidago virgaurea,ForestDryPoor
100876,Solidago virgaurea,ForestDryPoor
100877,Solidago virgaurea,ForestDryPoor
100878,Solidago virgaurea,ForestDryPoor
100879,Solidago virgaurea,ForestDryPoor
100880,Solidago virgaurea,ForestDryPoor
100881,Solidago virgaurea,ForestDryPoor
100882,Solidago virgaurea,ForestDryPoor
100883,Solidago virgaurea,ForestDryPoor
100884,Solidago virgaurea,ForestDryPoor
100885,Solidago virgaurea,ForestDryPoor
100886,Solidago virgaurea,ForestDryPoor
100887,Solidago virgaurea,ForestDryPoor
100888,Solidago virgaurea,ForestDryPoor
100909,Solidago virgaurea,ForestDryPoor
100910,Solidago virgaurea,ForestDryPoor
100911,Solidago virgaurea,ForestDryPoor
100912,Solidago virgaurea,ForestDryPoor
100913,Solidago virgaurea,ForestDryPoor
100914,Solidago virgaurea,ForestDryPoor
100915,Solidago virgaurea,ForestDryPoor
100916,Solidago virgaurea,ForestDryPoor
100917,Solidago virgaurea,ForestDryPoor
100918,Solidago virgaurea,ForestDryPoor
100919,Solidago virgaurea,ForestDryPoor
100920,Solidago virgaurea,ForestDryPoor
100921,Solidago virgaurea,ForestDryPoor
100922,Solidago virgaurea,ForestDryPoor
100923,Solidago virgaurea,ForestDryPoor
100924,Solidago virgaurea,ForestDryPoor
100925,Solidago virgaurea,ForestDryPoor
100926,Solidago virgaurea,ForestDryPoor
100927,Solidago virgaurea,ForestDryPoor
100928,Solidago virgaurea,ForestDryPoor
101468,Solidago virgaurea,ForestDryPoor
101469,Solidago virgaurea,ForestDryPoor
101470,Solidago virgaurea,ForestDryPoor
101471,Solidago virgaurea,ForestDryPoor
101472,Solidago virgaurea,ForestDryPoor
101473,Solidago virgaurea,ForestDryPoor
101474,Solidago virgaurea,ForestDryPoor
101475,Solidago virgaurea,ForestDryPoor
101476,Solidago virgaurea,ForestDryPoor
101477,Solidago virgaurea,ForestDryPoor
101478,Solidago virgaurea,ForestDryPoor
101479,Solidago virgaurea,ForestDryPoor
101480,Solidago virgaurea,ForestDryPoor
101481,Solidago virgaurea,ForestDryPoor
101482,Solidago virgaurea,ForestDryPoor
101483,Solidago virgaurea,ForestDryPoor
101484,Solidago virgaurea,ForestDryPoor
101485,Solidago virgaurea,ForestDryPoor
101486,Solidago virgaurea,ForestDryPoor
101487,Solidago virgaurea,ForestDryPoor
101508,Solidago virgaurea,ForestDryPoor
101509,Solidago virgaurea,ForestDryPoor
101510,Solidago virgaurea,ForestDryPoor
101511,Solidago virgaurea,ForestDryPoor
101512,Solidago virgaurea,ForestDryPoor
101513,Solidago virgaurea,ForestDryPoor
101514,Solidago virgaurea,ForestDryPoor
101515,Solidago virgaurea,ForestDryPoor
101516,Solidago virgaurea,ForestDryPoor
101517,Solidago virgaurea,ForestDryPoor
101518,Solidago virgaurea,ForestDryPoor
101519,Solidago virgaurea,ForestDryPoor
101520,Solidago virgaurea,ForestDryPoor
101521,Solidago virgaurea,ForestDryPoor
101522,Solidago virgaurea,ForestDryPoor
101523,Solidago virgaurea,ForestDryPoor
101524,Solidago virgaurea,ForestDryPoor
101525,Solidago virgaurea,ForestDryPoor
101526,Solidago virgaurea,ForestDryPoor
101527,Solidago virgaurea,ForestDryPoor
102067,Solidago virgaurea,ForestDryPoor
102068,Solidago virgaurea,ForestDryPoor
102069,Solidago virgaurea,ForestDryPoor
102070,Solidago virgaurea,ForestDryPoor
102071,Solidago virgaurea,ForestDryPoor
102072,Solidago virgaurea,ForestDryPoor
102073,Solidago virgaurea,ForestDryPoor
102074,Solidago virgaurea,ForestDryPoor
102075,Solidago virgaurea,ForestDryPoor
102076,Solidago virgaurea,ForestDryPoor
102077,Solidago virgaurea,ForestDryPoor
102078,Solidago virgaurea,ForestDryPoor
102079,Solidago virgaurea,ForestDryPoor
102080,Solidago virgaurea,ForestDryPoor
102081,Solidago virgaurea,ForestDryPoor
102082,Solidago virgaurea,ForestDryPoor
102083,Solidago virgaurea,ForestDryPoor
102084,Solidago virgaurea,ForestDryPoor
102085,Solidago virgaurea,ForestDryPoor
102086,Solidago virgaurea,ForestDryPoor
102107,Solidago virgaurea,ForestDryPoor
102108,Solidago virgaurea,ForestDryPoor
102109,Solidago virgaurea,ForestDryPoor
102110,Solidago virgaurea,ForestDryPoor
102111,Solidago virgaurea,ForestDryPoor
102112,Solidago virgaurea,ForestDryPoor
102113,Solidago virgaurea,ForestDryPoor
102114,Solidago virgaurea,ForestDryPoor
102115,Solidago virgaurea,ForestDryPoor
102116,Solidago virgaurea,ForestDryPoor
102117,Solidago virgaurea,ForestDryPoor
102118,Solidago virgaurea,ForestDryPoor
102119,Solidago virgaurea,ForestDryPoor
102120,Solidago virgaurea,ForestDryPoor
102121,Solidago virgaurea,ForestDryPoor
102122,Solidago virgaurea,ForestDryPoor
102123,Solidago virgaurea,ForestDryPoor
102124,Solidago virgaurea,ForestDryPoor
102125,Solidago virgaurea,ForestDryPoor
102126,Solidago virgaurea,ForestDryPoor
102666,Solidago virgaurea,ForestDryPoor
102667,Solidago virgaurea,ForestDryPoor
102668,Solidago virgaurea,ForestDryPoor
102669,Solidago virgaurea,ForestDryPoor
102670,Solidago virgaurea,ForestDryPoor
102671,Solidago virgaurea,ForestDryPoor
102672,Solidago virgaurea,ForestDryPoor
102673,Solidago virgaurea,ForestDryPoor
102674,Solidago virgaurea,ForestDryPoor
102675,Solidago virgaurea,ForestDryPoor
102676,Solidago virgaurea,ForestDryPoor
102677,Solidago virgaurea,ForestDryPoor
102678,Solidago virgaurea,ForestDryPoor
102679,Solidago virgaurea,ForestDryPoor
102680,Solidago virgaurea,ForestDryPoor
102681,Solidago virgaurea,ForestDryPoor
102682,Solidago virgaurea,ForestDryPoor
102683,Solidago virgaurea,ForestDryPoor
102684,Solidago virgaurea,ForestDryPoor
102685,Solidago virgaurea,ForestDryPoor
102706,Solidago virgaurea,ForestDryPoor
102707,Solidago virgaurea,ForestDryPoor
102708,Solidago virgaurea,ForestDryPoor
102709,Solidago virgaurea,ForestDryPoor
102710,Solidago virgaurea,ForestDryPoor
102711,Solidago virgaurea,ForestDryPoor
102712,Solidago virgaurea,ForestDryPoor
102713,Solidago virgaurea,ForestDryPoor
102714,Solidago virgaurea,ForestDryPoor
102715,Solidago virgaurea,ForestDryPoor
102716,Solidago virgaurea,ForestDryPoor
102717,Solidago virgaurea,ForestDryPoor
102718,Solidago virgaurea,ForestDryPoor
102719,Solidago virgaurea,ForestDryPoor
102720,Solidago virgaurea,ForestDryPoor
102721,Solidago virgaurea,ForestDryPoor
102722,Solidago virgaurea,ForestDryPoor
102723,Solidago virgaurea,ForestDryPoor
102724,Solidago virgaurea,ForestDryPoor
102725,Solidago virgaurea,ForestDryPoor
103265,Solidago virgaurea,ForestDryPoor
103266,Solidago virgaurea,ForestDryPoor
103267,Solidago virgaurea,ForestDryPoor
103268,Solidago virgaurea,ForestDryPoor
103269,Solidago virgaurea,ForestDryPoor
103270,Solidago virgaurea,ForestDryPoor
103271,Solidago virgaurea,ForestDryPoor
103272,Solidago virgaurea,ForestDryPoor
103273,Solidago virgaurea,ForestDryPoor
103274,Solidago virgaurea,ForestDryPoor
103275,Solidago virgaurea,ForestDryPoor
103276,Solidago virgaurea,ForestDryPoor
103277,Solidago virgaurea,ForestDryPoor
103278,Solidago virgaurea,ForestDryPoor
103279,Solidago virgaurea,ForestDryPoor
103280,Solidago virgaurea,ForestDryPoor
103281,Solidago virgaurea,ForestDryPoor
103282,Solidago virgaurea,ForestDryPoor
103283,Solidago virgaurea,ForestDryPoor
103284,Solidago virgaurea,ForestDryPoor
103305,Solidago virgaurea,ForestDryPoor
103306,Solidago virgaurea,ForestDryPoor
103307,Solidago virgaurea,ForestDryPoor
103308,Solidago virgaurea,ForestDryPoor
103309,Solidago virgaurea,ForestDryPoor
103310,Solidago virgaurea,ForestDryPoor
103311,Solidago virgaurea,ForestDryPoor
103312,Solidago virgaurea,ForestDryPoor
103313,Solidago virgaurea,ForestDryPoor
103314,Solidago virgaurea,ForestDryPoor
103315,Solidago virgaurea,ForestDryPoor
103316,Solidago virgaurea,ForestDryPoor
103317,Solidago virgaurea,ForestDryPoor
103318,Solidago virgaurea,ForestDryPoor
103319,Solidago virgaurea,ForestDryPoor
103320,Solidago virgaurea,ForestDryPoor
103321,Solidago virgaurea,ForestDryPoor
103322,Solidago virgaurea,ForestDryPoor
103323,Solidago virgaurea,ForestDryPoor
103324,Solidago virgaurea,ForestDryPoor
103864,Solidago virgaurea,ForestDryPoor
103865,Solidago virgaurea,ForestDryPoor
103866,Solidago virgaurea,ForestDryPoor
103867,Solidago virgaurea,ForestDryPoor
103868,Solidago virgaurea,ForestDryPoor
103869,Solidago virgaurea,ForestDryPoor
103870,Solidago virgaurea,ForestDryPoor
103871,Solidago virgaurea,ForestDryPoor
103872,Solidago virgaurea,ForestDryPoor
103873,Solidago virgaurea,ForestDryPoor
103874,Solidago virgaurea,ForestDryPoor
103875,Solidago virgaurea,ForestDryPoor
103876,Solidago virgaurea,ForestDryPoor
103877,Solidago virgaurea,ForestDryPoor
103878,Solidago virgaurea,ForestDryPoor
103879,Solidago virgaurea,ForestDryPoor
103880,Solidago virgaurea,ForestDryPoor
103881,Solidago virgaurea,ForestDryPoor
103882,Solidago virgaurea,ForestDryPoor
103883,Solidago virgaurea,ForestDryPoor
103904,Solidago virgaurea,ForestDryPoor
103905,Solidago virgaurea,ForestDryPoor
103906,Solidago virgaurea,ForestDryPoor
103907,Solidago virgaurea,ForestDryPoor
103908,Solidago virgaurea,ForestDryPoor
103909,Solidago virgaurea,ForestDryPoor
103910,Solidago virgaurea,ForestDryPoor
103911,Solidago virgaurea,ForestDryPoor
103912,Solidago virgaurea,ForestDryPoor
103913,Solidago virgaurea,ForestDryPoor
103914,Solidago virgaurea,ForestDryPoor
103915,Solidago virgaurea,ForestDryPoor
103916,Solidago virgaurea,ForestDryPoor
103917,Solidago virgaurea,ForestDryPoor
103918,Solidago virgaurea,ForestDryPoor
103919,Solidago virgaurea,ForestDryPoor
103920,Solidago virgaurea,ForestDryPoor
103921,Solidago virgaurea,ForestDryPoor
103922,Solidago virgaurea,ForestDryPoor
103923,Solidago virgaurea,ForestDryPoor
104463,Solidago virgaurea,ForestDryPoor
104464,Solidago virgaurea,ForestDryPoor
104465,Solidago virgaurea,ForestDryPoor
104466,Solidago virgaurea,ForestDryPoor
104467,Solidago virgaurea,ForestDryPoor
104468,Solidago virgaurea,ForestDryPoor
104469,Solidago virgaurea,ForestDryPoor
104470,Solidago virgaurea,ForestDryPoor
104471,Solidago virgaurea,ForestDryPoor
104472,Solidago virgaurea,ForestDryPoor
104473,Solidago virgaurea,ForestDryPoor
104474,Solidago virgaurea,ForestDryPoor
104475,Solidago virgaurea,ForestDryPoor
104476,Solidago virgaurea,ForestDryPoor
104477,Solidago virgaurea,ForestDryPoor
104478,Solidago virgaurea,ForestDryPoor
104479,Solidago virgaurea,ForestDryPoor
104480,Solidago virgaurea,ForestDryPoor
104481,Solidago virgaurea,ForestDryPoor
104482,Solidago virgaurea,ForestDryPoor
104503,Solidago virgaurea,ForestDryPoor
104504,Solidago virgaurea,ForestDryPoor
104505,Solidago virgaurea,ForestDryPoor
104506,Solidago virgaurea,ForestDryPoor
104507,Solidago virgaurea,ForestDryPoor
104508,Solidago virgaurea,ForestDryPoor
104509,Solidago virgaurea,ForestDryPoor
104510,Solidago virgaurea,ForestDryPoor
104511,Solidago virgaurea,ForestDryPoor
104512,Solidago virgaurea,ForestDryPoor
104513,Solidago virgaurea,ForestDryPoor
104514,Solidago virgaurea,ForestDryPoor
104515,Solidago virgaurea,ForestDryPoor
104516,Solidago virgaurea,ForestDryPoor
104517,Solidago virgaurea,ForestDryPoor
104518,Solidago virgaurea,ForestDryPoor
104519,Solidago virgaurea,ForestDryPoor
104520,Solidago virgaurea,ForestDryPoor
104521,Solidago virgaurea,ForestDryPoor
104522,Solidago virgaurea,ForestDryPoor
105062,Solidago virgaurea,ForestDryPoor
105063,Solidago virgaurea,ForestDryPoor
105064,Solidago virgaurea,ForestDryPoor
105065,Solidago virgaurea,ForestDryPoor
105066,Solidago virgaurea,ForestDryPoor
105067,Solidago virgaurea,ForestDryPoor
105068,Solidago virgaurea,ForestDryPoor
105069,Solidago virgaurea,ForestDryPoor
105070,Solidago virgaurea,ForestDryPoor
105071,Solidago virgaurea,ForestDryPoor
105072,Solidago virgaurea,ForestDryPoor
105073,Solidago virgaurea,ForestDryPoor
105074,Solidago virgaurea,ForestDryPoor
105075,Solidago virgaurea,ForestDryPoor
105076,Solidago virgaurea,ForestDryPoor
105077,Solidago virgaurea,ForestDryPoor
105078,Solidago virgaurea,ForestDryPoor
105079,Solidago virgaurea,ForestDryPoor
105080,Solidago virgaurea,ForestDryPoor
105081,Solidago virgaurea,ForestDryPoor
105102,Solidago virgaurea,ForestDryPoor
105103,Solidago virgaurea,ForestDryPoor
105104,Solidago virgaurea,ForestDryPoor
105105,Solidago virgaurea,ForestDryPoor
105106,Solidago virgaurea,ForestDryPoor
105107,Solidago virgaurea,ForestDryPoor
105108,Solidago virgaurea,ForestDryPoor
105109,Solidago virgaurea,ForestDryPoor
105110,Solidago virgaurea,ForestDryPoor
105111,Solidago virgaurea,ForestDryPoor
105112,Solidago virgaurea,ForestDryPoor
105113,Solidago virgaurea,ForestDryPoor
105114,Solidago virgaurea,ForestDryPoor
105115,Solidago virgaurea,ForestDryPoor
105116,Solidago virgaurea,ForestDryPoor
105117,Solidago virgaurea,ForestDryPoor
105118,Solidago virgaurea,ForestDryPoor
105119,Solidago virgaurea,ForestDryPoor
105120,Solidago virgaurea,ForestDryPoor
105121,Solidago virgaurea,ForestDryPoor
105661,Solidago virgaurea,ForestDryPoor
105662,Solidago virgaurea,ForestDryPoor
105663,Solidago virgaurea,ForestDryPoor
105664,Solidago virgaurea,ForestDryPoor
105665,Solidago virgaurea,ForestDryPoor
105666,Solidago virgaurea,ForestDryPoor
105667,Solidago virgaurea,ForestDryPoor
105668,Solidago virgaurea,ForestDryPoor
105669,Solidago virgaurea,ForestDryPoor
105670,Solidago virgaurea,ForestDryPoor
105671,Solidago virgaurea,ForestDryPoor
105672,Solidago virgaurea,ForestDryPoor
105673,Solidago virgaurea,ForestDryPoor
105674,Solidago virgaurea,ForestDryPoor
105675,Solidago virgaurea,ForestDryPoor
105676,Solidago virgaurea,ForestDryPoor
105677,Solidago virgaurea,ForestDryPoor
105678,Solidago virgaurea,ForestDryPoor
105679,Solidago virgaurea,ForestDryPoor
105680,Solidago virgaurea,ForestDryPoor
105701,Solidago virgaurea,ForestDryPoor
105702,Solidago virgaurea,ForestDryPoor
105703,Solidago virgaurea,ForestDryPoor
105704,Solidago virgaurea,ForestDryPoor
105705,Solidago virgaurea,ForestDryPoor
105706,Solidago virgaurea,ForestDryPoor
105707,Solidago virgaurea,ForestDryPoor
105708,Solidago virgaurea,ForestDryPoor
105709,Solidago virgaurea,ForestDryPoor
105710,Solidago virgaurea,ForestDryPoor
105711,Solidago virgaurea,ForestDryPoor
105712,Solidago virgaurea,ForestDryPoor
105713,Solidago virgaurea,ForestDryPoor
105714,Solidago virgaurea,ForestDryPoor
105715,Solidago virgaurea,ForestDryPoor
105716,Solidago virgaurea,ForestDryPoor
105717,Solidago virgaurea,ForestDryPoor
105718,Solidago virgaurea,ForestDryPoor
105719,Solidago virgaurea,ForestDryPoor
105720,Solidago virgaurea,ForestDryPoor
106260,Solidago virgaurea,ForestDryPoor
106261,Solidago virgaurea,ForestDryPoor
106262,Solidago virgaurea,ForestDryPoor
106263,Solidago virgaurea,ForestDryPoor
106264,Solidago virgaurea,ForestDryPoor
106265,Solidago virgaurea,ForestDryPoor
106266,Solidago virgaurea,ForestDryPoor
106267,Solidago virgaurea,ForestDryPoor
106268,Solidago virgaurea,ForestDryPoor
106269,Solidago virgaurea,ForestDryPoor
106270,Solidago virgaurea,ForestDryPoor
106271,Solidago virgaurea,ForestDryPoor
106272,Solidago virgaurea,ForestDryPoor
106273,Solidago virgaurea,ForestDryPoor
106274,Solidago virgaurea,ForestDryPoor
106275,Solidago virgaurea,ForestDryPoor
106276,Solidago virgaurea,ForestDryPoor
106277,Solidago virgaurea,ForestDryPoor
106278,Solidago virgaurea,ForestDryPoor
106279,Solidago virgaurea,ForestDryPoor
106300,Solidago virgaurea,ForestDryPoor
106301,Solidago virgaurea,ForestDryPoor
106302,Solidago virgaurea,ForestDryPoor
106303,Solidago virgaurea,ForestDryPoor
106304,Solidago virgaurea,ForestDryPoor
106305,Solidago virgaurea,ForestDryPoor
106306,Solidago virgaurea,ForestDryPoor
106307,Solidago virgaurea,ForestDryPoor
106308,Solidago virgaurea,ForestDryPoor
106309,Solidago virgaurea,ForestDryPoor
106310,Solidago virgaurea,ForestDryPoor
106311,Solidago virgaurea,ForestDryPoor
106312,Solidago virgaurea,ForestDryPoor
106313,Solidago virgaurea,ForestDryPoor
106314,Solidago virgaurea,ForestDryPoor
106315,Solidago virgaurea,ForestDryPoor
106316,Solidago virgaurea,ForestDryPoor
106317,Solidago virgaurea,ForestDryPoor
106318,Solidago virgaurea,ForestDryPoor
106319,Solidago virgaurea,ForestDryPoor
106859,Solidago virgaurea,ForestDryPoor
106860,Solidago virgaurea,ForestDryPoor
106861,Solidago virgaurea,ForestDryPoor
106862,Solidago virgaurea,ForestDryPoor
106863,Solidago virgaurea,ForestDryPoor
106864,Solidago virgaurea,ForestDryPoor
106865,Solidago virgaurea,ForestDryPoor
106866,Solidago virgaurea,ForestDryPoor
106867,Solidago virgaurea,ForestDryPoor
106868,Solidago virgaurea,ForestDryPoor
106869,Solidago virgaurea,ForestDryPoor
106870,Solidago virgaurea,ForestDryPoor
106871,Solidago virgaurea,ForestDryPoor
106872,Solidago virgaurea,ForestDryPoor
106873,Solidago virgaurea,ForestDryPoor
106874,Solidago virgaurea,ForestDryPoor
106875,Solidago virgaurea,ForestDryPoor
106876,Solidago virgaurea,ForestDryPoor
106877,Solidago virgaurea,ForestDryPoor
106878,Solidago virgaurea,ForestDryPoor
106899,Solidago virgaurea,ForestDryPoor
106900,Solidago virgaurea,ForestDryPoor
106901,Solidago virgaurea,ForestDryPoor
106902,Solidago virgaurea,ForestDryPoor
106903,Solidago virgaurea,ForestDryPoor
106904,Solidago virgaurea,ForestDryPoor
106905,Solidago virgaurea,ForestDryPoor
106906,Solidago virgaurea,ForestDryPoor
106907,Solidago virgaurea,ForestDryPoor
106908,Solidago virgaurea,ForestDryPoor
106909,Solidago virgaurea,ForestDryPoor
106910,Solidago virgaurea,ForestDryPoor
106911,Solidago virgaurea,ForestDryPoor
106912,Solidago virgaurea,ForestDryPoor
106913,Solidago virgaurea,ForestDryPoor
106914,Solidago virgaurea,ForestDryPoor
106915,Solidago virgaurea,ForestDryPoor
106916,Solidago virgaurea,ForestDryPoor
106917,Solidago virgaurea,ForestDryPoor
106918,Solidago virgaurea,ForestDryPoor
107458,Solidago virgaurea,ForestDryPoor
107459,Solidago virgaurea,ForestDryPoor
107460,Solidago virgaurea,ForestDryPoor
107461,Solidago virgaurea,ForestDryPoor
107462,Solidago virgaurea,ForestDryPoor
107463,Solidago virgaurea,ForestDryPoor
107464,Solidago virgaurea,ForestDryPoor
107465,Solidago virgaurea,ForestDryPoor
107466,Solidago virgaurea,ForestDryPoor
107467,Solidago virgaurea,ForestDryPoor
107468,Solidago virgaurea,ForestDryPoor
107469,Solidago virgaurea,ForestDryPoor
107470,Solidago virgaurea,ForestDryPoor
107471,Solidago virgaurea,ForestDryPoor
107472,Solidago virgaurea,ForestDryPoor
107473,Solidago virgaurea,ForestDryPoor
107474,Solidago virgaurea,ForestDryPoor
107475,Solidago virgaurea,ForestDryPoor
107476,Solidago virgaurea,ForestDryPoor
107477,Solidago virgaurea,ForestDryPoor
107498,Solidago virgaurea,ForestDryPoor
107499,Solidago virgaurea,ForestDryPoor
107500,Solidago virgaurea,ForestDryPoor
107501,Solidago virgaurea,ForestDryPoor
107502,Solidago virgaurea,ForestDryPoor
107503,Solidago virgaurea,ForestDryPoor
107504,Solidago virgaurea,ForestDryPoor
107505,Solidago virgaurea,ForestDryPoor
107506,Solidago virgaurea,ForestDryPoor
107507,Solidago virgaurea,ForestDryPoor
107508,Solidago virgaurea,ForestDryPoor
107509,Solidago virgaurea,ForestDryPoor
107510,Solidago virgaurea,ForestDryPoor
107511,Solidago virgaurea,ForestDryPoor
107512,Solidago virgaurea,ForestDryPoor
107513,Solidago virgaurea,ForestDryPoor
107514,Solidago virgaurea,ForestDryPoor
107515,Solidago virgaurea,ForestDryPoor
107516,Solidago virgaurea,ForestDryPoor
107517,Solidago virgaurea,ForestDryPoor
108057,Solidago virgaurea,ForestDryPoor
108058,Solidago virgaurea,ForestDryPoor
108059,Solidago virgaurea,ForestDryPoor
108060,Solidago virgaurea,ForestDryPoor
108061,Solidago virgaurea,ForestDryPoor
108062,Solidago virgaurea,ForestDryPoor
108063,Solidago virgaurea,ForestDryPoor
108064,Solidago virgaurea,ForestDryPoor
108065,Solidago virgaurea,ForestDryPoor
108066,Solidago virgaurea,ForestDryPoor
108067,Solidago virgaurea,ForestDryPoor
108068,Solidago virgaurea,ForestDryPoor
108069,Solidago virgaurea,ForestDryPoor
108070,Solidago virgaurea,ForestDryPoor
108071,Solidago virgaurea,ForestDryPoor
108072,Solidago virgaurea,ForestDryPoor
108073,Solidago virgaurea,ForestDryPoor
108074,Solidago virgaurea,ForestDryPoor
108075,Solidago virgaurea,ForestDryPoor
108076,Solidago virgaurea,ForestDryPoor
108097,Solidago virgaurea,ForestDryPoor
108098,Solidago virgaurea,ForestDryPoor
108099,Solidago virgaurea,ForestDryPoor
108100,Solidago virgaurea,ForestDryPoor
108101,Solidago virgaurea,ForestDryPoor
108102,Solidago virgaurea,ForestDryPoor
108103,Solidago virgaurea,ForestDryPoor
108104,Solidago virgaurea,ForestDryPoor
108105,Solidago virgaurea,ForestDryPoor
108106,Solidago virgaurea,ForestDryPoor
108107,Solidago virgaurea,ForestDryPoor
108108,Solidago virgaurea,ForestDryPoor
108109,Solidago virgaurea,ForestDryPoor
108110,Solidago virgaurea,ForestDryPoor
108111,Solidago virgaurea,ForestDryPoor
108112,Solidago virgaurea,ForestDryPoor
108113,Solidago virgaurea,ForestDryPoor
108114,Solidago virgaurea,ForestDryPoor
108115,Solidago virgaurea,ForestDryPoor
108116,Solidago virgaurea,ForestDryPoor
108656,Solidago virgaurea,ForestDryPoor
108657,Solidago virgaurea,ForestDryPoor
108658,Solidago virgaurea,ForestDryPoor
108659,Solidago virgaurea,ForestDryPoor
108660,Solidago virgaurea,ForestDryPoor
108661,Solidago virgaurea,ForestDryPoor
108662,Solidago virgaurea,ForestDryPoor
108663,Solidago virgaurea,ForestDryPoor
108664,Solidago virgaurea,ForestDryPoor
108665,Solidago virgaurea,ForestDryPoor
108666,Solidago virgaurea,ForestDryPoor
108667,Solidago virgaurea,ForestDryPoor
108668,Solidago virgaurea,ForestDryPoor
108669,Solidago virgaurea,ForestDryPoor
108670,Solidago virgaurea,ForestDryPoor
108671,Solidago virgaurea,ForestDryPoor
108672,Solidago virgaurea,ForestDryPoor
108673,Solidago virgaurea,ForestDryPoor
108674,Solidago virgaurea,ForestDryPoor
108675,Solidago virgaurea,ForestDryPoor
108696,Solidago virgaurea,ForestDryPoor
108697,Solidago virgaurea,ForestDryPoor
108698,Solidago virgaurea,ForestDryPoor
108699,Solidago virgaurea,ForestDryPoor
108700,Solidago virgaurea,ForestDryPoor
108701,Solidago virgaurea,ForestDryPoor
108702,Solidago virgaurea,ForestDryPoor
108703,Solidago virgaurea,ForestDryPoor
108704,Solidago virgaurea,ForestDryPoor
108705,Solidago virgaurea,ForestDryPoor
108706,Solidago virgaurea,ForestDryPoor
108707,Solidago virgaurea,ForestDryPoor
108708,Solidago virgaurea,ForestDryPoor
108709,Solidago virgaurea,ForestDryPoor
108710,Solidago virgaurea,ForestDryPoor
108711,Solidago virgaurea,ForestDryPoor
108712,Solidago virgaurea,ForestDryPoor
108713,Solidago virgaurea,ForestDryPoor
108714,Solidago virgaurea,ForestDryPoor
108715,Solidago virgaurea,ForestDryPoor
109255,Solidago virgaurea,ForestDryPoor
109256,Solidago virgaurea,ForestDryPoor
109257,Solidago virgaurea,ForestDryPoor
109258,Solidago virgaurea,ForestDryPoor
109259,Solidago virgaurea,ForestDryPoor
109260,Solidago virgaurea,ForestDryPoor
109261,Solidago virgaurea,ForestDryPoor
109262,Solidago virgaurea,ForestDryPoor
109263,Solidago virgaurea,ForestDryPoor
109264,Solidago virgaurea,ForestDryPoor
109265,Solidago virgaurea,ForestDryPoor
109266,Solidago virgaurea,ForestDryPoor
109267,Solidago virgaurea,ForestDryPoor
109268,Solidago virgaurea,ForestDryPoor
109269,Solidago virgaurea,ForestDryPoor
109270,Solidago virgaurea,ForestDryPoor
109271,Solidago virgaurea,ForestDryPoor
109272,Solidago virgaurea,ForestDryPoor
109273,Solidago virgaurea,ForestDryPoor
109274,Solidago virgaurea,ForestDryPoor
109295,Solidago virgaurea,ForestDryPoor
109296,Solidago virgaurea,ForestDryPoor
109297,Solidago virgaurea,ForestDryPoor
109298,Solidago virgaurea,ForestDryPoor
109299,Solidago virgaurea,ForestDryPoor
109300,Solidago virgaurea,ForestDryPoor
109301,Solidago virgaurea,ForestDryPoor
109302,Solidago virgaurea,ForestDryPoor
109303,Solidago virgaurea,ForestDryPoor
109304,Solidago virgaurea,ForestDryPoor
109305,Solidago virgaurea,ForestDryPoor
109306,Solidago virgaurea,ForestDryPoor
109307,Solidago virgaurea,ForestDryPoor
109308,Solidago virgaurea,ForestDryPoor
109309,Solidago virgaurea,ForestDryPoor
109310,Solidago virgaurea,ForestDryPoor
109311,Solidago virgaurea,ForestDryPoor
109312,Solidago virgaurea,ForestDryPoor
109313,Solidago virgaurea,ForestDryPoor
109314,Solidago virgaurea,ForestDryPoor
109854,Solidago virgaurea,ForestDryPoor
109855,Solidago virgaurea,ForestDryPoor
109856,Solidago virgaurea,ForestDryPoor
109857,Solidago virgaurea,ForestDryPoor
109858,Solidago virgaurea,ForestDryPoor
109859,Solidago virgaurea,ForestDryPoor
109860,Solidago virgaurea,ForestDryPoor
109861,Solidago virgaurea,ForestDryPoor
109862,Solidago virgaurea,ForestDryPoor
109863,Solidago virgaurea,ForestDryPoor
109864,Solidago virgaurea,ForestDryPoor
109865,Solidago virgaurea,ForestDryPoor
109866,Solidago virgaurea,ForestDryPoor
109867,Solidago virgaurea,ForestDryPoor
109868,Solidago virgaurea,ForestDryPoor
109869,Solidago virgaurea,ForestDryPoor
109870,Solidago virgaurea,ForestDryPoor
109871,Solidago virgaurea,ForestDryPoor
109872,Solidago virgaurea,ForestDryPoor
109873,Solidago virgaurea,ForestDryPoor
109894,Solidago virgaurea,ForestDryPoor
109895,Solidago virgaurea,ForestDryPoor
109896,Solidago virgaurea,ForestDryPoor
109897,Solidago virgaurea,ForestDryPoor
109898,Solidago virgaurea,ForestDryPoor
109899,Solidago virgaurea,ForestDryPoor
109900,Solidago virgaurea,ForestDryPoor
109901,Solidago virgaurea,ForestDryPoor
109902,Solidago virgaurea,ForestDryPoor
109903,Solidago virgaurea,ForestDryPoor
109904,Solidago virgaurea,ForestDryPoor
109905,Solidago virgaurea,ForestDryPoor
109906,Solidago virgaurea,ForestDryPoor
109907,Solidago virgaurea,ForestDryPoor
109908,Solidago virgaurea,ForestDryPoor
109909,Solidago virgaurea,ForestDryPoor
109910,Solidago virgaurea,ForestDryPoor
109911,Solidago virgaurea,ForestDryPoor
109912,Solidago virgaurea,ForestDryPoor
109913,Solidago virgaurea,ForestDryPoor
