146613,Spirodela polyrhiza,ForestDryPoor
146614,Spirodela polyrhiza,ForestDryPoor
146615,Spirodela polyrhiza,ForestDryPoor
146616,Spirodela polyrhiza,ForestDryPoor
146617,Spirodela polyrhiza,ForestDryPoor
146618,Spirodela polyrhiza,ForestDryPoor
146619,Spirodela polyrhiza,ForestDryPoor
146620,Spirodela polyrhiza,ForestDryPoor
146621,Spirodela polyrhiza,ForestDryPoor
146622,Spirodela polyrhiza,ForestDryPoor
146623,Spirodela polyrhiza,ForestDryPoor
146624,Spirodela polyrhiza,ForestDryPoor
146625,Spirodela polyrhiza,ForestDryPoor
146626,Spirodela polyrhiza,ForestDryPoor
146627,Spirodela polyrhiza,ForestDryPoor
146628,Spirodela polyrhiza,ForestDryPoor
146629,Spirodela polyrhiza,ForestDryPoor
146630,Spirodela polyrhiza,ForestDryPoor
146631,Spirodela polyrhiza,ForestDryPoor
146632,Spirodela polyrhiza,ForestDryPoor
147212,Spirodela polyrhiza,ForestDryPoor
147213,Spirodela polyrhiza,ForestDryPoor
147214,Spirodela polyrhiza,ForestDryPoor
147215,Spirodela polyrhiza,ForestDryPoor
147216,Spirodela polyrhiza,ForestDryPoor
147217,Spirodela polyrhiza,ForestDryPoor
147218,Spirodela polyrhiza,ForestDryPoor
147219,Spirodela polyrhiza,ForestDryPoor
147220,Spirodela polyrhiza,ForestDryPoor
147221,Spirodela polyrhiza,ForestDryPoor
147222,Spirodela polyrhiza,ForestDryPoor
147223,Spirodela polyrhiza,ForestDryPoor
147224,Spirodela polyrhiza,ForestDryPoor
147225,Spirodela polyrhiza,ForestDryPoor
147226,Spirodela polyrhiza,ForestDryPoor
147227,Spirodela polyrhiza,ForestDryPoor
147228,Spirodela polyrhiza,ForestDryPoor
147229,Spirodela polyrhiza,ForestDryPoor
147230,Spirodela polyrhiza,ForestDryPoor
147231,Spirodela polyrhiza,ForestDryPoor
147811,Spirodela polyrhiza,ForestDryPoor
147812,Spirodela polyrhiza,ForestDryPoor
147813,Spirodela polyrhiza,ForestDryPoor
147814,Spirodela polyrhiza,ForestDryPoor
147815,Spirodela polyrhiza,ForestDryPoor
147816,Spirodela polyrhiza,ForestDryPoor
147817,Spirodela polyrhiza,ForestDryPoor
147818,Spirodela polyrhiza,ForestDryPoor
147819,Spirodela polyrhiza,ForestDryPoor
147820,Spirodela polyrhiza,ForestDryPoor
147821,Spirodela polyrhiza,ForestDryPoor
147822,Spirodela polyrhiza,ForestDryPoor
147823,Spirodela polyrhiza,ForestDryPoor
147824,Spirodela polyrhiza,ForestDryPoor
147825,Spirodela polyrhiza,ForestDryPoor
147826,Spirodela polyrhiza,ForestDryPoor
147827,Spirodela polyrhiza,ForestDryPoor
147828,Spirodela polyrhiza,ForestDryPoor
147829,Spirodela polyrhiza,ForestDryPoor
147830,Spirodela polyrhiza,ForestDryPoor
148410,Spirodela polyrhiza,ForestDryPoor
148411,Spirodela polyrhiza,ForestDryPoor
148412,Spirodela polyrhiza,ForestDryPoor
148413,Spirodela polyrhiza,ForestDryPoor
148414,Spirodela polyrhiza,ForestDryPoor
148415,Spirodela polyrhiza,ForestDryPoor
148416,Spirodela polyrhiza,ForestDryPoor
148417,Spirodela polyrhiza,ForestDryPoor
148418,Spirodela polyrhiza,ForestDryPoor
148419,Spirodela polyrhiza,ForestDryPoor
148420,Spirodela polyrhiza,ForestDryPoor
148421,Spirodela polyrhiza,ForestDryPoor
148422,Spirodela polyrhiza,ForestDryPoor
148423,Spirodela polyrhiza,ForestDryPoor
148424,Spirodela polyrhiza,ForestDryPoor
148425,Spirodela polyrhiza,ForestDryPoor
148426,Spirodela polyrhiza,ForestDryPoor
148427,Spirodela polyrhiza,ForestDryPoor
148428,Spirodela polyrhiza,ForestDryPoor
148429,Spirodela polyrhiza,ForestDryPoor
149009,Spirodela polyrhiza,ForestDryPoor
149010,Spirodela polyrhiza,ForestDryPoor
149011,Spirodela polyrhiza,ForestDryPoor
149012,Spirodela polyrhiza,ForestDryPoor
149013,Spirodela polyrhiza,ForestDryPoor
149014,Spirodela polyrhiza,ForestDryPoor
149015,Spirodela polyrhiza,ForestDryPoor
149016,Spirodela polyrhiza,ForestDryPoor
149017,Spirodela polyrhiza,ForestDryPoor
149018,Spirodela polyrhiza,ForestDryPoor
149019,Spirodela polyrhiza,ForestDryPoor
149020,Spirodela polyrhiza,ForestDryPoor
149021,Spirodela polyrhiza,ForestDryPoor
149022,Spirodela polyrhiza,ForestDryPoor
149023,Spirodela polyrhiza,ForestDryPoor
149024,Spirodela polyrhiza,ForestDryPoor
149025,Spirodela polyrhiza,ForestDryPoor
149026,Spirodela polyrhiza,ForestDryPoor
149027,Spirodela polyrhiza,ForestDryPoor
149028,Spirodela polyrhiza,ForestDryPoor
149608,Spirodela polyrhiza,ForestDryPoor
149609,Spirodela polyrhiza,ForestDryPoor
149610,Spirodela polyrhiza,ForestDryPoor
149611,Spirodela polyrhiza,ForestDryPoor
149612,Spirodela polyrhiza,ForestDryPoor
149613,Spirodela polyrhiza,ForestDryPoor
149614,Spirodela polyrhiza,ForestDryPoor
149615,Spirodela polyrhiza,ForestDryPoor
149616,Spirodela polyrhiza,ForestDryPoor
149617,Spirodela polyrhiza,ForestDryPoor
149618,Spirodela polyrhiza,ForestDryPoor
149619,Spirodela polyrhiza,ForestDryPoor
149620,Spirodela polyrhiza,ForestDryPoor
149621,Spirodela polyrhiza,ForestDryPoor
149622,Spirodela polyrhiza,ForestDryPoor
149623,Spirodela polyrhiza,ForestDryPoor
149624,Spirodela polyrhiza,ForestDryPoor
149625,Spirodela polyrhiza,ForestDryPoor
149626,Spirodela polyrhiza,ForestDryPoor
149627,Spirodela polyrhiza,ForestDryPoor
150207,Spirodela polyrhiza,ForestDryPoor
150208,Spirodela polyrhiza,ForestDryPoor
150209,Spirodela polyrhiza,ForestDryPoor
150210,Spirodela polyrhiza,ForestDryPoor
150211,Spirodela polyrhiza,ForestDryPoor
150212,Spirodela polyrhiza,ForestDryPoor
150213,Spirodela polyrhiza,ForestDryPoor
150214,Spirodela polyrhiza,ForestDryPoor
150215,Spirodela polyrhiza,ForestDryPoor
150216,Spirodela polyrhiza,ForestDryPoor
150217,Spirodela polyrhiza,ForestDryPoor
150218,Spirodela polyrhiza,ForestDryPoor
150219,Spirodela polyrhiza,ForestDryPoor
150220,Spirodela polyrhiza,ForestDryPoor
150221,Spirodela polyrhiza,ForestDryPoor
150222,Spirodela polyrhiza,ForestDryPoor
150223,Spirodela polyrhiza,ForestDryPoor
150224,Spirodela polyrhiza,ForestDryPoor
150225,Spirodela polyrhiza,ForestDryPoor
150226,Spirodela polyrhiza,ForestDryPoor
150806,Spirodela polyrhiza,ForestDryPoor
150807,Spirodela polyrhiza,ForestDryPoor
150808,Spirodela polyrhiza,ForestDryPoor
150809,Spirodela polyrhiza,ForestDryPoor
150810,Spirodela polyrhiza,ForestDryPoor
150811,Spirodela polyrhiza,ForestDryPoor
150812,Spirodela polyrhiza,ForestDryPoor
150813,Spirodela polyrhiza,ForestDryPoor
150814,Spirodela polyrhiza,ForestDryPoor
150815,Spirodela polyrhiza,ForestDryPoor
150816,Spirodela polyrhiza,ForestDryPoor
150817,Spirodela polyrhiza,ForestDryPoor
150818,Spirodela polyrhiza,ForestDryPoor
150819,Spirodela polyrhiza,ForestDryPoor
150820,Spirodela polyrhiza,ForestDryPoor
150821,Spirodela polyrhiza,ForestDryPoor
150822,Spirodela polyrhiza,ForestDryPoor
150823,Spirodela polyrhiza,ForestDryPoor
150824,Spirodela polyrhiza,ForestDryPoor
150825,Spirodela polyrhiza,ForestDryPoor
150846,Spirodela polyrhiza,ForestDryPoor
151405,Spirodela polyrhiza,ForestDryPoor
151406,Spirodela polyrhiza,ForestDryPoor
151407,Spirodela polyrhiza,ForestDryPoor
151408,Spirodela polyrhiza,ForestDryPoor
151409,Spirodela polyrhiza,ForestDryPoor
151410,Spirodela polyrhiza,ForestDryPoor
151411,Spirodela polyrhiza,ForestDryPoor
151412,Spirodela polyrhiza,ForestDryPoor
151413,Spirodela polyrhiza,ForestDryPoor
151414,Spirodela polyrhiza,ForestDryPoor
151415,Spirodela polyrhiza,ForestDryPoor
151416,Spirodela polyrhiza,ForestDryPoor
151417,Spirodela polyrhiza,ForestDryPoor
151418,Spirodela polyrhiza,ForestDryPoor
151419,Spirodela polyrhiza,ForestDryPoor
151420,Spirodela polyrhiza,ForestDryPoor
151421,Spirodela polyrhiza,ForestDryPoor
151422,Spirodela polyrhiza,ForestDryPoor
151423,Spirodela polyrhiza,ForestDryPoor
151424,Spirodela polyrhiza,ForestDryPoor
151445,Spirodela polyrhiza,ForestDryPoor
151446,Spirodela polyrhiza,ForestDryPoor
152004,Spirodela polyrhiza,ForestDryPoor
152005,Spirodela polyrhiza,ForestDryPoor
152006,Spirodela polyrhiza,ForestDryPoor
152007,Spirodela polyrhiza,ForestDryPoor
152008,Spirodela polyrhiza,ForestDryPoor
152009,Spirodela polyrhiza,ForestDryPoor
152010,Spirodela polyrhiza,ForestDryPoor
152011,Spirodela polyrhiza,ForestDryPoor
152012,Spirodela polyrhiza,ForestDryPoor
152013,Spirodela polyrhiza,ForestDryPoor
152014,Spirodela polyrhiza,ForestDryPoor
152015,Spirodela polyrhiza,ForestDryPoor
152016,Spirodela polyrhiza,ForestDryPoor
152017,Spirodela polyrhiza,ForestDryPoor
152018,Spirodela polyrhiza,ForestDryPoor
152019,Spirodela polyrhiza,ForestDryPoor
152020,Spirodela polyrhiza,ForestDryPoor
152021,Spirodela polyrhiza,ForestDryPoor
152022,Spirodela polyrhiza,ForestDryPoor
152023,Spirodela polyrhiza,ForestDryPoor
152044,Spirodela polyrhiza,ForestDryPoor
152045,Spirodela polyrhiza,ForestDryPoor
152603,Spirodela polyrhiza,ForestDryPoor
152604,Spirodela polyrhiza,ForestDryPoor
152605,Spirodela polyrhiza,ForestDryPoor
152606,Spirodela polyrhiza,ForestDryPoor
152607,Spirodela polyrhiza,ForestDryPoor
152608,Spirodela polyrhiza,ForestDryPoor
152609,Spirodela polyrhiza,ForestDryPoor
152610,Spirodela polyrhiza,ForestDryPoor
152611,Spirodela polyrhiza,ForestDryPoor
152612,Spirodela polyrhiza,ForestDryPoor
152613,Spirodela polyrhiza,ForestDryPoor
152614,Spirodela polyrhiza,ForestDryPoor
152615,Spirodela polyrhiza,ForestDryPoor
152616,Spirodela polyrhiza,ForestDryPoor
152617,Spirodela polyrhiza,ForestDryPoor
152618,Spirodela polyrhiza,ForestDryPoor
152619,Spirodela polyrhiza,ForestDryPoor
152620,Spirodela polyrhiza,ForestDryPoor
152621,Spirodela polyrhiza,ForestDryPoor
152622,Spirodela polyrhiza,ForestDryPoor
152643,Spirodela polyrhiza,ForestDryPoor
152644,Spirodela polyrhiza,ForestDryPoor
152645,Spirodela polyrhiza,ForestDryPoor
153202,Spirodela polyrhiza,ForestDryPoor
153203,Spirodela polyrhiza,ForestDryPoor
153204,Spirodela polyrhiza,ForestDryPoor
153205,Spirodela polyrhiza,ForestDryPoor
153206,Spirodela polyrhiza,ForestDryPoor
153207,Spirodela polyrhiza,ForestDryPoor
153208,Spirodela polyrhiza,ForestDryPoor
153209,Spirodela polyrhiza,ForestDryPoor
153210,Spirodela polyrhiza,ForestDryPoor
153211,Spirodela polyrhiza,ForestDryPoor
153212,Spirodela polyrhiza,ForestDryPoor
153213,Spirodela polyrhiza,ForestDryPoor
153214,Spirodela polyrhiza,ForestDryPoor
153215,Spirodela polyrhiza,ForestDryPoor
153216,Spirodela polyrhiza,ForestDryPoor
153217,Spirodela polyrhiza,ForestDryPoor
153218,Spirodela polyrhiza,ForestDryPoor
153219,Spirodela polyrhiza,ForestDryPoor
153220,Spirodela polyrhiza,ForestDryPoor
153221,Spirodela polyrhiza,ForestDryPoor
153242,Spirodela polyrhiza,ForestDryPoor
153243,Spirodela polyrhiza,ForestDryPoor
153244,Spirodela polyrhiza,ForestDryPoor
153801,Spirodela polyrhiza,ForestDryPoor
153802,Spirodela polyrhiza,ForestDryPoor
153803,Spirodela polyrhiza,ForestDryPoor
153804,Spirodela polyrhiza,ForestDryPoor
153805,Spirodela polyrhiza,ForestDryPoor
153806,Spirodela polyrhiza,ForestDryPoor
153807,Spirodela polyrhiza,ForestDryPoor
153808,Spirodela polyrhiza,ForestDryPoor
153809,Spirodela polyrhiza,ForestDryPoor
153810,Spirodela polyrhiza,ForestDryPoor
153811,Spirodela polyrhiza,ForestDryPoor
153812,Spirodela polyrhiza,ForestDryPoor
153813,Spirodela polyrhiza,ForestDryPoor
153814,Spirodela polyrhiza,ForestDryPoor
153815,Spirodela polyrhiza,ForestDryPoor
153816,Spirodela polyrhiza,ForestDryPoor
153817,Spirodela polyrhiza,ForestDryPoor
153818,Spirodela polyrhiza,ForestDryPoor
153819,Spirodela polyrhiza,ForestDryPoor
153820,Spirodela polyrhiza,ForestDryPoor
153841,Spirodela polyrhiza,ForestDryPoor
153842,Spirodela polyrhiza,ForestDryPoor
153843,Spirodela polyrhiza,ForestDryPoor
154400,Spirodela polyrhiza,ForestDryPoor
154401,Spirodela polyrhiza,ForestDryPoor
154402,Spirodela polyrhiza,ForestDryPoor
154403,Spirodela polyrhiza,ForestDryPoor
154404,Spirodela polyrhiza,ForestDryPoor
154405,Spirodela polyrhiza,ForestDryPoor
154406,Spirodela polyrhiza,ForestDryPoor
154407,Spirodela polyrhiza,ForestDryPoor
154408,Spirodela polyrhiza,ForestDryPoor
154409,Spirodela polyrhiza,ForestDryPoor
154410,Spirodela polyrhiza,ForestDryPoor
154411,Spirodela polyrhiza,ForestDryPoor
154412,Spirodela polyrhiza,ForestDryPoor
154413,Spirodela polyrhiza,ForestDryPoor
154414,Spirodela polyrhiza,ForestDryPoor
154415,Spirodela polyrhiza,ForestDryPoor
154416,Spirodela polyrhiza,ForestDryPoor
154417,Spirodela polyrhiza,ForestDryPoor
154418,Spirodela polyrhiza,ForestDryPoor
154419,Spirodela polyrhiza,ForestDryPoor
154440,Spirodela polyrhiza,ForestDryPoor
154441,Spirodela polyrhiza,ForestDryPoor
154442,Spirodela polyrhiza,ForestDryPoor
154443,Spirodela polyrhiza,ForestDryPoor
154999,Spirodela polyrhiza,ForestDryPoor
155000,Spirodela polyrhiza,ForestDryPoor
155001,Spirodela polyrhiza,ForestDryPoor
155002,Spirodela polyrhiza,ForestDryPoor
155003,Spirodela polyrhiza,ForestDryPoor
155004,Spirodela polyrhiza,ForestDryPoor
155005,Spirodela polyrhiza,ForestDryPoor
155006,Spirodela polyrhiza,ForestDryPoor
155007,Spirodela polyrhiza,ForestDryPoor
155008,Spirodela polyrhiza,ForestDryPoor
155009,Spirodela polyrhiza,ForestDryPoor
155010,Spirodela polyrhiza,ForestDryPoor
155011,Spirodela polyrhiza,ForestDryPoor
155012,Spirodela polyrhiza,ForestDryPoor
155013,Spirodela polyrhiza,ForestDryPoor
155014,Spirodela polyrhiza,ForestDryPoor
155015,Spirodela polyrhiza,ForestDryPoor
155016,Spirodela polyrhiza,ForestDryPoor
155017,Spirodela polyrhiza,ForestDryPoor
155018,Spirodela polyrhiza,ForestDryPoor
155039,Spirodela polyrhiza,ForestDryPoor
155040,Spirodela polyrhiza,ForestDryPoor
155041,Spirodela polyrhiza,ForestDryPoor
155042,Spirodela polyrhiza,ForestDryPoor
155598,Spirodela polyrhiza,ForestDryPoor
155599,Spirodela polyrhiza,ForestDryPoor
155600,Spirodela polyrhiza,ForestDryPoor
155601,Spirodela polyrhiza,ForestDryPoor
155602,Spirodela polyrhiza,ForestDryPoor
155603,Spirodela polyrhiza,ForestDryPoor
155604,Spirodela polyrhiza,ForestDryPoor
155605,Spirodela polyrhiza,ForestDryPoor
155606,Spirodela polyrhiza,ForestDryPoor
155607,Spirodela polyrhiza,ForestDryPoor
155608,Spirodela polyrhiza,ForestDryPoor
155609,Spirodela polyrhiza,ForestDryPoor
155610,Spirodela polyrhiza,ForestDryPoor
155611,Spirodela polyrhiza,ForestDryPoor
155612,Spirodela polyrhiza,ForestDryPoor
155613,Spirodela polyrhiza,ForestDryPoor
155614,Spirodela polyrhiza,ForestDryPoor
155615,Spirodela polyrhiza,ForestDryPoor
155616,Spirodela polyrhiza,ForestDryPoor
155617,Spirodela polyrhiza,ForestDryPoor
155638,Spirodela polyrhiza,ForestDryPoor
155639,Spirodela polyrhiza,ForestDryPoor
155640,Spirodela polyrhiza,ForestDryPoor
155641,Spirodela polyrhiza,ForestDryPoor
155642,Spirodela polyrhiza,ForestDryPoor
156197,Spirodela polyrhiza,ForestDryPoor
156198,Spirodela polyrhiza,ForestDryPoor
156199,Spirodela polyrhiza,ForestDryPoor
156200,Spirodela polyrhiza,ForestDryPoor
156201,Spirodela polyrhiza,ForestDryPoor
156202,Spirodela polyrhiza,ForestDryPoor
156203,Spirodela polyrhiza,ForestDryPoor
156204,Spirodela polyrhiza,ForestDryPoor
156205,Spirodela polyrhiza,ForestDryPoor
156206,Spirodela polyrhiza,ForestDryPoor
156207,Spirodela polyrhiza,ForestDryPoor
156208,Spirodela polyrhiza,ForestDryPoor
156209,Spirodela polyrhiza,ForestDryPoor
156210,Spirodela polyrhiza,ForestDryPoor
156211,Spirodela polyrhiza,ForestDryPoor
156212,Spirodela polyrhiza,ForestDryPoor
156213,Spirodela polyrhiza,ForestDryPoor
156214,Spirodela polyrhiza,ForestDryPoor
156215,Spirodela polyrhiza,ForestDryPoor
156216,Spirodela polyrhiza,ForestDryPoor
156237,Spirodela polyrhiza,ForestDryPoor
156238,Spirodela polyrhiza,ForestDryPoor
156239,Spirodela polyrhiza,ForestDryPoor
156240,Spirodela polyrhiza,ForestDryPoor
156241,Spirodela polyrhiza,ForestDryPoor
156796,Spirodela polyrhiza,ForestDryPoor
156797,Spirodela polyrhiza,ForestDryPoor
156798,Spirodela polyrhiza,ForestDryPoor
156799,Spirodela polyrhiza,ForestDryPoor
156800,Spirodela polyrhiza,ForestDryPoor
156801,Spirodela polyrhiza,ForestDryPoor
156802,Spirodela polyrhiza,ForestDryPoor
156803,Spirodela polyrhiza,ForestDryPoor
156804,Spirodela polyrhiza,ForestDryPoor
156805,Spirodela polyrhiza,ForestDryPoor
156806,Spirodela polyrhiza,ForestDryPoor
156807,Spirodela polyrhiza,ForestDryPoor
156808,Spirodela polyrhiza,ForestDryPoor
156809,Spirodela polyrhiza,ForestDryPoor
156810,Spirodela polyrhiza,ForestDryPoor
156811,Spirodela polyrhiza,ForestDryPoor
156812,Spirodela polyrhiza,ForestDryPoor
156813,Spirodela polyrhiza,ForestDryPoor
156814,Spirodela polyrhiza,ForestDryPoor
156815,Spirodela polyrhiza,ForestDryPoor
156836,Spirodela polyrhiza,ForestDryPoor
156837,Spirodela polyrhiza,ForestDryPoor
156838,Spirodela polyrhiza,ForestDryPoor
156839,Spirodela polyrhiza,ForestDryPoor
156840,Spirodela polyrhiza,ForestDryPoor
157395,Spirodela polyrhiza,ForestDryPoor
157396,Spirodela polyrhiza,ForestDryPoor
157397,Spirodela polyrhiza,ForestDryPoor
157398,Spirodela polyrhiza,ForestDryPoor
157399,Spirodela polyrhiza,ForestDryPoor
157400,Spirodela polyrhiza,ForestDryPoor
157401,Spirodela polyrhiza,ForestDryPoor
157402,Spirodela polyrhiza,ForestDryPoor
157403,Spirodela polyrhiza,ForestDryPoor
157404,Spirodela polyrhiza,ForestDryPoor
157405,Spirodela polyrhiza,ForestDryPoor
157406,Spirodela polyrhiza,ForestDryPoor
157407,Spirodela polyrhiza,ForestDryPoor
157408,Spirodela polyrhiza,ForestDryPoor
157409,Spirodela polyrhiza,ForestDryPoor
157410,Spirodela polyrhiza,ForestDryPoor
157411,Spirodela polyrhiza,ForestDryPoor
157412,Spirodela polyrhiza,ForestDryPoor
157413,Spirodela polyrhiza,ForestDryPoor
157414,Spirodela polyrhiza,ForestDryPoor
157435,Spirodela polyrhiza,ForestDryPoor
157436,Spirodela polyrhiza,ForestDryPoor
157437,Spirodela polyrhiza,ForestDryPoor
157438,Spirodela polyrhiza,ForestDryPoor
157439,Spirodela polyrhiza,ForestDryPoor
157440,Spirodela polyrhiza,ForestDryPoor
157994,Spirodela polyrhiza,ForestDryPoor
157995,Spirodela polyrhiza,ForestDryPoor
157996,Spirodela polyrhiza,ForestDryPoor
157997,Spirodela polyrhiza,ForestDryPoor
157998,Spirodela polyrhiza,ForestDryPoor
157999,Spirodela polyrhiza,ForestDryPoor
158000,Spirodela polyrhiza,ForestDryPoor
158001,Spirodela polyrhiza,ForestDryPoor
158002,Spirodela polyrhiza,ForestDryPoor
158003,Spirodela polyrhiza,ForestDryPoor
158004,Spirodela polyrhiza,ForestDryPoor
158005,Spirodela polyrhiza,ForestDryPoor
158006,Spirodela polyrhiza,ForestDryPoor
158007,Spirodela polyrhiza,ForestDryPoor
158008,Spirodela polyrhiza,ForestDryPoor
158009,Spirodela polyrhiza,ForestDryPoor
158010,Spirodela polyrhiza,ForestDryPoor
158011,Spirodela polyrhiza,ForestDryPoor
158012,Spirodela polyrhiza,ForestDryPoor
158013,Spirodela polyrhiza,ForestDryPoor
158034,Spirodela polyrhiza,ForestDryPoor
158035,Spirodela polyrhiza,ForestDryPoor
158036,Spirodela polyrhiza,ForestDryPoor
158037,Spirodela polyrhiza,ForestDryPoor
158038,Spirodela polyrhiza,ForestDryPoor
158039,Spirodela polyrhiza,ForestDryPoor
158573,Spirodela polyrhiza,ForestDryPoor
158574,Spirodela polyrhiza,ForestDryPoor
158575,Spirodela polyrhiza,ForestDryPoor
158576,Spirodela polyrhiza,ForestDryPoor
158577,Spirodela polyrhiza,ForestDryPoor
158578,Spirodela polyrhiza,ForestDryPoor
158579,Spirodela polyrhiza,ForestDryPoor
158580,Spirodela polyrhiza,ForestDryPoor
158581,Spirodela polyrhiza,ForestDryPoor
158582,Spirodela polyrhiza,ForestDryPoor
158583,Spirodela polyrhiza,ForestDryPoor
158584,Spirodela polyrhiza,ForestDryPoor
158585,Spirodela polyrhiza,ForestDryPoor
158586,Spirodela polyrhiza,ForestDryPoor
158587,Spirodela polyrhiza,ForestDryPoor
158588,Spirodela polyrhiza,ForestDryPoor
158589,Spirodela polyrhiza,ForestDryPoor
158590,Spirodela polyrhiza,ForestDryPoor
158591,Spirodela polyrhiza,ForestDryPoor
158592,Spirodela polyrhiza,ForestDryPoor
158593,Spirodela polyrhiza,ForestDryPoor
158594,Spirodela polyrhiza,ForestDryPoor
158595,Spirodela polyrhiza,ForestDryPoor
158596,Spirodela polyrhiza,ForestDryPoor
158597,Spirodela polyrhiza,ForestDryPoor
158598,Spirodela polyrhiza,ForestDryPoor
158599,Spirodela polyrhiza,ForestDryPoor
158600,Spirodela polyrhiza,ForestDryPoor
158601,Spirodela polyrhiza,ForestDryPoor
158602,Spirodela polyrhiza,ForestDryPoor
158603,Spirodela polyrhiza,ForestDryPoor
158604,Spirodela polyrhiza,ForestDryPoor
158605,Spirodela polyrhiza,ForestDryPoor
158606,Spirodela polyrhiza,ForestDryPoor
158607,Spirodela polyrhiza,ForestDryPoor
158608,Spirodela polyrhiza,ForestDryPoor
158609,Spirodela polyrhiza,ForestDryPoor
158610,Spirodela polyrhiza,ForestDryPoor
158611,Spirodela polyrhiza,ForestDryPoor
158612,Spirodela polyrhiza,ForestDryPoor
158613,Spirodela polyrhiza,ForestDryPoor
158614,Spirodela polyrhiza,ForestDryPoor
158615,Spirodela polyrhiza,ForestDryPoor
158616,Spirodela polyrhiza,ForestDryPoor
158617,Spirodela polyrhiza,ForestDryPoor
158618,Spirodela polyrhiza,ForestDryPoor
158619,Spirodela polyrhiza,ForestDryPoor
158620,Spirodela polyrhiza,ForestDryPoor
158621,Spirodela polyrhiza,ForestDryPoor
158622,Spirodela polyrhiza,ForestDryPoor
158623,Spirodela polyrhiza,ForestDryPoor
158624,Spirodela polyrhiza,ForestDryPoor
158625,Spirodela polyrhiza,ForestDryPoor
158626,Spirodela polyrhiza,ForestDryPoor
158627,Spirodela polyrhiza,ForestDryPoor
158628,Spirodela polyrhiza,ForestDryPoor
158629,Spirodela polyrhiza,ForestDryPoor
158630,Spirodela polyrhiza,ForestDryPoor
158631,Spirodela polyrhiza,ForestDryPoor
158632,Spirodela polyrhiza,ForestDryPoor
159172,Spirodela polyrhiza,ForestDryPoor
159173,Spirodela polyrhiza,ForestDryPoor
159174,Spirodela polyrhiza,ForestDryPoor
159175,Spirodela polyrhiza,ForestDryPoor
159176,Spirodela polyrhiza,ForestDryPoor
159177,Spirodela polyrhiza,ForestDryPoor
159178,Spirodela polyrhiza,ForestDryPoor
159179,Spirodela polyrhiza,ForestDryPoor
159180,Spirodela polyrhiza,ForestDryPoor
159181,Spirodela polyrhiza,ForestDryPoor
159182,Spirodela polyrhiza,ForestDryPoor
159183,Spirodela polyrhiza,ForestDryPoor
159184,Spirodela polyrhiza,ForestDryPoor
159185,Spirodela polyrhiza,ForestDryPoor
159186,Spirodela polyrhiza,ForestDryPoor
159187,Spirodela polyrhiza,ForestDryPoor
159188,Spirodela polyrhiza,ForestDryPoor
159189,Spirodela polyrhiza,ForestDryPoor
159190,Spirodela polyrhiza,ForestDryPoor
159191,Spirodela polyrhiza,ForestDryPoor
159192,Spirodela polyrhiza,ForestDryPoor
159193,Spirodela polyrhiza,ForestDryPoor
159194,Spirodela polyrhiza,ForestDryPoor
159195,Spirodela polyrhiza,ForestDryPoor
159196,Spirodela polyrhiza,ForestDryPoor
159197,Spirodela polyrhiza,ForestDryPoor
159198,Spirodela polyrhiza,ForestDryPoor
159199,Spirodela polyrhiza,ForestDryPoor
159200,Spirodela polyrhiza,ForestDryPoor
159201,Spirodela polyrhiza,ForestDryPoor
159202,Spirodela polyrhiza,ForestDryPoor
159203,Spirodela polyrhiza,ForestDryPoor
159204,Spirodela polyrhiza,ForestDryPoor
159205,Spirodela polyrhiza,ForestDryPoor
159206,Spirodela polyrhiza,ForestDryPoor
159207,Spirodela polyrhiza,ForestDryPoor
159208,Spirodela polyrhiza,ForestDryPoor
159209,Spirodela polyrhiza,ForestDryPoor
159210,Spirodela polyrhiza,ForestDryPoor
159211,Spirodela polyrhiza,ForestDryPoor
159212,Spirodela polyrhiza,ForestDryPoor
159213,Spirodela polyrhiza,ForestDryPoor
159214,Spirodela polyrhiza,ForestDryPoor
159215,Spirodela polyrhiza,ForestDryPoor
159216,Spirodela polyrhiza,ForestDryPoor
159217,Spirodela polyrhiza,ForestDryPoor
159218,Spirodela polyrhiza,ForestDryPoor
159219,Spirodela polyrhiza,ForestDryPoor
159220,Spirodela polyrhiza,ForestDryPoor
159221,Spirodela polyrhiza,ForestDryPoor
159222,Spirodela polyrhiza,ForestDryPoor
159223,Spirodela polyrhiza,ForestDryPoor
159224,Spirodela polyrhiza,ForestDryPoor
159225,Spirodela polyrhiza,ForestDryPoor
159226,Spirodela polyrhiza,ForestDryPoor
159227,Spirodela polyrhiza,ForestDryPoor
159228,Spirodela polyrhiza,ForestDryPoor
159229,Spirodela polyrhiza,ForestDryPoor
159230,Spirodela polyrhiza,ForestDryPoor
159231,Spirodela polyrhiza,ForestDryPoor
159771,Spirodela polyrhiza,ForestDryPoor
159772,Spirodela polyrhiza,ForestDryPoor
159773,Spirodela polyrhiza,ForestDryPoor
159774,Spirodela polyrhiza,ForestDryPoor
159775,Spirodela polyrhiza,ForestDryPoor
159776,Spirodela polyrhiza,ForestDryPoor
159777,Spirodela polyrhiza,ForestDryPoor
159778,Spirodela polyrhiza,ForestDryPoor
159779,Spirodela polyrhiza,ForestDryPoor
159780,Spirodela polyrhiza,ForestDryPoor
159781,Spirodela polyrhiza,ForestDryPoor
159782,Spirodela polyrhiza,ForestDryPoor
159783,Spirodela polyrhiza,ForestDryPoor
159784,Spirodela polyrhiza,ForestDryPoor
159785,Spirodela polyrhiza,ForestDryPoor
159786,Spirodela polyrhiza,ForestDryPoor
159787,Spirodela polyrhiza,ForestDryPoor
159788,Spirodela polyrhiza,ForestDryPoor
159789,Spirodela polyrhiza,ForestDryPoor
159790,Spirodela polyrhiza,ForestDryPoor
159791,Spirodela polyrhiza,ForestDryPoor
159792,Spirodela polyrhiza,ForestDryPoor
159793,Spirodela polyrhiza,ForestDryPoor
159794,Spirodela polyrhiza,ForestDryPoor
159795,Spirodela polyrhiza,ForestDryPoor
159796,Spirodela polyrhiza,ForestDryPoor
159797,Spirodela polyrhiza,ForestDryPoor
159798,Spirodela polyrhiza,ForestDryPoor
159799,Spirodela polyrhiza,ForestDryPoor
159800,Spirodela polyrhiza,ForestDryPoor
159801,Spirodela polyrhiza,ForestDryPoor
159802,Spirodela polyrhiza,ForestDryPoor
159803,Spirodela polyrhiza,ForestDryPoor
159804,Spirodela polyrhiza,ForestDryPoor
159805,Spirodela polyrhiza,ForestDryPoor
159806,Spirodela polyrhiza,ForestDryPoor
159807,Spirodela polyrhiza,ForestDryPoor
159808,Spirodela polyrhiza,ForestDryPoor
159809,Spirodela polyrhiza,ForestDryPoor
159810,Spirodela polyrhiza,ForestDryPoor
159811,Spirodela polyrhiza,ForestDryPoor
159812,Spirodela polyrhiza,ForestDryPoor
159813,Spirodela polyrhiza,ForestDryPoor
159814,Spirodela polyrhiza,ForestDryPoor
159815,Spirodela polyrhiza,ForestDryPoor
159816,Spirodela polyrhiza,ForestDryPoor
159817,Spirodela polyrhiza,ForestDryPoor
159818,Spirodela polyrhiza,ForestDryPoor
159819,Spirodela polyrhiza,ForestDryPoor
159820,Spirodela polyrhiza,ForestDryPoor
159821,Spirodela polyrhiza,ForestDryPoor
159822,Spirodela polyrhiza,ForestDryPoor
159823,Spirodela polyrhiza,ForestDryPoor
159824,Spirodela polyrhiza,ForestDryPoor
159825,Spirodela polyrhiza,ForestDryPoor
159826,Spirodela polyrhiza,ForestDryPoor
159827,Spirodela polyrhiza,ForestDryPoor
159828,Spirodela polyrhiza,ForestDryPoor
159829,Spirodela polyrhiza,ForestDryPoor
159830,Spirodela polyrhiza,ForestDryPoor
160370,Spirodela polyrhiza,ForestDryPoor
160371,Spirodela polyrhiza,ForestDryPoor
160372,Spirodela polyrhiza,ForestDryPoor
160373,Spirodela polyrhiza,ForestDryPoor
160374,Spirodela polyrhiza,ForestDryPoor
160375,Spirodela polyrhiza,ForestDryPoor
160376,Spirodela polyrhiza,ForestDryPoor
160377,Spirodela polyrhiza,ForestDryPoor
160378,Spirodela polyrhiza,ForestDryPoor
160379,Spirodela polyrhiza,ForestDryPoor
160380,Spirodela polyrhiza,ForestDryPoor
160381,Spirodela polyrhiza,ForestDryPoor
160382,Spirodela polyrhiza,ForestDryPoor
160383,Spirodela polyrhiza,ForestDryPoor
160384,Spirodela polyrhiza,ForestDryPoor
160385,Spirodela polyrhiza,ForestDryPoor
160386,Spirodela polyrhiza,ForestDryPoor
160387,Spirodela polyrhiza,ForestDryPoor
160388,Spirodela polyrhiza,ForestDryPoor
160389,Spirodela polyrhiza,ForestDryPoor
160390,Spirodela polyrhiza,ForestDryPoor
160391,Spirodela polyrhiza,ForestDryPoor
160392,Spirodela polyrhiza,ForestDryPoor
160393,Spirodela polyrhiza,ForestDryPoor
160394,Spirodela polyrhiza,ForestDryPoor
160395,Spirodela polyrhiza,ForestDryPoor
160396,Spirodela polyrhiza,ForestDryPoor
160397,Spirodela polyrhiza,ForestDryPoor
160398,Spirodela polyrhiza,ForestDryPoor
160399,Spirodela polyrhiza,ForestDryPoor
160400,Spirodela polyrhiza,ForestDryPoor
160401,Spirodela polyrhiza,ForestDryPoor
160402,Spirodela polyrhiza,ForestDryPoor
160403,Spirodela polyrhiza,ForestDryPoor
160404,Spirodela polyrhiza,ForestDryPoor
160405,Spirodela polyrhiza,ForestDryPoor
160406,Spirodela polyrhiza,ForestDryPoor
160407,Spirodela polyrhiza,ForestDryPoor
160408,Spirodela polyrhiza,ForestDryPoor
160409,Spirodela polyrhiza,ForestDryPoor
160410,Spirodela polyrhiza,ForestDryPoor
160411,Spirodela polyrhiza,ForestDryPoor
160412,Spirodela polyrhiza,ForestDryPoor
160413,Spirodela polyrhiza,ForestDryPoor
160414,Spirodela polyrhiza,ForestDryPoor
160415,Spirodela polyrhiza,ForestDryPoor
160416,Spirodela polyrhiza,ForestDryPoor
160417,Spirodela polyrhiza,ForestDryPoor
160418,Spirodela polyrhiza,ForestDryPoor
160419,Spirodela polyrhiza,ForestDryPoor
160420,Spirodela polyrhiza,ForestDryPoor
160421,Spirodela polyrhiza,ForestDryPoor
160422,Spirodela polyrhiza,ForestDryPoor
160423,Spirodela polyrhiza,ForestDryPoor
160424,Spirodela polyrhiza,ForestDryPoor
160425,Spirodela polyrhiza,ForestDryPoor
160426,Spirodela polyrhiza,ForestDryPoor
160427,Spirodela polyrhiza,ForestDryPoor
160428,Spirodela polyrhiza,ForestDryPoor
160429,Spirodela polyrhiza,ForestDryPoor
160969,Spirodela polyrhiza,ForestDryPoor
160970,Spirodela polyrhiza,ForestDryPoor
160971,Spirodela polyrhiza,ForestDryPoor
160972,Spirodela polyrhiza,ForestDryPoor
160973,Spirodela polyrhiza,ForestDryPoor
160974,Spirodela polyrhiza,ForestDryPoor
160975,Spirodela polyrhiza,ForestDryPoor
160976,Spirodela polyrhiza,ForestDryPoor
160977,Spirodela polyrhiza,ForestDryPoor
160978,Spirodela polyrhiza,ForestDryPoor
160979,Spirodela polyrhiza,ForestDryPoor
160980,Spirodela polyrhiza,ForestDryPoor
160981,Spirodela polyrhiza,ForestDryPoor
160982,Spirodela polyrhiza,ForestDryPoor
160983,Spirodela polyrhiza,ForestDryPoor
160984,Spirodela polyrhiza,ForestDryPoor
160985,Spirodela polyrhiza,ForestDryPoor
160986,Spirodela polyrhiza,ForestDryPoor
160987,Spirodela polyrhiza,ForestDryPoor
160988,Spirodela polyrhiza,ForestDryPoor
160989,Spirodela polyrhiza,ForestDryPoor
160990,Spirodela polyrhiza,ForestDryPoor
160991,Spirodela polyrhiza,ForestDryPoor
160992,Spirodela polyrhiza,ForestDryPoor
160993,Spirodela polyrhiza,ForestDryPoor
160994,Spirodela polyrhiza,ForestDryPoor
160995,Spirodela polyrhiza,ForestDryPoor
160996,Spirodela polyrhiza,ForestDryPoor
160997,Spirodela polyrhiza,ForestDryPoor
160998,Spirodela polyrhiza,ForestDryPoor
160999,Spirodela polyrhiza,ForestDryPoor
161000,Spirodela polyrhiza,ForestDryPoor
161001,Spirodela polyrhiza,ForestDryPoor
161002,Spirodela polyrhiza,ForestDryPoor
161003,Spirodela polyrhiza,ForestDryPoor
161004,Spirodela polyrhiza,ForestDryPoor
161005,Spirodela polyrhiza,ForestDryPoor
161006,Spirodela polyrhiza,ForestDryPoor
161007,Spirodela polyrhiza,ForestDryPoor
161008,Spirodela polyrhiza,ForestDryPoor
161009,Spirodela polyrhiza,ForestDryPoor
161010,Spirodela polyrhiza,ForestDryPoor
161011,Spirodela polyrhiza,ForestDryPoor
161012,Spirodela polyrhiza,ForestDryPoor
161013,Spirodela polyrhiza,ForestDryPoor
161014,Spirodela polyrhiza,ForestDryPoor
161015,Spirodela polyrhiza,ForestDryPoor
161016,Spirodela polyrhiza,ForestDryPoor
161017,Spirodela polyrhiza,ForestDryPoor
161018,Spirodela polyrhiza,ForestDryPoor
161019,Spirodela polyrhiza,ForestDryPoor
161020,Spirodela polyrhiza,ForestDryPoor
161021,Spirodela polyrhiza,ForestDryPoor
161022,Spirodela polyrhiza,ForestDryPoor
161023,Spirodela polyrhiza,ForestDryPoor
161024,Spirodela polyrhiza,ForestDryPoor
161025,Spirodela polyrhiza,ForestDryPoor
161026,Spirodela polyrhiza,ForestDryPoor
161027,Spirodela polyrhiza,ForestDryPoor
161028,Spirodela polyrhiza,ForestDryPoor
161568,Spirodela polyrhiza,ForestDryPoor
161569,Spirodela polyrhiza,ForestDryPoor
161570,Spirodela polyrhiza,ForestDryPoor
161571,Spirodela polyrhiza,ForestDryPoor
161572,Spirodela polyrhiza,ForestDryPoor
161573,Spirodela polyrhiza,ForestDryPoor
161574,Spirodela polyrhiza,ForestDryPoor
161575,Spirodela polyrhiza,ForestDryPoor
161576,Spirodela polyrhiza,ForestDryPoor
161577,Spirodela polyrhiza,ForestDryPoor
161578,Spirodela polyrhiza,ForestDryPoor
161579,Spirodela polyrhiza,ForestDryPoor
161580,Spirodela polyrhiza,ForestDryPoor
161581,Spirodela polyrhiza,ForestDryPoor
161582,Spirodela polyrhiza,ForestDryPoor
161583,Spirodela polyrhiza,ForestDryPoor
161584,Spirodela polyrhiza,ForestDryPoor
161585,Spirodela polyrhiza,ForestDryPoor
161586,Spirodela polyrhiza,ForestDryPoor
161587,Spirodela polyrhiza,ForestDryPoor
161588,Spirodela polyrhiza,ForestDryPoor
161589,Spirodela polyrhiza,ForestDryPoor
161590,Spirodela polyrhiza,ForestDryPoor
161591,Spirodela polyrhiza,ForestDryPoor
161592,Spirodela polyrhiza,ForestDryPoor
161593,Spirodela polyrhiza,ForestDryPoor
161594,Spirodela polyrhiza,ForestDryPoor
161595,Spirodela polyrhiza,ForestDryPoor
161596,Spirodela polyrhiza,ForestDryPoor
161597,Spirodela polyrhiza,ForestDryPoor
161598,Spirodela polyrhiza,ForestDryPoor
161599,Spirodela polyrhiza,ForestDryPoor
161600,Spirodela polyrhiza,ForestDryPoor
161601,Spirodela polyrhiza,ForestDryPoor
161602,Spirodela polyrhiza,ForestDryPoor
161603,Spirodela polyrhiza,ForestDryPoor
161604,Spirodela polyrhiza,ForestDryPoor
161605,Spirodela polyrhiza,ForestDryPoor
161606,Spirodela polyrhiza,ForestDryPoor
161607,Spirodela polyrhiza,ForestDryPoor
161608,Spirodela polyrhiza,ForestDryPoor
161609,Spirodela polyrhiza,ForestDryPoor
161610,Spirodela polyrhiza,ForestDryPoor
161611,Spirodela polyrhiza,ForestDryPoor
161612,Spirodela polyrhiza,ForestDryPoor
161613,Spirodela polyrhiza,ForestDryPoor
161614,Spirodela polyrhiza,ForestDryPoor
161615,Spirodela polyrhiza,ForestDryPoor
161616,Spirodela polyrhiza,ForestDryPoor
161617,Spirodela polyrhiza,ForestDryPoor
161618,Spirodela polyrhiza,ForestDryPoor
161619,Spirodela polyrhiza,ForestDryPoor
161620,Spirodela polyrhiza,ForestDryPoor
161621,Spirodela polyrhiza,ForestDryPoor
161622,Spirodela polyrhiza,ForestDryPoor
161623,Spirodela polyrhiza,ForestDryPoor
161624,Spirodela polyrhiza,ForestDryPoor
161625,Spirodela polyrhiza,ForestDryPoor
161626,Spirodela polyrhiza,ForestDryPoor
161627,Spirodela polyrhiza,ForestDryPoor
162167,Spirodela polyrhiza,ForestDryPoor
162168,Spirodela polyrhiza,ForestDryPoor
162169,Spirodela polyrhiza,ForestDryPoor
162170,Spirodela polyrhiza,ForestDryPoor
162171,Spirodela polyrhiza,ForestDryPoor
162172,Spirodela polyrhiza,ForestDryPoor
162173,Spirodela polyrhiza,ForestDryPoor
162174,Spirodela polyrhiza,ForestDryPoor
162175,Spirodela polyrhiza,ForestDryPoor
162176,Spirodela polyrhiza,ForestDryPoor
162177,Spirodela polyrhiza,ForestDryPoor
162178,Spirodela polyrhiza,ForestDryPoor
162179,Spirodela polyrhiza,ForestDryPoor
162180,Spirodela polyrhiza,ForestDryPoor
162181,Spirodela polyrhiza,ForestDryPoor
162182,Spirodela polyrhiza,ForestDryPoor
162183,Spirodela polyrhiza,ForestDryPoor
162184,Spirodela polyrhiza,ForestDryPoor
162185,Spirodela polyrhiza,ForestDryPoor
162186,Spirodela polyrhiza,ForestDryPoor
162187,Spirodela polyrhiza,ForestDryPoor
162188,Spirodela polyrhiza,ForestDryPoor
162189,Spirodela polyrhiza,ForestDryPoor
162190,Spirodela polyrhiza,ForestDryPoor
162191,Spirodela polyrhiza,ForestDryPoor
162192,Spirodela polyrhiza,ForestDryPoor
162193,Spirodela polyrhiza,ForestDryPoor
162194,Spirodela polyrhiza,ForestDryPoor
162195,Spirodela polyrhiza,ForestDryPoor
162196,Spirodela polyrhiza,ForestDryPoor
162197,Spirodela polyrhiza,ForestDryPoor
162198,Spirodela polyrhiza,ForestDryPoor
162199,Spirodela polyrhiza,ForestDryPoor
162200,Spirodela polyrhiza,ForestDryPoor
162201,Spirodela polyrhiza,ForestDryPoor
162202,Spirodela polyrhiza,ForestDryPoor
162203,Spirodela polyrhiza,ForestDryPoor
162204,Spirodela polyrhiza,ForestDryPoor
162205,Spirodela polyrhiza,ForestDryPoor
162206,Spirodela polyrhiza,ForestDryPoor
162207,Spirodela polyrhiza,ForestDryPoor
162208,Spirodela polyrhiza,ForestDryPoor
162209,Spirodela polyrhiza,ForestDryPoor
162210,Spirodela polyrhiza,ForestDryPoor
162211,Spirodela polyrhiza,ForestDryPoor
162212,Spirodela polyrhiza,ForestDryPoor
162213,Spirodela polyrhiza,ForestDryPoor
162214,Spirodela polyrhiza,ForestDryPoor
162215,Spirodela polyrhiza,ForestDryPoor
162216,Spirodela polyrhiza,ForestDryPoor
162217,Spirodela polyrhiza,ForestDryPoor
162218,Spirodela polyrhiza,ForestDryPoor
162219,Spirodela polyrhiza,ForestDryPoor
162220,Spirodela polyrhiza,ForestDryPoor
162221,Spirodela polyrhiza,ForestDryPoor
162222,Spirodela polyrhiza,ForestDryPoor
162223,Spirodela polyrhiza,ForestDryPoor
162224,Spirodela polyrhiza,ForestDryPoor
162225,Spirodela polyrhiza,ForestDryPoor
162226,Spirodela polyrhiza,ForestDryPoor
162766,Spirodela polyrhiza,ForestDryPoor
162767,Spirodela polyrhiza,ForestDryPoor
162768,Spirodela polyrhiza,ForestDryPoor
162769,Spirodela polyrhiza,ForestDryPoor
162770,Spirodela polyrhiza,ForestDryPoor
162771,Spirodela polyrhiza,ForestDryPoor
162772,Spirodela polyrhiza,ForestDryPoor
162773,Spirodela polyrhiza,ForestDryPoor
162774,Spirodela polyrhiza,ForestDryPoor
162775,Spirodela polyrhiza,ForestDryPoor
162776,Spirodela polyrhiza,ForestDryPoor
162777,Spirodela polyrhiza,ForestDryPoor
162778,Spirodela polyrhiza,ForestDryPoor
162779,Spirodela polyrhiza,ForestDryPoor
162780,Spirodela polyrhiza,ForestDryPoor
162781,Spirodela polyrhiza,ForestDryPoor
162782,Spirodela polyrhiza,ForestDryPoor
162783,Spirodela polyrhiza,ForestDryPoor
162784,Spirodela polyrhiza,ForestDryPoor
162785,Spirodela polyrhiza,ForestDryPoor
162786,Spirodela polyrhiza,ForestDryPoor
162787,Spirodela polyrhiza,ForestDryPoor
162788,Spirodela polyrhiza,ForestDryPoor
162789,Spirodela polyrhiza,ForestDryPoor
162790,Spirodela polyrhiza,ForestDryPoor
162791,Spirodela polyrhiza,ForestDryPoor
162792,Spirodela polyrhiza,ForestDryPoor
162793,Spirodela polyrhiza,ForestDryPoor
162794,Spirodela polyrhiza,ForestDryPoor
162795,Spirodela polyrhiza,ForestDryPoor
162796,Spirodela polyrhiza,ForestDryPoor
162797,Spirodela polyrhiza,ForestDryPoor
162798,Spirodela polyrhiza,ForestDryPoor
162799,Spirodela polyrhiza,ForestDryPoor
162800,Spirodela polyrhiza,ForestDryPoor
162801,Spirodela polyrhiza,ForestDryPoor
162802,Spirodela polyrhiza,ForestDryPoor
162803,Spirodela polyrhiza,ForestDryPoor
162804,Spirodela polyrhiza,ForestDryPoor
162805,Spirodela polyrhiza,ForestDryPoor
162806,Spirodela polyrhiza,ForestDryPoor
162807,Spirodela polyrhiza,ForestDryPoor
162808,Spirodela polyrhiza,ForestDryPoor
162809,Spirodela polyrhiza,ForestDryPoor
162810,Spirodela polyrhiza,ForestDryPoor
162811,Spirodela polyrhiza,ForestDryPoor
162812,Spirodela polyrhiza,ForestDryPoor
162813,Spirodela polyrhiza,ForestDryPoor
162814,Spirodela polyrhiza,ForestDryPoor
162815,Spirodela polyrhiza,ForestDryPoor
162816,Spirodela polyrhiza,ForestDryPoor
162817,Spirodela polyrhiza,ForestDryPoor
162818,Spirodela polyrhiza,ForestDryPoor
162819,Spirodela polyrhiza,ForestDryPoor
162820,Spirodela polyrhiza,ForestDryPoor
162821,Spirodela polyrhiza,ForestDryPoor
162822,Spirodela polyrhiza,ForestDryPoor
162823,Spirodela polyrhiza,ForestDryPoor
162824,Spirodela polyrhiza,ForestDryPoor
162825,Spirodela polyrhiza,ForestDryPoor
163365,Spirodela polyrhiza,ForestDryPoor
163366,Spirodela polyrhiza,ForestDryPoor
163367,Spirodela polyrhiza,ForestDryPoor
163368,Spirodela polyrhiza,ForestDryPoor
163369,Spirodela polyrhiza,ForestDryPoor
163370,Spirodela polyrhiza,ForestDryPoor
163371,Spirodela polyrhiza,ForestDryPoor
163372,Spirodela polyrhiza,ForestDryPoor
163373,Spirodela polyrhiza,ForestDryPoor
163374,Spirodela polyrhiza,ForestDryPoor
163375,Spirodela polyrhiza,ForestDryPoor
163376,Spirodela polyrhiza,ForestDryPoor
163377,Spirodela polyrhiza,ForestDryPoor
163378,Spirodela polyrhiza,ForestDryPoor
163379,Spirodela polyrhiza,ForestDryPoor
163380,Spirodela polyrhiza,ForestDryPoor
163381,Spirodela polyrhiza,ForestDryPoor
163382,Spirodela polyrhiza,ForestDryPoor
163383,Spirodela polyrhiza,ForestDryPoor
163384,Spirodela polyrhiza,ForestDryPoor
163385,Spirodela polyrhiza,ForestDryPoor
163386,Spirodela polyrhiza,ForestDryPoor
163387,Spirodela polyrhiza,ForestDryPoor
163388,Spirodela polyrhiza,ForestDryPoor
163389,Spirodela polyrhiza,ForestDryPoor
163390,Spirodela polyrhiza,ForestDryPoor
163391,Spirodela polyrhiza,ForestDryPoor
163392,Spirodela polyrhiza,ForestDryPoor
163393,Spirodela polyrhiza,ForestDryPoor
163394,Spirodela polyrhiza,ForestDryPoor
163395,Spirodela polyrhiza,ForestDryPoor
163396,Spirodela polyrhiza,ForestDryPoor
163397,Spirodela polyrhiza,ForestDryPoor
163398,Spirodela polyrhiza,ForestDryPoor
163399,Spirodela polyrhiza,ForestDryPoor
163400,Spirodela polyrhiza,ForestDryPoor
163401,Spirodela polyrhiza,ForestDryPoor
163402,Spirodela polyrhiza,ForestDryPoor
163403,Spirodela polyrhiza,ForestDryPoor
163404,Spirodela polyrhiza,ForestDryPoor
163405,Spirodela polyrhiza,ForestDryPoor
163406,Spirodela polyrhiza,ForestDryPoor
163407,Spirodela polyrhiza,ForestDryPoor
163408,Spirodela polyrhiza,ForestDryPoor
163409,Spirodela polyrhiza,ForestDryPoor
163410,Spirodela polyrhiza,ForestDryPoor
163411,Spirodela polyrhiza,ForestDryPoor
163412,Spirodela polyrhiza,ForestDryPoor
163413,Spirodela polyrhiza,ForestDryPoor
163414,Spirodela polyrhiza,ForestDryPoor
163415,Spirodela polyrhiza,ForestDryPoor
163416,Spirodela polyrhiza,ForestDryPoor
163417,Spirodela polyrhiza,ForestDryPoor
163418,Spirodela polyrhiza,ForestDryPoor
163419,Spirodela polyrhiza,ForestDryPoor
163420,Spirodela polyrhiza,ForestDryPoor
163421,Spirodela polyrhiza,ForestDryPoor
163422,Spirodela polyrhiza,ForestDryPoor
163423,Spirodela polyrhiza,ForestDryPoor
163424,Spirodela polyrhiza,ForestDryPoor
163964,Spirodela polyrhiza,ForestDryPoor
163965,Spirodela polyrhiza,ForestDryPoor
163966,Spirodela polyrhiza,ForestDryPoor
163967,Spirodela polyrhiza,ForestDryPoor
163968,Spirodela polyrhiza,ForestDryPoor
163969,Spirodela polyrhiza,ForestDryPoor
163970,Spirodela polyrhiza,ForestDryPoor
163971,Spirodela polyrhiza,ForestDryPoor
163972,Spirodela polyrhiza,ForestDryPoor
163973,Spirodela polyrhiza,ForestDryPoor
163974,Spirodela polyrhiza,ForestDryPoor
163975,Spirodela polyrhiza,ForestDryPoor
163976,Spirodela polyrhiza,ForestDryPoor
163977,Spirodela polyrhiza,ForestDryPoor
163978,Spirodela polyrhiza,ForestDryPoor
163979,Spirodela polyrhiza,ForestDryPoor
163980,Spirodela polyrhiza,ForestDryPoor
163981,Spirodela polyrhiza,ForestDryPoor
163982,Spirodela polyrhiza,ForestDryPoor
163983,Spirodela polyrhiza,ForestDryPoor
163984,Spirodela polyrhiza,ForestDryPoor
163985,Spirodela polyrhiza,ForestDryPoor
163986,Spirodela polyrhiza,ForestDryPoor
163987,Spirodela polyrhiza,ForestDryPoor
163988,Spirodela polyrhiza,ForestDryPoor
163989,Spirodela polyrhiza,ForestDryPoor
163990,Spirodela polyrhiza,ForestDryPoor
163991,Spirodela polyrhiza,ForestDryPoor
163992,Spirodela polyrhiza,ForestDryPoor
163993,Spirodela polyrhiza,ForestDryPoor
163994,Spirodela polyrhiza,ForestDryPoor
163995,Spirodela polyrhiza,ForestDryPoor
163996,Spirodela polyrhiza,ForestDryPoor
163997,Spirodela polyrhiza,ForestDryPoor
163998,Spirodela polyrhiza,ForestDryPoor
163999,Spirodela polyrhiza,ForestDryPoor
164000,Spirodela polyrhiza,ForestDryPoor
164001,Spirodela polyrhiza,ForestDryPoor
164002,Spirodela polyrhiza,ForestDryPoor
164003,Spirodela polyrhiza,ForestDryPoor
164004,Spirodela polyrhiza,ForestDryPoor
164005,Spirodela polyrhiza,ForestDryPoor
164006,Spirodela polyrhiza,ForestDryPoor
164007,Spirodela polyrhiza,ForestDryPoor
164008,Spirodela polyrhiza,ForestDryPoor
164009,Spirodela polyrhiza,ForestDryPoor
164010,Spirodela polyrhiza,ForestDryPoor
164011,Spirodela polyrhiza,ForestDryPoor
164012,Spirodela polyrhiza,ForestDryPoor
164013,Spirodela polyrhiza,ForestDryPoor
164014,Spirodela polyrhiza,ForestDryPoor
164015,Spirodela polyrhiza,ForestDryPoor
164016,Spirodela polyrhiza,ForestDryPoor
164017,Spirodela polyrhiza,ForestDryPoor
164018,Spirodela polyrhiza,ForestDryPoor
164019,Spirodela polyrhiza,ForestDryPoor
164020,Spirodela polyrhiza,ForestDryPoor
164021,Spirodela polyrhiza,ForestDryPoor
164022,Spirodela polyrhiza,ForestDryPoor
164023,Spirodela polyrhiza,ForestDryPoor
164563,Spirodela polyrhiza,ForestDryPoor
164564,Spirodela polyrhiza,ForestDryPoor
164565,Spirodela polyrhiza,ForestDryPoor
164566,Spirodela polyrhiza,ForestDryPoor
164567,Spirodela polyrhiza,ForestDryPoor
164568,Spirodela polyrhiza,ForestDryPoor
164569,Spirodela polyrhiza,ForestDryPoor
164570,Spirodela polyrhiza,ForestDryPoor
164571,Spirodela polyrhiza,ForestDryPoor
164572,Spirodela polyrhiza,ForestDryPoor
164573,Spirodela polyrhiza,ForestDryPoor
164574,Spirodela polyrhiza,ForestDryPoor
164575,Spirodela polyrhiza,ForestDryPoor
164576,Spirodela polyrhiza,ForestDryPoor
164577,Spirodela polyrhiza,ForestDryPoor
164578,Spirodela polyrhiza,ForestDryPoor
164579,Spirodela polyrhiza,ForestDryPoor
164580,Spirodela polyrhiza,ForestDryPoor
164581,Spirodela polyrhiza,ForestDryPoor
164582,Spirodela polyrhiza,ForestDryPoor
164583,Spirodela polyrhiza,ForestDryPoor
164584,Spirodela polyrhiza,ForestDryPoor
164585,Spirodela polyrhiza,ForestDryPoor
164586,Spirodela polyrhiza,ForestDryPoor
164587,Spirodela polyrhiza,ForestDryPoor
164588,Spirodela polyrhiza,ForestDryPoor
164589,Spirodela polyrhiza,ForestDryPoor
164590,Spirodela polyrhiza,ForestDryPoor
164591,Spirodela polyrhiza,ForestDryPoor
164592,Spirodela polyrhiza,ForestDryPoor
164593,Spirodela polyrhiza,ForestDryPoor
164594,Spirodela polyrhiza,ForestDryPoor
164595,Spirodela polyrhiza,ForestDryPoor
164596,Spirodela polyrhiza,ForestDryPoor
164597,Spirodela polyrhiza,ForestDryPoor
164598,Spirodela polyrhiza,ForestDryPoor
164599,Spirodela polyrhiza,ForestDryPoor
164600,Spirodela polyrhiza,ForestDryPoor
164601,Spirodela polyrhiza,ForestDryPoor
164602,Spirodela polyrhiza,ForestDryPoor
164603,Spirodela polyrhiza,ForestDryPoor
164604,Spirodela polyrhiza,ForestDryPoor
164605,Spirodela polyrhiza,ForestDryPoor
164606,Spirodela polyrhiza,ForestDryPoor
164607,Spirodela polyrhiza,ForestDryPoor
164608,Spirodela polyrhiza,ForestDryPoor
164609,Spirodela polyrhiza,ForestDryPoor
164610,Spirodela polyrhiza,ForestDryPoor
164611,Spirodela polyrhiza,ForestDryPoor
164612,Spirodela polyrhiza,ForestDryPoor
164613,Spirodela polyrhiza,ForestDryPoor
164614,Spirodela polyrhiza,ForestDryPoor
164615,Spirodela polyrhiza,ForestDryPoor
164616,Spirodela polyrhiza,ForestDryPoor
164617,Spirodela polyrhiza,ForestDryPoor
164618,Spirodela polyrhiza,ForestDryPoor
164619,Spirodela polyrhiza,ForestDryPoor
164620,Spirodela polyrhiza,ForestDryPoor
164621,Spirodela polyrhiza,ForestDryPoor
164622,Spirodela polyrhiza,ForestDryPoor
165162,Spirodela polyrhiza,ForestDryPoor
165163,Spirodela polyrhiza,ForestDryPoor
165164,Spirodela polyrhiza,ForestDryPoor
165165,Spirodela polyrhiza,ForestDryPoor
165166,Spirodela polyrhiza,ForestDryPoor
165167,Spirodela polyrhiza,ForestDryPoor
165168,Spirodela polyrhiza,ForestDryPoor
165169,Spirodela polyrhiza,ForestDryPoor
165170,Spirodela polyrhiza,ForestDryPoor
165171,Spirodela polyrhiza,ForestDryPoor
165172,Spirodela polyrhiza,ForestDryPoor
165173,Spirodela polyrhiza,ForestDryPoor
165174,Spirodela polyrhiza,ForestDryPoor
165175,Spirodela polyrhiza,ForestDryPoor
165176,Spirodela polyrhiza,ForestDryPoor
165177,Spirodela polyrhiza,ForestDryPoor
165178,Spirodela polyrhiza,ForestDryPoor
165179,Spirodela polyrhiza,ForestDryPoor
165180,Spirodela polyrhiza,ForestDryPoor
165181,Spirodela polyrhiza,ForestDryPoor
165182,Spirodela polyrhiza,ForestDryPoor
165183,Spirodela polyrhiza,ForestDryPoor
165184,Spirodela polyrhiza,ForestDryPoor
165185,Spirodela polyrhiza,ForestDryPoor
165186,Spirodela polyrhiza,ForestDryPoor
165187,Spirodela polyrhiza,ForestDryPoor
165188,Spirodela polyrhiza,ForestDryPoor
165189,Spirodela polyrhiza,ForestDryPoor
165190,Spirodela polyrhiza,ForestDryPoor
165191,Spirodela polyrhiza,ForestDryPoor
165192,Spirodela polyrhiza,ForestDryPoor
165193,Spirodela polyrhiza,ForestDryPoor
165194,Spirodela polyrhiza,ForestDryPoor
165195,Spirodela polyrhiza,ForestDryPoor
165196,Spirodela polyrhiza,ForestDryPoor
165197,Spirodela polyrhiza,ForestDryPoor
165198,Spirodela polyrhiza,ForestDryPoor
165199,Spirodela polyrhiza,ForestDryPoor
165200,Spirodela polyrhiza,ForestDryPoor
165201,Spirodela polyrhiza,ForestDryPoor
165202,Spirodela polyrhiza,ForestDryPoor
165203,Spirodela polyrhiza,ForestDryPoor
165204,Spirodela polyrhiza,ForestDryPoor
165205,Spirodela polyrhiza,ForestDryPoor
165206,Spirodela polyrhiza,ForestDryPoor
165207,Spirodela polyrhiza,ForestDryPoor
165208,Spirodela polyrhiza,ForestDryPoor
165209,Spirodela polyrhiza,ForestDryPoor
165210,Spirodela polyrhiza,ForestDryPoor
165211,Spirodela polyrhiza,ForestDryPoor
165212,Spirodela polyrhiza,ForestDryPoor
165213,Spirodela polyrhiza,ForestDryPoor
165214,Spirodela polyrhiza,ForestDryPoor
165215,Spirodela polyrhiza,ForestDryPoor
165216,Spirodela polyrhiza,ForestDryPoor
165217,Spirodela polyrhiza,ForestDryPoor
165218,Spirodela polyrhiza,ForestDryPoor
165219,Spirodela polyrhiza,ForestDryPoor
165220,Spirodela polyrhiza,ForestDryPoor
165221,Spirodela polyrhiza,ForestDryPoor
165761,Spirodela polyrhiza,ForestDryPoor
165762,Spirodela polyrhiza,ForestDryPoor
165763,Spirodela polyrhiza,ForestDryPoor
165764,Spirodela polyrhiza,ForestDryPoor
165765,Spirodela polyrhiza,ForestDryPoor
165766,Spirodela polyrhiza,ForestDryPoor
165767,Spirodela polyrhiza,ForestDryPoor
165768,Spirodela polyrhiza,ForestDryPoor
165769,Spirodela polyrhiza,ForestDryPoor
165770,Spirodela polyrhiza,ForestDryPoor
165771,Spirodela polyrhiza,ForestDryPoor
165772,Spirodela polyrhiza,ForestDryPoor
165773,Spirodela polyrhiza,ForestDryPoor
165774,Spirodela polyrhiza,ForestDryPoor
165775,Spirodela polyrhiza,ForestDryPoor
165776,Spirodela polyrhiza,ForestDryPoor
165777,Spirodela polyrhiza,ForestDryPoor
165778,Spirodela polyrhiza,ForestDryPoor
165779,Spirodela polyrhiza,ForestDryPoor
165780,Spirodela polyrhiza,ForestDryPoor
165781,Spirodela polyrhiza,ForestDryPoor
165782,Spirodela polyrhiza,ForestDryPoor
165783,Spirodela polyrhiza,ForestDryPoor
165784,Spirodela polyrhiza,ForestDryPoor
165785,Spirodela polyrhiza,ForestDryPoor
165786,Spirodela polyrhiza,ForestDryPoor
165787,Spirodela polyrhiza,ForestDryPoor
165788,Spirodela polyrhiza,ForestDryPoor
165789,Spirodela polyrhiza,ForestDryPoor
165790,Spirodela polyrhiza,ForestDryPoor
165791,Spirodela polyrhiza,ForestDryPoor
165792,Spirodela polyrhiza,ForestDryPoor
165793,Spirodela polyrhiza,ForestDryPoor
165794,Spirodela polyrhiza,ForestDryPoor
165795,Spirodela polyrhiza,ForestDryPoor
165796,Spirodela polyrhiza,ForestDryPoor
165797,Spirodela polyrhiza,ForestDryPoor
165798,Spirodela polyrhiza,ForestDryPoor
165799,Spirodela polyrhiza,ForestDryPoor
165800,Spirodela polyrhiza,ForestDryPoor
165801,Spirodela polyrhiza,ForestDryPoor
165802,Spirodela polyrhiza,ForestDryPoor
165803,Spirodela polyrhiza,ForestDryPoor
165804,Spirodela polyrhiza,ForestDryPoor
165805,Spirodela polyrhiza,ForestDryPoor
165806,Spirodela polyrhiza,ForestDryPoor
165807,Spirodela polyrhiza,ForestDryPoor
165808,Spirodela polyrhiza,ForestDryPoor
165809,Spirodela polyrhiza,ForestDryPoor
165810,Spirodela polyrhiza,ForestDryPoor
165811,Spirodela polyrhiza,ForestDryPoor
165812,Spirodela polyrhiza,ForestDryPoor
165813,Spirodela polyrhiza,ForestDryPoor
165814,Spirodela polyrhiza,ForestDryPoor
165815,Spirodela polyrhiza,ForestDryPoor
165816,Spirodela polyrhiza,ForestDryPoor
165817,Spirodela polyrhiza,ForestDryPoor
165818,Spirodela polyrhiza,ForestDryPoor
165819,Spirodela polyrhiza,ForestDryPoor
165820,Spirodela polyrhiza,ForestDryPoor
166360,Spirodela polyrhiza,ForestDryPoor
166361,Spirodela polyrhiza,ForestDryPoor
166362,Spirodela polyrhiza,ForestDryPoor
166363,Spirodela polyrhiza,ForestDryPoor
166364,Spirodela polyrhiza,ForestDryPoor
166365,Spirodela polyrhiza,ForestDryPoor
166366,Spirodela polyrhiza,ForestDryPoor
166367,Spirodela polyrhiza,ForestDryPoor
166368,Spirodela polyrhiza,ForestDryPoor
166369,Spirodela polyrhiza,ForestDryPoor
166370,Spirodela polyrhiza,ForestDryPoor
166371,Spirodela polyrhiza,ForestDryPoor
166372,Spirodela polyrhiza,ForestDryPoor
166373,Spirodela polyrhiza,ForestDryPoor
166374,Spirodela polyrhiza,ForestDryPoor
166375,Spirodela polyrhiza,ForestDryPoor
166376,Spirodela polyrhiza,ForestDryPoor
166377,Spirodela polyrhiza,ForestDryPoor
166378,Spirodela polyrhiza,ForestDryPoor
166379,Spirodela polyrhiza,ForestDryPoor
166380,Spirodela polyrhiza,ForestDryPoor
166381,Spirodela polyrhiza,ForestDryPoor
166382,Spirodela polyrhiza,ForestDryPoor
166383,Spirodela polyrhiza,ForestDryPoor
166384,Spirodela polyrhiza,ForestDryPoor
166385,Spirodela polyrhiza,ForestDryPoor
166386,Spirodela polyrhiza,ForestDryPoor
166387,Spirodela polyrhiza,ForestDryPoor
166388,Spirodela polyrhiza,ForestDryPoor
166389,Spirodela polyrhiza,ForestDryPoor
166390,Spirodela polyrhiza,ForestDryPoor
166391,Spirodela polyrhiza,ForestDryPoor
166392,Spirodela polyrhiza,ForestDryPoor
166393,Spirodela polyrhiza,ForestDryPoor
166394,Spirodela polyrhiza,ForestDryPoor
166395,Spirodela polyrhiza,ForestDryPoor
166396,Spirodela polyrhiza,ForestDryPoor
166397,Spirodela polyrhiza,ForestDryPoor
166398,Spirodela polyrhiza,ForestDryPoor
166399,Spirodela polyrhiza,ForestDryPoor
166400,Spirodela polyrhiza,ForestDryPoor
166401,Spirodela polyrhiza,ForestDryPoor
166402,Spirodela polyrhiza,ForestDryPoor
166403,Spirodela polyrhiza,ForestDryPoor
166404,Spirodela polyrhiza,ForestDryPoor
166405,Spirodela polyrhiza,ForestDryPoor
166406,Spirodela polyrhiza,ForestDryPoor
166407,Spirodela polyrhiza,ForestDryPoor
166408,Spirodela polyrhiza,ForestDryPoor
166409,Spirodela polyrhiza,ForestDryPoor
166410,Spirodela polyrhiza,ForestDryPoor
166411,Spirodela polyrhiza,ForestDryPoor
166412,Spirodela polyrhiza,ForestDryPoor
166413,Spirodela polyrhiza,ForestDryPoor
166414,Spirodela polyrhiza,ForestDryPoor
166415,Spirodela polyrhiza,ForestDryPoor
166416,Spirodela polyrhiza,ForestDryPoor
166417,Spirodela polyrhiza,ForestDryPoor
166418,Spirodela polyrhiza,ForestDryPoor
166419,Spirodela polyrhiza,ForestDryPoor
166959,Spirodela polyrhiza,ForestDryPoor
166960,Spirodela polyrhiza,ForestDryPoor
166961,Spirodela polyrhiza,ForestDryPoor
166962,Spirodela polyrhiza,ForestDryPoor
166963,Spirodela polyrhiza,ForestDryPoor
166964,Spirodela polyrhiza,ForestDryPoor
166965,Spirodela polyrhiza,ForestDryPoor
166966,Spirodela polyrhiza,ForestDryPoor
166967,Spirodela polyrhiza,ForestDryPoor
166968,Spirodela polyrhiza,ForestDryPoor
166969,Spirodela polyrhiza,ForestDryPoor
166970,Spirodela polyrhiza,ForestDryPoor
166971,Spirodela polyrhiza,ForestDryPoor
166972,Spirodela polyrhiza,ForestDryPoor
166973,Spirodela polyrhiza,ForestDryPoor
166974,Spirodela polyrhiza,ForestDryPoor
166975,Spirodela polyrhiza,ForestDryPoor
166976,Spirodela polyrhiza,ForestDryPoor
166977,Spirodela polyrhiza,ForestDryPoor
166978,Spirodela polyrhiza,ForestDryPoor
166979,Spirodela polyrhiza,ForestDryPoor
166980,Spirodela polyrhiza,ForestDryPoor
166981,Spirodela polyrhiza,ForestDryPoor
166982,Spirodela polyrhiza,ForestDryPoor
166983,Spirodela polyrhiza,ForestDryPoor
166984,Spirodela polyrhiza,ForestDryPoor
166985,Spirodela polyrhiza,ForestDryPoor
166986,Spirodela polyrhiza,ForestDryPoor
166987,Spirodela polyrhiza,ForestDryPoor
166988,Spirodela polyrhiza,ForestDryPoor
166989,Spirodela polyrhiza,ForestDryPoor
166990,Spirodela polyrhiza,ForestDryPoor
166991,Spirodela polyrhiza,ForestDryPoor
166992,Spirodela polyrhiza,ForestDryPoor
166993,Spirodela polyrhiza,ForestDryPoor
166994,Spirodela polyrhiza,ForestDryPoor
166995,Spirodela polyrhiza,ForestDryPoor
166996,Spirodela polyrhiza,ForestDryPoor
166997,Spirodela polyrhiza,ForestDryPoor
166998,Spirodela polyrhiza,ForestDryPoor
166999,Spirodela polyrhiza,ForestDryPoor
167000,Spirodela polyrhiza,ForestDryPoor
167001,Spirodela polyrhiza,ForestDryPoor
167002,Spirodela polyrhiza,ForestDryPoor
167003,Spirodela polyrhiza,ForestDryPoor
167004,Spirodela polyrhiza,ForestDryPoor
167005,Spirodela polyrhiza,ForestDryPoor
167006,Spirodela polyrhiza,ForestDryPoor
167007,Spirodela polyrhiza,ForestDryPoor
167008,Spirodela polyrhiza,ForestDryPoor
167009,Spirodela polyrhiza,ForestDryPoor
167010,Spirodela polyrhiza,ForestDryPoor
167011,Spirodela polyrhiza,ForestDryPoor
167012,Spirodela polyrhiza,ForestDryPoor
167013,Spirodela polyrhiza,ForestDryPoor
167014,Spirodela polyrhiza,ForestDryPoor
167015,Spirodela polyrhiza,ForestDryPoor
167016,Spirodela polyrhiza,ForestDryPoor
167017,Spirodela polyrhiza,ForestDryPoor
167018,Spirodela polyrhiza,ForestDryPoor
167558,Spirodela polyrhiza,ForestDryPoor
167559,Spirodela polyrhiza,ForestDryPoor
167560,Spirodela polyrhiza,ForestDryPoor
167561,Spirodela polyrhiza,ForestDryPoor
167562,Spirodela polyrhiza,ForestDryPoor
167563,Spirodela polyrhiza,ForestDryPoor
167564,Spirodela polyrhiza,ForestDryPoor
167565,Spirodela polyrhiza,ForestDryPoor
167566,Spirodela polyrhiza,ForestDryPoor
167567,Spirodela polyrhiza,ForestDryPoor
167568,Spirodela polyrhiza,ForestDryPoor
167569,Spirodela polyrhiza,ForestDryPoor
167570,Spirodela polyrhiza,ForestDryPoor
167571,Spirodela polyrhiza,ForestDryPoor
167572,Spirodela polyrhiza,ForestDryPoor
167573,Spirodela polyrhiza,ForestDryPoor
167574,Spirodela polyrhiza,ForestDryPoor
167575,Spirodela polyrhiza,ForestDryPoor
167576,Spirodela polyrhiza,ForestDryPoor
167577,Spirodela polyrhiza,ForestDryPoor
167578,Spirodela polyrhiza,ForestDryPoor
167579,Spirodela polyrhiza,ForestDryPoor
167580,Spirodela polyrhiza,ForestDryPoor
167581,Spirodela polyrhiza,ForestDryPoor
167582,Spirodela polyrhiza,ForestDryPoor
167583,Spirodela polyrhiza,ForestDryPoor
167584,Spirodela polyrhiza,ForestDryPoor
167585,Spirodela polyrhiza,ForestDryPoor
167586,Spirodela polyrhiza,ForestDryPoor
167587,Spirodela polyrhiza,ForestDryPoor
167588,Spirodela polyrhiza,ForestDryPoor
167589,Spirodela polyrhiza,ForestDryPoor
167590,Spirodela polyrhiza,ForestDryPoor
167591,Spirodela polyrhiza,ForestDryPoor
167592,Spirodela polyrhiza,ForestDryPoor
167593,Spirodela polyrhiza,ForestDryPoor
167594,Spirodela polyrhiza,ForestDryPoor
167595,Spirodela polyrhiza,ForestDryPoor
167596,Spirodela polyrhiza,ForestDryPoor
167597,Spirodela polyrhiza,ForestDryPoor
167598,Spirodela polyrhiza,ForestDryPoor
167599,Spirodela polyrhiza,ForestDryPoor
167600,Spirodela polyrhiza,ForestDryPoor
167601,Spirodela polyrhiza,ForestDryPoor
167602,Spirodela polyrhiza,ForestDryPoor
167603,Spirodela polyrhiza,ForestDryPoor
167604,Spirodela polyrhiza,ForestDryPoor
167605,Spirodela polyrhiza,ForestDryPoor
167606,Spirodela polyrhiza,ForestDryPoor
167607,Spirodela polyrhiza,ForestDryPoor
167608,Spirodela polyrhiza,ForestDryPoor
167609,Spirodela polyrhiza,ForestDryPoor
167610,Spirodela polyrhiza,ForestDryPoor
167611,Spirodela polyrhiza,ForestDryPoor
167612,Spirodela polyrhiza,ForestDryPoor
167613,Spirodela polyrhiza,ForestDryPoor
167614,Spirodela polyrhiza,ForestDryPoor
167615,Spirodela polyrhiza,ForestDryPoor
167616,Spirodela polyrhiza,ForestDryPoor
167617,Spirodela polyrhiza,ForestDryPoor
168157,Spirodela polyrhiza,ForestDryPoor
168158,Spirodela polyrhiza,ForestDryPoor
168159,Spirodela polyrhiza,ForestDryPoor
168160,Spirodela polyrhiza,ForestDryPoor
168161,Spirodela polyrhiza,ForestDryPoor
168162,Spirodela polyrhiza,ForestDryPoor
168163,Spirodela polyrhiza,ForestDryPoor
168164,Spirodela polyrhiza,ForestDryPoor
168165,Spirodela polyrhiza,ForestDryPoor
168166,Spirodela polyrhiza,ForestDryPoor
168167,Spirodela polyrhiza,ForestDryPoor
168168,Spirodela polyrhiza,ForestDryPoor
168169,Spirodela polyrhiza,ForestDryPoor
168170,Spirodela polyrhiza,ForestDryPoor
168171,Spirodela polyrhiza,ForestDryPoor
168172,Spirodela polyrhiza,ForestDryPoor
168173,Spirodela polyrhiza,ForestDryPoor
168174,Spirodela polyrhiza,ForestDryPoor
168175,Spirodela polyrhiza,ForestDryPoor
168176,Spirodela polyrhiza,ForestDryPoor
168177,Spirodela polyrhiza,ForestDryPoor
168178,Spirodela polyrhiza,ForestDryPoor
168179,Spirodela polyrhiza,ForestDryPoor
168180,Spirodela polyrhiza,ForestDryPoor
168181,Spirodela polyrhiza,ForestDryPoor
168182,Spirodela polyrhiza,ForestDryPoor
168183,Spirodela polyrhiza,ForestDryPoor
168184,Spirodela polyrhiza,ForestDryPoor
168185,Spirodela polyrhiza,ForestDryPoor
168186,Spirodela polyrhiza,ForestDryPoor
168187,Spirodela polyrhiza,ForestDryPoor
168188,Spirodela polyrhiza,ForestDryPoor
168189,Spirodela polyrhiza,ForestDryPoor
168190,Spirodela polyrhiza,ForestDryPoor
168191,Spirodela polyrhiza,ForestDryPoor
168192,Spirodela polyrhiza,ForestDryPoor
168193,Spirodela polyrhiza,ForestDryPoor
168194,Spirodela polyrhiza,ForestDryPoor
168195,Spirodela polyrhiza,ForestDryPoor
168196,Spirodela polyrhiza,ForestDryPoor
168197,Spirodela polyrhiza,ForestDryPoor
168198,Spirodela polyrhiza,ForestDryPoor
168199,Spirodela polyrhiza,ForestDryPoor
168200,Spirodela polyrhiza,ForestDryPoor
168201,Spirodela polyrhiza,ForestDryPoor
168202,Spirodela polyrhiza,ForestDryPoor
168203,Spirodela polyrhiza,ForestDryPoor
168204,Spirodela polyrhiza,ForestDryPoor
168205,Spirodela polyrhiza,ForestDryPoor
168206,Spirodela polyrhiza,ForestDryPoor
168207,Spirodela polyrhiza,ForestDryPoor
168208,Spirodela polyrhiza,ForestDryPoor
168209,Spirodela polyrhiza,ForestDryPoor
168210,Spirodela polyrhiza,ForestDryPoor
168211,Spirodela polyrhiza,ForestDryPoor
168212,Spirodela polyrhiza,ForestDryPoor
168213,Spirodela polyrhiza,ForestDryPoor
168214,Spirodela polyrhiza,ForestDryPoor
168215,Spirodela polyrhiza,ForestDryPoor
168216,Spirodela polyrhiza,ForestDryPoor
168756,Spirodela polyrhiza,ForestDryPoor
168757,Spirodela polyrhiza,ForestDryPoor
168758,Spirodela polyrhiza,ForestDryPoor
168759,Spirodela polyrhiza,ForestDryPoor
168760,Spirodela polyrhiza,ForestDryPoor
168761,Spirodela polyrhiza,ForestDryPoor
168762,Spirodela polyrhiza,ForestDryPoor
168763,Spirodela polyrhiza,ForestDryPoor
168764,Spirodela polyrhiza,ForestDryPoor
168765,Spirodela polyrhiza,ForestDryPoor
168766,Spirodela polyrhiza,ForestDryPoor
168767,Spirodela polyrhiza,ForestDryPoor
168768,Spirodela polyrhiza,ForestDryPoor
168769,Spirodela polyrhiza,ForestDryPoor
168770,Spirodela polyrhiza,ForestDryPoor
168771,Spirodela polyrhiza,ForestDryPoor
168772,Spirodela polyrhiza,ForestDryPoor
168773,Spirodela polyrhiza,ForestDryPoor
168774,Spirodela polyrhiza,ForestDryPoor
168775,Spirodela polyrhiza,ForestDryPoor
168776,Spirodela polyrhiza,ForestDryPoor
168777,Spirodela polyrhiza,ForestDryPoor
168778,Spirodela polyrhiza,ForestDryPoor
168779,Spirodela polyrhiza,ForestDryPoor
168780,Spirodela polyrhiza,ForestDryPoor
168781,Spirodela polyrhiza,ForestDryPoor
168782,Spirodela polyrhiza,ForestDryPoor
168783,Spirodela polyrhiza,ForestDryPoor
168784,Spirodela polyrhiza,ForestDryPoor
168785,Spirodela polyrhiza,ForestDryPoor
168786,Spirodela polyrhiza,ForestDryPoor
168787,Spirodela polyrhiza,ForestDryPoor
168788,Spirodela polyrhiza,ForestDryPoor
168789,Spirodela polyrhiza,ForestDryPoor
168790,Spirodela polyrhiza,ForestDryPoor
168791,Spirodela polyrhiza,ForestDryPoor
168792,Spirodela polyrhiza,ForestDryPoor
168793,Spirodela polyrhiza,ForestDryPoor
168794,Spirodela polyrhiza,ForestDryPoor
168795,Spirodela polyrhiza,ForestDryPoor
168796,Spirodela polyrhiza,ForestDryPoor
168797,Spirodela polyrhiza,ForestDryPoor
168798,Spirodela polyrhiza,ForestDryPoor
168799,Spirodela polyrhiza,ForestDryPoor
168800,Spirodela polyrhiza,ForestDryPoor
168801,Spirodela polyrhiza,ForestDryPoor
168802,Spirodela polyrhiza,ForestDryPoor
168803,Spirodela polyrhiza,ForestDryPoor
168804,Spirodela polyrhiza,ForestDryPoor
168805,Spirodela polyrhiza,ForestDryPoor
168806,Spirodela polyrhiza,ForestDryPoor
168807,Spirodela polyrhiza,ForestDryPoor
168808,Spirodela polyrhiza,ForestDryPoor
168809,Spirodela polyrhiza,ForestDryPoor
168810,Spirodela polyrhiza,ForestDryPoor
168811,Spirodela polyrhiza,ForestDryPoor
168812,Spirodela polyrhiza,ForestDryPoor
168813,Spirodela polyrhiza,ForestDryPoor
168814,Spirodela polyrhiza,ForestDryPoor
168815,Spirodela polyrhiza,ForestDryPoor
169355,Spirodela polyrhiza,ForestDryPoor
169356,Spirodela polyrhiza,ForestDryPoor
169357,Spirodela polyrhiza,ForestDryPoor
169358,Spirodela polyrhiza,ForestDryPoor
169359,Spirodela polyrhiza,ForestDryPoor
169360,Spirodela polyrhiza,ForestDryPoor
169361,Spirodela polyrhiza,ForestDryPoor
169362,Spirodela polyrhiza,ForestDryPoor
169363,Spirodela polyrhiza,ForestDryPoor
169364,Spirodela polyrhiza,ForestDryPoor
169365,Spirodela polyrhiza,ForestDryPoor
169366,Spirodela polyrhiza,ForestDryPoor
169367,Spirodela polyrhiza,ForestDryPoor
169368,Spirodela polyrhiza,ForestDryPoor
169369,Spirodela polyrhiza,ForestDryPoor
169370,Spirodela polyrhiza,ForestDryPoor
169371,Spirodela polyrhiza,ForestDryPoor
169372,Spirodela polyrhiza,ForestDryPoor
169373,Spirodela polyrhiza,ForestDryPoor
169374,Spirodela polyrhiza,ForestDryPoor
169375,Spirodela polyrhiza,ForestDryPoor
169376,Spirodela polyrhiza,ForestDryPoor
169377,Spirodela polyrhiza,ForestDryPoor
169378,Spirodela polyrhiza,ForestDryPoor
169379,Spirodela polyrhiza,ForestDryPoor
169380,Spirodela polyrhiza,ForestDryPoor
169381,Spirodela polyrhiza,ForestDryPoor
169382,Spirodela polyrhiza,ForestDryPoor
169383,Spirodela polyrhiza,ForestDryPoor
169384,Spirodela polyrhiza,ForestDryPoor
169385,Spirodela polyrhiza,ForestDryPoor
169386,Spirodela polyrhiza,ForestDryPoor
169387,Spirodela polyrhiza,ForestDryPoor
169388,Spirodela polyrhiza,ForestDryPoor
169389,Spirodela polyrhiza,ForestDryPoor
169390,Spirodela polyrhiza,ForestDryPoor
169391,Spirodela polyrhiza,ForestDryPoor
169392,Spirodela polyrhiza,ForestDryPoor
169393,Spirodela polyrhiza,ForestDryPoor
169394,Spirodela polyrhiza,ForestDryPoor
169395,Spirodela polyrhiza,ForestDryPoor
169396,Spirodela polyrhiza,ForestDryPoor
169397,Spirodela polyrhiza,ForestDryPoor
169398,Spirodela polyrhiza,ForestDryPoor
169399,Spirodela polyrhiza,ForestDryPoor
169400,Spirodela polyrhiza,ForestDryPoor
169401,Spirodela polyrhiza,ForestDryPoor
169402,Spirodela polyrhiza,ForestDryPoor
169403,Spirodela polyrhiza,ForestDryPoor
169404,Spirodela polyrhiza,ForestDryPoor
169405,Spirodela polyrhiza,ForestDryPoor
169406,Spirodela polyrhiza,ForestDryPoor
169407,Spirodela polyrhiza,ForestDryPoor
169408,Spirodela polyrhiza,ForestDryPoor
169409,Spirodela polyrhiza,ForestDryPoor
169410,Spirodela polyrhiza,ForestDryPoor
169411,Spirodela polyrhiza,ForestDryPoor
169412,Spirodela polyrhiza,ForestDryPoor
169413,Spirodela polyrhiza,ForestDryPoor
169414,Spirodela polyrhiza,ForestDryPoor
169954,Spirodela polyrhiza,ForestDryPoor
169955,Spirodela polyrhiza,ForestDryPoor
169956,Spirodela polyrhiza,ForestDryPoor
169957,Spirodela polyrhiza,ForestDryPoor
169958,Spirodela polyrhiza,ForestDryPoor
169959,Spirodela polyrhiza,ForestDryPoor
169960,Spirodela polyrhiza,ForestDryPoor
169961,Spirodela polyrhiza,ForestDryPoor
169962,Spirodela polyrhiza,ForestDryPoor
169963,Spirodela polyrhiza,ForestDryPoor
169964,Spirodela polyrhiza,ForestDryPoor
169965,Spirodela polyrhiza,ForestDryPoor
169966,Spirodela polyrhiza,ForestDryPoor
169967,Spirodela polyrhiza,ForestDryPoor
169968,Spirodela polyrhiza,ForestDryPoor
169969,Spirodela polyrhiza,ForestDryPoor
169970,Spirodela polyrhiza,ForestDryPoor
169971,Spirodela polyrhiza,ForestDryPoor
169972,Spirodela polyrhiza,ForestDryPoor
169973,Spirodela polyrhiza,ForestDryPoor
169974,Spirodela polyrhiza,ForestDryPoor
169975,Spirodela polyrhiza,ForestDryPoor
169976,Spirodela polyrhiza,ForestDryPoor
169977,Spirodela polyrhiza,ForestDryPoor
169978,Spirodela polyrhiza,ForestDryPoor
169979,Spirodela polyrhiza,ForestDryPoor
169980,Spirodela polyrhiza,ForestDryPoor
169981,Spirodela polyrhiza,ForestDryPoor
169982,Spirodela polyrhiza,ForestDryPoor
169983,Spirodela polyrhiza,ForestDryPoor
169984,Spirodela polyrhiza,ForestDryPoor
169985,Spirodela polyrhiza,ForestDryPoor
169986,Spirodela polyrhiza,ForestDryPoor
169987,Spirodela polyrhiza,ForestDryPoor
169988,Spirodela polyrhiza,ForestDryPoor
169989,Spirodela polyrhiza,ForestDryPoor
169990,Spirodela polyrhiza,ForestDryPoor
169991,Spirodela polyrhiza,ForestDryPoor
169992,Spirodela polyrhiza,ForestDryPoor
169993,Spirodela polyrhiza,ForestDryPoor
169994,Spirodela polyrhiza,ForestDryPoor
169995,Spirodela polyrhiza,ForestDryPoor
169996,Spirodela polyrhiza,ForestDryPoor
169997,Spirodela polyrhiza,ForestDryPoor
169998,Spirodela polyrhiza,ForestDryPoor
169999,Spirodela polyrhiza,ForestDryPoor
170000,Spirodela polyrhiza,ForestDryPoor
170001,Spirodela polyrhiza,ForestDryPoor
170002,Spirodela polyrhiza,ForestDryPoor
170003,Spirodela polyrhiza,ForestDryPoor
170004,Spirodela polyrhiza,ForestDryPoor
170005,Spirodela polyrhiza,ForestDryPoor
170006,Spirodela polyrhiza,ForestDryPoor
170007,Spirodela polyrhiza,ForestDryPoor
170008,Spirodela polyrhiza,ForestDryPoor
170009,Spirodela polyrhiza,ForestDryPoor
170010,Spirodela polyrhiza,ForestDryPoor
170011,Spirodela polyrhiza,ForestDryPoor
170012,Spirodela polyrhiza,ForestDryPoor
170013,Spirodela polyrhiza,ForestDryPoor
170593,Spirodela polyrhiza,ForestDryPoor
170594,Spirodela polyrhiza,ForestDryPoor
170595,Spirodela polyrhiza,ForestDryPoor
170596,Spirodela polyrhiza,ForestDryPoor
170597,Spirodela polyrhiza,ForestDryPoor
170598,Spirodela polyrhiza,ForestDryPoor
170599,Spirodela polyrhiza,ForestDryPoor
170600,Spirodela polyrhiza,ForestDryPoor
170601,Spirodela polyrhiza,ForestDryPoor
170602,Spirodela polyrhiza,ForestDryPoor
170603,Spirodela polyrhiza,ForestDryPoor
170604,Spirodela polyrhiza,ForestDryPoor
170605,Spirodela polyrhiza,ForestDryPoor
170606,Spirodela polyrhiza,ForestDryPoor
170607,Spirodela polyrhiza,ForestDryPoor
170608,Spirodela polyrhiza,ForestDryPoor
170609,Spirodela polyrhiza,ForestDryPoor
170610,Spirodela polyrhiza,ForestDryPoor
170611,Spirodela polyrhiza,ForestDryPoor
170612,Spirodela polyrhiza,ForestDryPoor
170613,Spirodela polyrhiza,ForestDryPoor
170614,Spirodela polyrhiza,ForestDryPoor
170615,Spirodela polyrhiza,ForestDryPoor
170616,Spirodela polyrhiza,ForestDryPoor
170617,Spirodela polyrhiza,ForestDryPoor
170618,Spirodela polyrhiza,ForestDryPoor
170619,Spirodela polyrhiza,ForestDryPoor
171192,Spirodela polyrhiza,ForestDryPoor
171193,Spirodela polyrhiza,ForestDryPoor
171194,Spirodela polyrhiza,ForestDryPoor
171195,Spirodela polyrhiza,ForestDryPoor
171196,Spirodela polyrhiza,ForestDryPoor
171197,Spirodela polyrhiza,ForestDryPoor
171198,Spirodela polyrhiza,ForestDryPoor
171199,Spirodela polyrhiza,ForestDryPoor
171200,Spirodela polyrhiza,ForestDryPoor
171201,Spirodela polyrhiza,ForestDryPoor
171202,Spirodela polyrhiza,ForestDryPoor
171203,Spirodela polyrhiza,ForestDryPoor
171204,Spirodela polyrhiza,ForestDryPoor
171205,Spirodela polyrhiza,ForestDryPoor
171206,Spirodela polyrhiza,ForestDryPoor
171207,Spirodela polyrhiza,ForestDryPoor
171208,Spirodela polyrhiza,ForestDryPoor
171209,Spirodela polyrhiza,ForestDryPoor
171210,Spirodela polyrhiza,ForestDryPoor
171211,Spirodela polyrhiza,ForestDryPoor
171212,Spirodela polyrhiza,ForestDryPoor
171213,Spirodela polyrhiza,ForestDryPoor
171214,Spirodela polyrhiza,ForestDryPoor
171215,Spirodela polyrhiza,ForestDryPoor
171216,Spirodela polyrhiza,ForestDryPoor
171217,Spirodela polyrhiza,ForestDryPoor
171791,Spirodela polyrhiza,ForestDryPoor
171792,Spirodela polyrhiza,ForestDryPoor
171793,Spirodela polyrhiza,ForestDryPoor
171794,Spirodela polyrhiza,ForestDryPoor
171795,Spirodela polyrhiza,ForestDryPoor
171796,Spirodela polyrhiza,ForestDryPoor
171797,Spirodela polyrhiza,ForestDryPoor
171798,Spirodela polyrhiza,ForestDryPoor
171799,Spirodela polyrhiza,ForestDryPoor
171800,Spirodela polyrhiza,ForestDryPoor
171801,Spirodela polyrhiza,ForestDryPoor
171802,Spirodela polyrhiza,ForestDryPoor
171803,Spirodela polyrhiza,ForestDryPoor
171804,Spirodela polyrhiza,ForestDryPoor
171805,Spirodela polyrhiza,ForestDryPoor
171806,Spirodela polyrhiza,ForestDryPoor
171807,Spirodela polyrhiza,ForestDryPoor
171808,Spirodela polyrhiza,ForestDryPoor
171809,Spirodela polyrhiza,ForestDryPoor
171810,Spirodela polyrhiza,ForestDryPoor
171811,Spirodela polyrhiza,ForestDryPoor
171812,Spirodela polyrhiza,ForestDryPoor
171813,Spirodela polyrhiza,ForestDryPoor
171814,Spirodela polyrhiza,ForestDryPoor
171815,Spirodela polyrhiza,ForestDryPoor
171816,Spirodela polyrhiza,ForestDryPoor
172390,Spirodela polyrhiza,ForestDryPoor
172391,Spirodela polyrhiza,ForestDryPoor
172392,Spirodela polyrhiza,ForestDryPoor
172393,Spirodela polyrhiza,ForestDryPoor
172394,Spirodela polyrhiza,ForestDryPoor
172395,Spirodela polyrhiza,ForestDryPoor
172396,Spirodela polyrhiza,ForestDryPoor
172397,Spirodela polyrhiza,ForestDryPoor
172398,Spirodela polyrhiza,ForestDryPoor
172399,Spirodela polyrhiza,ForestDryPoor
172400,Spirodela polyrhiza,ForestDryPoor
172401,Spirodela polyrhiza,ForestDryPoor
172402,Spirodela polyrhiza,ForestDryPoor
172403,Spirodela polyrhiza,ForestDryPoor
172404,Spirodela polyrhiza,ForestDryPoor
172405,Spirodela polyrhiza,ForestDryPoor
172406,Spirodela polyrhiza,ForestDryPoor
172407,Spirodela polyrhiza,ForestDryPoor
172408,Spirodela polyrhiza,ForestDryPoor
172409,Spirodela polyrhiza,ForestDryPoor
172410,Spirodela polyrhiza,ForestDryPoor
172411,Spirodela polyrhiza,ForestDryPoor
172412,Spirodela polyrhiza,ForestDryPoor
172413,Spirodela polyrhiza,ForestDryPoor
172414,Spirodela polyrhiza,ForestDryPoor
172415,Spirodela polyrhiza,ForestDryPoor
172989,Spirodela polyrhiza,ForestDryPoor
172990,Spirodela polyrhiza,ForestDryPoor
172991,Spirodela polyrhiza,ForestDryPoor
172992,Spirodela polyrhiza,ForestDryPoor
172993,Spirodela polyrhiza,ForestDryPoor
172994,Spirodela polyrhiza,ForestDryPoor
172995,Spirodela polyrhiza,ForestDryPoor
172996,Spirodela polyrhiza,ForestDryPoor
172997,Spirodela polyrhiza,ForestDryPoor
172998,Spirodela polyrhiza,ForestDryPoor
172999,Spirodela polyrhiza,ForestDryPoor
173000,Spirodela polyrhiza,ForestDryPoor
173001,Spirodela polyrhiza,ForestDryPoor
173002,Spirodela polyrhiza,ForestDryPoor
173003,Spirodela polyrhiza,ForestDryPoor
173004,Spirodela polyrhiza,ForestDryPoor
173005,Spirodela polyrhiza,ForestDryPoor
173006,Spirodela polyrhiza,ForestDryPoor
173007,Spirodela polyrhiza,ForestDryPoor
173008,Spirodela polyrhiza,ForestDryPoor
173009,Spirodela polyrhiza,ForestDryPoor
173010,Spirodela polyrhiza,ForestDryPoor
173011,Spirodela polyrhiza,ForestDryPoor
173012,Spirodela polyrhiza,ForestDryPoor
173013,Spirodela polyrhiza,ForestDryPoor
173014,Spirodela polyrhiza,ForestDryPoor
173588,Spirodela polyrhiza,ForestDryPoor
173589,Spirodela polyrhiza,ForestDryPoor
173590,Spirodela polyrhiza,ForestDryPoor
173591,Spirodela polyrhiza,ForestDryPoor
173592,Spirodela polyrhiza,ForestDryPoor
173593,Spirodela polyrhiza,ForestDryPoor
173594,Spirodela polyrhiza,ForestDryPoor
173595,Spirodela polyrhiza,ForestDryPoor
173596,Spirodela polyrhiza,ForestDryPoor
173597,Spirodela polyrhiza,ForestDryPoor
173598,Spirodela polyrhiza,ForestDryPoor
173599,Spirodela polyrhiza,ForestDryPoor
173600,Spirodela polyrhiza,ForestDryPoor
173601,Spirodela polyrhiza,ForestDryPoor
173602,Spirodela polyrhiza,ForestDryPoor
173603,Spirodela polyrhiza,ForestDryPoor
173604,Spirodela polyrhiza,ForestDryPoor
173605,Spirodela polyrhiza,ForestDryPoor
173606,Spirodela polyrhiza,ForestDryPoor
173607,Spirodela polyrhiza,ForestDryPoor
173608,Spirodela polyrhiza,ForestDryPoor
173609,Spirodela polyrhiza,ForestDryPoor
173610,Spirodela polyrhiza,ForestDryPoor
173611,Spirodela polyrhiza,ForestDryPoor
173612,Spirodela polyrhiza,ForestDryPoor
174187,Spirodela polyrhiza,ForestDryPoor
174188,Spirodela polyrhiza,ForestDryPoor
174189,Spirodela polyrhiza,ForestDryPoor
174190,Spirodela polyrhiza,ForestDryPoor
174191,Spirodela polyrhiza,ForestDryPoor
174192,Spirodela polyrhiza,ForestDryPoor
174193,Spirodela polyrhiza,ForestDryPoor
174194,Spirodela polyrhiza,ForestDryPoor
174195,Spirodela polyrhiza,ForestDryPoor
174196,Spirodela polyrhiza,ForestDryPoor
174197,Spirodela polyrhiza,ForestDryPoor
174198,Spirodela polyrhiza,ForestDryPoor
174199,Spirodela polyrhiza,ForestDryPoor
174200,Spirodela polyrhiza,ForestDryPoor
174201,Spirodela polyrhiza,ForestDryPoor
174202,Spirodela polyrhiza,ForestDryPoor
174203,Spirodela polyrhiza,ForestDryPoor
174204,Spirodela polyrhiza,ForestDryPoor
174205,Spirodela polyrhiza,ForestDryPoor
174206,Spirodela polyrhiza,ForestDryPoor
174207,Spirodela polyrhiza,ForestDryPoor
174208,Spirodela polyrhiza,ForestDryPoor
174209,Spirodela polyrhiza,ForestDryPoor
174210,Spirodela polyrhiza,ForestDryPoor
174211,Spirodela polyrhiza,ForestDryPoor
174786,Spirodela polyrhiza,ForestDryPoor
174787,Spirodela polyrhiza,ForestDryPoor
174788,Spirodela polyrhiza,ForestDryPoor
174789,Spirodela polyrhiza,ForestDryPoor
174790,Spirodela polyrhiza,ForestDryPoor
174791,Spirodela polyrhiza,ForestDryPoor
174792,Spirodela polyrhiza,ForestDryPoor
174793,Spirodela polyrhiza,ForestDryPoor
174794,Spirodela polyrhiza,ForestDryPoor
174795,Spirodela polyrhiza,ForestDryPoor
174796,Spirodela polyrhiza,ForestDryPoor
174797,Spirodela polyrhiza,ForestDryPoor
174798,Spirodela polyrhiza,ForestDryPoor
174799,Spirodela polyrhiza,ForestDryPoor
174800,Spirodela polyrhiza,ForestDryPoor
174801,Spirodela polyrhiza,ForestDryPoor
174802,Spirodela polyrhiza,ForestDryPoor
174803,Spirodela polyrhiza,ForestDryPoor
174804,Spirodela polyrhiza,ForestDryPoor
174805,Spirodela polyrhiza,ForestDryPoor
174806,Spirodela polyrhiza,ForestDryPoor
174807,Spirodela polyrhiza,ForestDryPoor
174808,Spirodela polyrhiza,ForestDryPoor
174809,Spirodela polyrhiza,ForestDryPoor
174810,Spirodela polyrhiza,ForestDryPoor
175385,Spirodela polyrhiza,ForestDryPoor
175386,Spirodela polyrhiza,ForestDryPoor
175387,Spirodela polyrhiza,ForestDryPoor
175388,Spirodela polyrhiza,ForestDryPoor
175389,Spirodela polyrhiza,ForestDryPoor
175390,Spirodela polyrhiza,ForestDryPoor
175391,Spirodela polyrhiza,ForestDryPoor
175392,Spirodela polyrhiza,ForestDryPoor
175393,Spirodela polyrhiza,ForestDryPoor
175394,Spirodela polyrhiza,ForestDryPoor
175395,Spirodela polyrhiza,ForestDryPoor
175396,Spirodela polyrhiza,ForestDryPoor
175397,Spirodela polyrhiza,ForestDryPoor
175398,Spirodela polyrhiza,ForestDryPoor
175399,Spirodela polyrhiza,ForestDryPoor
175400,Spirodela polyrhiza,ForestDryPoor
175401,Spirodela polyrhiza,ForestDryPoor
175402,Spirodela polyrhiza,ForestDryPoor
175403,Spirodela polyrhiza,ForestDryPoor
175404,Spirodela polyrhiza,ForestDryPoor
175405,Spirodela polyrhiza,ForestDryPoor
175406,Spirodela polyrhiza,ForestDryPoor
175407,Spirodela polyrhiza,ForestDryPoor
175408,Spirodela polyrhiza,ForestDryPoor
175409,Spirodela polyrhiza,ForestDryPoor
175984,Spirodela polyrhiza,ForestDryPoor
175985,Spirodela polyrhiza,ForestDryPoor
175986,Spirodela polyrhiza,ForestDryPoor
175987,Spirodela polyrhiza,ForestDryPoor
175988,Spirodela polyrhiza,ForestDryPoor
175989,Spirodela polyrhiza,ForestDryPoor
175990,Spirodela polyrhiza,ForestDryPoor
175991,Spirodela polyrhiza,ForestDryPoor
175992,Spirodela polyrhiza,ForestDryPoor
175993,Spirodela polyrhiza,ForestDryPoor
175994,Spirodela polyrhiza,ForestDryPoor
175995,Spirodela polyrhiza,ForestDryPoor
175996,Spirodela polyrhiza,ForestDryPoor
175997,Spirodela polyrhiza,ForestDryPoor
175998,Spirodela polyrhiza,ForestDryPoor
175999,Spirodela polyrhiza,ForestDryPoor
176000,Spirodela polyrhiza,ForestDryPoor
176001,Spirodela polyrhiza,ForestDryPoor
176002,Spirodela polyrhiza,ForestDryPoor
176003,Spirodela polyrhiza,ForestDryPoor
176004,Spirodela polyrhiza,ForestDryPoor
176005,Spirodela polyrhiza,ForestDryPoor
176006,Spirodela polyrhiza,ForestDryPoor
176007,Spirodela polyrhiza,ForestDryPoor
176583,Spirodela polyrhiza,ForestDryPoor
176584,Spirodela polyrhiza,ForestDryPoor
176585,Spirodela polyrhiza,ForestDryPoor
176586,Spirodela polyrhiza,ForestDryPoor
176587,Spirodela polyrhiza,ForestDryPoor
176588,Spirodela polyrhiza,ForestDryPoor
176589,Spirodela polyrhiza,ForestDryPoor
176590,Spirodela polyrhiza,ForestDryPoor
176591,Spirodela polyrhiza,ForestDryPoor
176592,Spirodela polyrhiza,ForestDryPoor
176593,Spirodela polyrhiza,ForestDryPoor
176594,Spirodela polyrhiza,ForestDryPoor
176595,Spirodela polyrhiza,ForestDryPoor
176596,Spirodela polyrhiza,ForestDryPoor
176597,Spirodela polyrhiza,ForestDryPoor
176598,Spirodela polyrhiza,ForestDryPoor
176599,Spirodela polyrhiza,ForestDryPoor
176600,Spirodela polyrhiza,ForestDryPoor
176601,Spirodela polyrhiza,ForestDryPoor
176602,Spirodela polyrhiza,ForestDryPoor
176603,Spirodela polyrhiza,ForestDryPoor
176604,Spirodela polyrhiza,ForestDryPoor
176605,Spirodela polyrhiza,ForestDryPoor
176606,Spirodela polyrhiza,ForestDryPoor
177182,Spirodela polyrhiza,ForestDryPoor
177183,Spirodela polyrhiza,ForestDryPoor
177184,Spirodela polyrhiza,ForestDryPoor
177185,Spirodela polyrhiza,ForestDryPoor
177186,Spirodela polyrhiza,ForestDryPoor
177187,Spirodela polyrhiza,ForestDryPoor
177188,Spirodela polyrhiza,ForestDryPoor
177189,Spirodela polyrhiza,ForestDryPoor
177190,Spirodela polyrhiza,ForestDryPoor
177191,Spirodela polyrhiza,ForestDryPoor
177192,Spirodela polyrhiza,ForestDryPoor
177193,Spirodela polyrhiza,ForestDryPoor
177194,Spirodela polyrhiza,ForestDryPoor
177195,Spirodela polyrhiza,ForestDryPoor
177196,Spirodela polyrhiza,ForestDryPoor
177197,Spirodela polyrhiza,ForestDryPoor
177198,Spirodela polyrhiza,ForestDryPoor
177199,Spirodela polyrhiza,ForestDryPoor
177200,Spirodela polyrhiza,ForestDryPoor
177201,Spirodela polyrhiza,ForestDryPoor
177202,Spirodela polyrhiza,ForestDryPoor
177203,Spirodela polyrhiza,ForestDryPoor
177204,Spirodela polyrhiza,ForestDryPoor
177781,Spirodela polyrhiza,ForestDryPoor
177782,Spirodela polyrhiza,ForestDryPoor
177783,Spirodela polyrhiza,ForestDryPoor
177784,Spirodela polyrhiza,ForestDryPoor
177785,Spirodela polyrhiza,ForestDryPoor
177786,Spirodela polyrhiza,ForestDryPoor
177787,Spirodela polyrhiza,ForestDryPoor
177788,Spirodela polyrhiza,ForestDryPoor
177789,Spirodela polyrhiza,ForestDryPoor
177790,Spirodela polyrhiza,ForestDryPoor
177791,Spirodela polyrhiza,ForestDryPoor
177792,Spirodela polyrhiza,ForestDryPoor
177793,Spirodela polyrhiza,ForestDryPoor
177794,Spirodela polyrhiza,ForestDryPoor
177795,Spirodela polyrhiza,ForestDryPoor
177796,Spirodela polyrhiza,ForestDryPoor
177797,Spirodela polyrhiza,ForestDryPoor
177798,Spirodela polyrhiza,ForestDryPoor
177799,Spirodela polyrhiza,ForestDryPoor
177800,Spirodela polyrhiza,ForestDryPoor
177801,Spirodela polyrhiza,ForestDryPoor
177802,Spirodela polyrhiza,ForestDryPoor
177803,Spirodela polyrhiza,ForestDryPoor
178380,Spirodela polyrhiza,ForestDryPoor
178381,Spirodela polyrhiza,ForestDryPoor
178382,Spirodela polyrhiza,ForestDryPoor
178383,Spirodela polyrhiza,ForestDryPoor
178384,Spirodela polyrhiza,ForestDryPoor
178385,Spirodela polyrhiza,ForestDryPoor
178386,Spirodela polyrhiza,ForestDryPoor
178387,Spirodela polyrhiza,ForestDryPoor
178388,Spirodela polyrhiza,ForestDryPoor
178389,Spirodela polyrhiza,ForestDryPoor
178390,Spirodela polyrhiza,ForestDryPoor
178391,Spirodela polyrhiza,ForestDryPoor
178392,Spirodela polyrhiza,ForestDryPoor
178393,Spirodela polyrhiza,ForestDryPoor
178394,Spirodela polyrhiza,ForestDryPoor
178395,Spirodela polyrhiza,ForestDryPoor
178396,Spirodela polyrhiza,ForestDryPoor
178397,Spirodela polyrhiza,ForestDryPoor
178398,Spirodela polyrhiza,ForestDryPoor
178399,Spirodela polyrhiza,ForestDryPoor
178400,Spirodela polyrhiza,ForestDryPoor
178401,Spirodela polyrhiza,ForestDryPoor
178979,Spirodela polyrhiza,ForestDryPoor
178980,Spirodela polyrhiza,ForestDryPoor
178981,Spirodela polyrhiza,ForestDryPoor
178982,Spirodela polyrhiza,ForestDryPoor
178983,Spirodela polyrhiza,ForestDryPoor
178984,Spirodela polyrhiza,ForestDryPoor
178985,Spirodela polyrhiza,ForestDryPoor
178986,Spirodela polyrhiza,ForestDryPoor
178987,Spirodela polyrhiza,ForestDryPoor
178988,Spirodela polyrhiza,ForestDryPoor
178989,Spirodela polyrhiza,ForestDryPoor
178990,Spirodela polyrhiza,ForestDryPoor
178991,Spirodela polyrhiza,ForestDryPoor
178992,Spirodela polyrhiza,ForestDryPoor
178993,Spirodela polyrhiza,ForestDryPoor
178994,Spirodela polyrhiza,ForestDryPoor
178995,Spirodela polyrhiza,ForestDryPoor
178996,Spirodela polyrhiza,ForestDryPoor
178997,Spirodela polyrhiza,ForestDryPoor
178998,Spirodela polyrhiza,ForestDryPoor
178999,Spirodela polyrhiza,ForestDryPoor
179000,Spirodela polyrhiza,ForestDryPoor
179578,Spirodela polyrhiza,ForestDryPoor
179579,Spirodela polyrhiza,ForestDryPoor
179580,Spirodela polyrhiza,ForestDryPoor
179581,Spirodela polyrhiza,ForestDryPoor
179582,Spirodela polyrhiza,ForestDryPoor
179583,Spirodela polyrhiza,ForestDryPoor
179584,Spirodela polyrhiza,ForestDryPoor
179585,Spirodela polyrhiza,ForestDryPoor
179586,Spirodela polyrhiza,ForestDryPoor
179587,Spirodela polyrhiza,ForestDryPoor
179588,Spirodela polyrhiza,ForestDryPoor
179589,Spirodela polyrhiza,ForestDryPoor
179590,Spirodela polyrhiza,ForestDryPoor
179591,Spirodela polyrhiza,ForestDryPoor
179592,Spirodela polyrhiza,ForestDryPoor
179593,Spirodela polyrhiza,ForestDryPoor
179594,Spirodela polyrhiza,ForestDryPoor
179595,Spirodela polyrhiza,ForestDryPoor
179596,Spirodela polyrhiza,ForestDryPoor
179597,Spirodela polyrhiza,ForestDryPoor
179598,Spirodela polyrhiza,ForestDryPoor
180177,Spirodela polyrhiza,ForestDryPoor
180178,Spirodela polyrhiza,ForestDryPoor
180179,Spirodela polyrhiza,ForestDryPoor
180180,Spirodela polyrhiza,ForestDryPoor
180181,Spirodela polyrhiza,ForestDryPoor
180182,Spirodela polyrhiza,ForestDryPoor
180183,Spirodela polyrhiza,ForestDryPoor
180184,Spirodela polyrhiza,ForestDryPoor
180185,Spirodela polyrhiza,ForestDryPoor
180186,Spirodela polyrhiza,ForestDryPoor
180187,Spirodela polyrhiza,ForestDryPoor
180188,Spirodela polyrhiza,ForestDryPoor
180189,Spirodela polyrhiza,ForestDryPoor
180190,Spirodela polyrhiza,ForestDryPoor
180191,Spirodela polyrhiza,ForestDryPoor
180192,Spirodela polyrhiza,ForestDryPoor
180193,Spirodela polyrhiza,ForestDryPoor
180194,Spirodela polyrhiza,ForestDryPoor
180195,Spirodela polyrhiza,ForestDryPoor
180196,Spirodela polyrhiza,ForestDryPoor
180197,Spirodela polyrhiza,ForestDryPoor
180776,Spirodela polyrhiza,ForestDryPoor
180777,Spirodela polyrhiza,ForestDryPoor
180778,Spirodela polyrhiza,ForestDryPoor
180779,Spirodela polyrhiza,ForestDryPoor
180780,Spirodela polyrhiza,ForestDryPoor
180781,Spirodela polyrhiza,ForestDryPoor
180782,Spirodela polyrhiza,ForestDryPoor
180783,Spirodela polyrhiza,ForestDryPoor
180784,Spirodela polyrhiza,ForestDryPoor
180785,Spirodela polyrhiza,ForestDryPoor
180786,Spirodela polyrhiza,ForestDryPoor
180787,Spirodela polyrhiza,ForestDryPoor
180788,Spirodela polyrhiza,ForestDryPoor
180789,Spirodela polyrhiza,ForestDryPoor
180790,Spirodela polyrhiza,ForestDryPoor
180791,Spirodela polyrhiza,ForestDryPoor
180792,Spirodela polyrhiza,ForestDryPoor
180793,Spirodela polyrhiza,ForestDryPoor
180794,Spirodela polyrhiza,ForestDryPoor
180795,Spirodela polyrhiza,ForestDryPoor
181375,Spirodela polyrhiza,ForestDryPoor
181376,Spirodela polyrhiza,ForestDryPoor
181377,Spirodela polyrhiza,ForestDryPoor
181378,Spirodela polyrhiza,ForestDryPoor
181379,Spirodela polyrhiza,ForestDryPoor
181380,Spirodela polyrhiza,ForestDryPoor
181381,Spirodela polyrhiza,ForestDryPoor
181382,Spirodela polyrhiza,ForestDryPoor
181383,Spirodela polyrhiza,ForestDryPoor
181384,Spirodela polyrhiza,ForestDryPoor
181385,Spirodela polyrhiza,ForestDryPoor
181386,Spirodela polyrhiza,ForestDryPoor
181387,Spirodela polyrhiza,ForestDryPoor
181388,Spirodela polyrhiza,ForestDryPoor
181389,Spirodela polyrhiza,ForestDryPoor
181390,Spirodela polyrhiza,ForestDryPoor
181391,Spirodela polyrhiza,ForestDryPoor
181392,Spirodela polyrhiza,ForestDryPoor
181393,Spirodela polyrhiza,ForestDryPoor
181394,Spirodela polyrhiza,ForestDryPoor
181974,Spirodela polyrhiza,ForestDryPoor
181975,Spirodela polyrhiza,ForestDryPoor
181976,Spirodela polyrhiza,ForestDryPoor
181977,Spirodela polyrhiza,ForestDryPoor
181978,Spirodela polyrhiza,ForestDryPoor
181979,Spirodela polyrhiza,ForestDryPoor
181980,Spirodela polyrhiza,ForestDryPoor
181981,Spirodela polyrhiza,ForestDryPoor
181982,Spirodela polyrhiza,ForestDryPoor
181983,Spirodela polyrhiza,ForestDryPoor
181984,Spirodela polyrhiza,ForestDryPoor
181985,Spirodela polyrhiza,ForestDryPoor
181986,Spirodela polyrhiza,ForestDryPoor
181987,Spirodela polyrhiza,ForestDryPoor
181988,Spirodela polyrhiza,ForestDryPoor
181989,Spirodela polyrhiza,ForestDryPoor
181990,Spirodela polyrhiza,ForestDryPoor
181991,Spirodela polyrhiza,ForestDryPoor
181992,Spirodela polyrhiza,ForestDryPoor
